fy_end,fiscal_year,statcan_financial_assets,statcan_gross_debt,statcan_net_debt,pa_total_liabilities,pa_financial_assets,pa_net_debt,pa_nonfinancial_assets,pa_accumulated_deficit,pa_accumulated_deficit_pct_gdp,gdp,gdp_basis,statcan_net_debt_pct_gdp,pa_net_debt_pct_gdp
1867,1866-67,17.0,93.0,76.0,,,,,,,,,,
1868,1867-68,21.0,97.0,76.0,,,,,,,,,,
1869,1868-69,36.0,112.0,76.0,,,,,,,,,,
1870,1869-70,38.0,116.0,78.0,,,,,,,,,,
1871,1870-71,38.0,116.0,78.0,,,,,,,,,,
1872,1871-72,40.0,122.0,82.0,,,,,,,,,,
1873,1872-73,30.0,130.0,100.0,,,,,,,,,,
1874,1873-74,33.0,141.0,108.0,,,,,,,,,,
1875,1874-75,36.0,152.0,116.0,,,,,,,,,,
1876,1875-76,36.0,161.0,125.0,,,,,,,,,,
1877,1876-77,42.0,175.0,133.0,,,,,,,,,,
1878,1877-78,35.0,175.0,140.0,,,,,,,,,,
1879,1878-79,37.0,180.0,143.0,,,,,,,,,,
1880,1879-80,43.0,195.0,152.0,,,,,,,,,,
1881,1880-81,45.0,200.0,155.0,,,,,,,,,,
1882,1881-82,51.0,205.0,154.0,,,,,,,,,,
1883,1882-83,45.0,203.0,158.0,,,,,,,,,,
1884,1883-84,61.0,243.0,182.0,,,,,,,,,,
1885,1884-85,69.0,265.0,196.0,,,,,,,,,,
1886,1885-86,40.0,263.0,223.0,,,,,,,,,,
1887,1886-87,46.0,273.0,227.0,,,,,,,,,,
1888,1887-88,50.0,285.0,235.0,,,,,,,,,,
1889,1888-89,50.0,288.0,238.0,,,,,,,,,,
1890,1889-90,48.0,286.0,238.0,,,,,,,,,,
1891,1890-91,53.0,291.0,238.0,,,,,,,,,,
1892,1891-92,55.0,296.0,241.0,,,,,,,,,,
1893,1892-93,58.0,300.0,242.0,,,,,,,,,,
1894,1893-94,62.0,308.0,246.0,,,,,,,,,,
1895,1894-95,65.0,318.0,253.0,,,,,,,,,,
1896,1895-96,68.0,326.0,258.0,,,,,,,,,,
1897,1896-97,71.0,333.0,262.0,,,,,,,,,,
1898,1897-98,75.0,339.0,264.0,,,,,,,,,,
1899,1898-99,79.0,345.0,266.0,,,,,,,,,,
1900,1899-00,82.0,347.0,265.0,,,,,,,,,,
1901,1900-01,87.0,355.0,268.0,,,,,,,,,,
1902,1901-02,94.0,366.0,272.0,,,,,,,,,,
1903,1902-03,99.0,361.0,262.0,,,,,,,,,,
1904,1903-04,104.0,365.0,261.0,,,,,,,,,,
1905,1904-05,111.0,377.0,266.0,,,,,,,,,,
1906,1905-06,125.0,392.0,267.0,,,,,,,,,,
1907,1906-07,116.0,380.0,264.0,,,,,,,,,,
1908,1907-08,131.0,409.0,278.0,,,,,,,,,,
1909,1908-09,155.0,479.0,324.0,,,,,,,,,,
1910,1909-10,135.0,471.0,336.0,,,,,,,,,,
1911,1910-11,135.0,475.0,340.0,,,,,,,,,,
1912,1911-12,168.0,508.0,340.0,,,,,,,,,,
1913,1912-13,170.0,484.0,314.0,,,,,,,,,,
1914,1913-14,208.0,544.0,336.0,,,,,,,,,,
1915,1914-15,251.0,700.0,449.0,,,,,,,,,,
1916,1915-16,322.0,937.0,615.0,,,,,,,,,,
1917,1916-17,502.0,1381.0,879.0,,,,,,,,,,
1918,1917-18,671.0,1863.0,1192.0,,,,,,,,,,
1919,1918-19,1102.0,2677.0,1575.0,,,,,,,,,,
1920,1919-20,793.0,3042.0,2249.0,,,,,,,,,,
1921,1920-21,588.0,2929.0,2341.0,,,,,,,,,,
1922,1921-22,510.0,2932.0,2422.0,,,,,,,,,,
1923,1922-23,468.0,2922.0,2454.0,,,,,,,,,,
1924,1923-24,437.0,2855.0,2418.0,,,,,,,,,,
1925,1924-25,440.0,2858.0,2418.0,,,,,,,,,,
1926,1925-26,421.0,2811.0,2390.0,,,,,,,,,,
1927,1926-27,423.0,2771.0,2348.0,,,,,,,5454.920950411139,"GNP, Historical Statistics of Canada 11-516-X series F13, linked to 36-10-0104-01 at 1961 (x1.060)",43.04,
1928,1927-28,429.0,2726.0,2297.0,,,,,,,5894.8339302830045,"GNP, Historical Statistics of Canada 11-516-X series F13, linked to 36-10-0104-01 at 1961 (x1.060)",38.97,
1929,1928-29,473.0,2699.0,2226.0,,,,,,,6413.189224638047,"GNP, Historical Statistics of Canada 11-516-X series F13, linked to 36-10-0104-01 at 1961 (x1.060)",34.71,
1930,1929-30,423.0,2601.0,2178.0,,,,,,,6507.532008273218,"GNP, Historical Statistics of Canada 11-516-X series F13, linked to 36-10-0104-01 at 1961 (x1.060)",33.47,
1931,1930-31,407.0,2669.0,2262.0,,,,,,,6063.378903294153,"GNP, Historical Statistics of Canada 11-516-X series F13, linked to 36-10-0104-01 at 1961 (x1.060)",37.31,
1932,1931-32,518.0,2894.0,2376.0,,,,,,,4974.7267820208845,"GNP, Historical Statistics of Canada 11-516-X series F13, linked to 36-10-0104-01 at 1961 (x1.060)",47.76,
1933,1932-33,466.0,3062.0,2596.0,,,,,,,4042.9592897139687,"GNP, Historical Statistics of Canada 11-516-X series F13, linked to 36-10-0104-01 at 1961 (x1.060)",64.21,
1934,1933-34,480.0,3210.0,2730.0,,,,,,,3701.6292185844727,"GNP, Historical Statistics of Canada 11-516-X series F13, linked to 36-10-0104-01 at 1961 (x1.060)",73.75,
1935,1934-35,677.0,3523.0,2846.0,,,,,,,4207.264137617918,"GNP, Historical Statistics of Canada 11-516-X series F13, linked to 36-10-0104-01 at 1961 (x1.060)",67.64,
1936,1935-36,484.0,3490.0,3006.0,,,,,,,4559.194521515411,"GNP, Historical Statistics of Canada 11-516-X series F13, linked to 36-10-0104-01 at 1961 (x1.060)",65.93,
1937,1936-37,520.0,3604.0,3084.0,,,,,,,4912.184936689704,"GNP, Historical Statistics of Canada 11-516-X series F13, linked to 36-10-0104-01 at 1961 (x1.060)",62.78,
1938,1937-38,504.0,3606.0,3102.0,,,,,,,5555.623921707108,"GNP, Historical Statistics of Canada 11-516-X series F13, linked to 36-10-0104-01 at 1961 (x1.060)",55.84,
1939,1938-39,533.0,3686.0,3153.0,,,,,,,5588.484891287898,"GNP, Historical Statistics of Canada 11-516-X series F13, linked to 36-10-0104-01 at 1961 (x1.060)",56.42,
1940,1939-40,758.0,4029.0,3271.0,,,,,,,5958.435806890985,"GNP, Historical Statistics of Canada 11-516-X series F13, linked to 36-10-0104-01 at 1961 (x1.060)",54.9,
1941,1940-41,1359.0,5008.0,3649.0,,,,,,,7115.989961156232,"GNP, Historical Statistics of Canada 11-516-X series F13, linked to 36-10-0104-01 at 1961 (x1.060)",51.28,
1942,1941-42,2585.0,6630.0,4045.0,,,,,,,8779.179034454926,"GNP, Historical Statistics of Canada 11-516-X series F13, linked to 36-10-0104-01 at 1961 (x1.060)",46.07,
1943,1942-43,2632.0,8815.0,6183.0,,,,,,,10881.221056348686,"GNP, Historical Statistics of Canada 11-516-X series F13, linked to 36-10-0104-01 at 1961 (x1.060)",56.82,
1944,1943-44,3063.0,11803.0,8740.0,,,,,,,11716.525702466832,"GNP, Historical Statistics of Canada 11-516-X series F13, linked to 36-10-0104-01 at 1961 (x1.060)",74.6,
1945,1944-45,3615.0,14913.0,11298.0,,,,,,,12559.250567522575,"GNP, Historical Statistics of Canada 11-516-X series F13, linked to 36-10-0104-01 at 1961 (x1.060)",89.96,
1946,1945-46,4472.0,17893.0,13421.0,,,,,,,12575.15103667457,"GNP, Historical Statistics of Canada 11-516-X series F13, linked to 36-10-0104-01 at 1961 (x1.060)",106.73,
1947,1946-47,4647.0,17695.0,13048.0,,,,,,,12598.471724764162,"GNP, Historical Statistics of Canada 11-516-X series F13, linked to 36-10-0104-01 at 1961 (x1.060)",103.57,
1948,1947-48,4818.0,17190.0,12372.0,,,,,,,14281.80139232205,"GNP, Historical Statistics of Canada 11-516-X series F13, linked to 36-10-0104-01 at 1961 (x1.060)",86.63,
1949,1948-49,5161.0,16937.0,11776.0,,,,,,,16440.025071886193,"GNP, Historical Statistics of Canada 11-516-X series F13, linked to 36-10-0104-01 at 1961 (x1.060)",71.63,
1950,1949-50,5100.0,16726.0,11626.0,,,,,,,17808.525450234574,"GNP, Historical Statistics of Canada 11-516-X series F13, linked to 36-10-0104-01 at 1961 (x1.060)",65.28,
1951,1950-51,5291.0,16718.0,11427.0,,,,,,,19601.03833930283,"GNP, Historical Statistics of Canada 11-516-X series F13, linked to 36-10-0104-01 at 1961 (x1.060)",58.3,
1952,1951-52,5656.0,16819.0,11163.0,,,,,,,22939.076829945014,"GNP, Historical Statistics of Canada 11-516-X series F13, linked to 36-10-0104-01 at 1961 (x1.060)",48.66,
1953,1952-53,6206.0,17357.0,11151.0,,,,,,,26064.04903395046,"GNP, Historical Statistics of Canada 11-516-X series F13, linked to 36-10-0104-01 at 1961 (x1.060)",42.78,
1954,1953-54,6466.0,17558.0,11092.0,,,,,,,27383.78797356606,"GNP, Historical Statistics of Canada 11-516-X series F13, linked to 36-10-0104-01 at 1961 (x1.060)",40.51,
1955,1954-55,6332.0,17561.0,11229.0,,,,,,,27473.890632094033,"GNP, Historical Statistics of Canada 11-516-X series F13, linked to 36-10-0104-01 at 1961 (x1.060)",40.87,
1956,1955-56,7457.0,18698.0,11241.0,,,,,,,30240.572264541188,"GNP, Historical Statistics of Canada 11-516-X series F13, linked to 36-10-0104-01 at 1961 (x1.060)",37.17,
1957,1956-57,6995.0,17962.0,10967.0,,,,,,,33982.48267164405,"GNP, Historical Statistics of Canada 11-516-X series F13, linked to 36-10-0104-01 at 1961 (x1.060)",32.27,
1958,1957-58,7015.0,18030.0,11015.0,,,,,,,35524.82817938758,"GNP, Historical Statistics of Canada 11-516-X series F13, linked to 36-10-0104-01 at 1961 (x1.060)",31.01,
1959,1958-59,8081.0,19708.0,11627.0,,,,,,,36864.707713262374,"GNP, Historical Statistics of Canada 11-516-X series F13, linked to 36-10-0104-01 at 1961 (x1.060)",31.54,
1960,1959-60,8352.0,20399.0,12047.0,,,,,,,39057.9124249609,"GNP, Historical Statistics of Canada 11-516-X series F13, linked to 36-10-0104-01 at 1961 (x1.060)",30.84,
1961,1960-61,8470.0,20864.0,12394.0,,,,,,,40661.739746758816,"GNP, Historical Statistics of Canada 11-516-X series F13, linked to 36-10-0104-01 at 1961 (x1.060)",30.48,
1962,1961-62,9397.0,22775.0,13378.0,,,,,,,42026.0,"GDP, Statistics Canada 36-10-0104-01",31.83,
1963,1962-63,10415.0,24494.0,14079.0,,,,,,,45739.0,"GDP, Statistics Canada 36-10-0104-01",30.78,
1964,1963-64,10950.0,26212.0,15262.0,,,,,,,49213.0,"GDP, Statistics Canada 36-10-0104-01",31.01,
1965,1964-65,11090.0,26838.0,15748.0,,,,,,,53975.0,"GDP, Statistics Canada 36-10-0104-01",29.18,
1966,1965-66,12357.0,27738.0,15381.0,,,,,,,59551.0,"GDP, Statistics Canada 36-10-0104-01",25.83,
1967,1966-67,13978.0,29844.0,15866.0,28738.0,11030.0,,,17708.0,26.5,66705.0,"GDP, Statistics Canada 36-10-0104-01",23.79,
1968,1967-68,15295.0,32008.0,16713.0,31038.0,12288.0,,,18750.0,26.1,71812.0,"GDP, Statistics Canada 36-10-0104-01",23.27,
1969,1968-69,16959.0,34355.0,17396.0,33249.0,13832.0,,,19417.0,24.7,78474.0,"GDP, Statistics Canada 36-10-0104-01",22.17,
1970,1969-70,17725.0,35820.0,18095.0,34589.0,15312.0,,,19277.0,22.3,86430.0,"GDP, Statistics Canada 36-10-0104-01",20.94,
1971,1970-71,21349.0,39930.0,18581.0,38931.0,18638.0,,,20293.0,21.8,93153.0,"GDP, Statistics Canada 36-10-0104-01",19.95,
1972,1971-72,24434.0,43762.0,19328.0,43353.0,21274.0,,,22079.0,21.7,101665.0,"GDP, Statistics Canada 36-10-0104-01",19.01,
1973,1972-73,26088.0,46211.0,20123.0,47253.0,23273.0,,,23980.0,21.1,113521.0,"GDP, Statistics Canada 36-10-0104-01",17.73,
1974,1973-74,27477.0,49057.0,21580.0,50018.0,23827.0,,,26191.0,19.7,132966.0,"GDP, Statistics Canada 36-10-0104-01",16.23,
1975,1974-75,30356.0,55125.0,24769.0,55586.0,27170.0,,,28416.0,18.0,158176.0,"GDP, Statistics Canada 36-10-0104-01",15.66,
1976,1975-76,33355.0,61928.0,28573.0,62328.0,27708.0,,,34620.0,19.5,177928.0,"GDP, Statistics Canada 36-10-0104-01",16.06,
1977,1976-77,34106.0,69735.0,32629.0,70265.0,28748.0,,,41517.0,20.2,205986.0,"GDP, Statistics Canada 36-10-0104-01",15.84,
1978,1977-78,36509.0,82355.0,45846.0,82926.0,30530.0,,,52396.0,23.0,227601.0,"GDP, Statistics Canada 36-10-0104-01",20.14,
1979,1978-79,41452.0,100492.0,59040.0,101538.0,36113.0,,,65425.0,26.0,252075.0,"GDP, Statistics Canada 36-10-0104-01",23.42,
1980,1979-80,38056.0,110611.0,72555.0,109643.0,32251.0,,,77392.0,26.9,287608.0,"GDP, Statistics Canada 36-10-0104-01",25.23,
1981,1980-81,41385.0,127665.0,86280.0,127029.0,35081.0,,,91948.0,28.5,322782.0,"GDP, Statistics Canada 36-10-0104-01",26.73,
1982,1981-82,44905.0,144505.0,99600.0,144978.0,37356.0,,,107622.0,29.2,368358.0,"GDP, Statistics Canada 36-10-0104-01",27.04,
1983,1982-83,44789.0,173091.0,128302.0,174217.0,37546.0,,,136671.0,35.2,388181.0,"GDP, Statistics Canada 36-10-0104-01",33.05,
1984,1983-84,44772.0,209304.0,164532.0,249276.0,77420.0,171856.0,14604.0,157252.0,37.3,421316.0,"GDP, Statistics Canada 36-10-0104-01",39.05,40.79
1985,1984-85,40624.0,250515.0,209891.0,288813.0,76143.0,212670.0,18251.0,194419.0,42.1,461986.0,"GDP, Statistics Canada 36-10-0104-01",45.43,46.03
1986,1985-86,38886.0,284037.0,245151.0,324520.0,75276.0,249244.0,21436.0,227808.0,45.6,500027.0,"GDP, Statistics Canada 36-10-0104-01",49.03,49.85
1987,1986-87,41542.0,318277.0,276735.0,360596.0,78764.0,281832.0,24182.0,257650.0,48.9,526630.0,"GDP, Statistics Canada 36-10-0104-01",52.55,53.52
1988,1987-88,44456.0,349894.0,305438.0,393826.0,80851.0,312975.0,26308.0,286667.0,49.9,574336.0,"GDP, Statistics Canada 36-10-0104-01",53.18,54.49
1989,1988-89,46474.0,379993.0,333519.0,426634.0,83065.0,343569.0,28955.0,314614.0,50.2,626894.0,"GDP, Statistics Canada 36-10-0104-01",53.2,54.8
1990,1989-90,43686.0,406606.0,362920.0,454341.0,79584.0,374757.0,31000.0,343757.0,51.2,671579.0,"GDP, Statistics Canada 36-10-0104-01",54.04,55.8
1991,1990-91,49482.0,444557.0,395075.0,492725.0,81645.0,411080.0,33424.0,377656.0,54.3,695501.0,"GDP, Statistics Canada 36-10-0104-01",56.8,59.11
1992,1991-92,47422.0,476104.0,428682.0,529648.0,83919.0,445729.0,35754.0,409975.0,58.4,701773.0,"GDP, Statistics Canada 36-10-0104-01",61.09,63.51
1993,1992-93,43296.0,514357.0,471061.0,570871.0,83654.0,487217.0,38223.0,448994.0,62.5,718436.0,"GDP, Statistics Canada 36-10-0104-01",65.57,67.82
1994,1993-94,44385.0,557604.0,513219.0,615927.0,88001.0,527926.0,40402.0,487524.0,65.3,747037.0,"GDP, Statistics Canada 36-10-0104-01",68.7,70.67
1995,1994-95,45192.0,595877.0,550685.0,658172.0,90678.0,567494.0,43338.0,524156.0,66.2,791972.0,"GDP, Statistics Canada 36-10-0104-01",69.53,71.66
1996,1995-96,56221.0,634939.0,578718.0,699697.0,101089.0,598608.0,44446.0,554162.0,66.6,831621.0,"GDP, Statistics Canada 36-10-0104-01",69.59,71.98
1997,1996-97,62722.0,651124.0,588402.0,717611.0,108615.0,608996.0,46115.0,562881.0,65.5,859834.0,"GDP, Statistics Canada 36-10-0104-01",68.43,70.83
1998,1997-98,64144.0,645725.0,581581.0,718225.0,111068.0,607157.0,47235.0,559922.0,61.7,906926.0,"GDP, Statistics Canada 36-10-0104-01",64.13,66.95
1999,1998-99,73921.0,648389.0,574468.0,722470.0,119604.0,602866.0,48723.0,554143.0,58.9,940548.0,"GDP, Statistics Canada 36-10-0104-01",61.08,64.1
2000,1999-00,86479.0,648212.0,561733.0,723843.0,133727.0,590116.0,50231.0,539885.0,53.6,1007927.0,"GDP, Statistics Canada 36-10-0104-01",55.73,58.55
2001,2000-01,99600.0,644900.0,545300.0,724385.0,152648.0,571737.0,51743.0,519994.0,47.0,1106071.0,"GDP, Statistics Canada 36-10-0104-01",49.3,51.69
2002,2001-02,105836.0,640526.0,534690.0,712865.0,147553.0,565312.0,53366.0,511946.0,44.7,1144543.0,"GDP, Statistics Canada 36-10-0104-01",46.72,49.39
2003,2002-03,103146.0,629638.0,526492.0,708233.0,148663.0,559570.0,54245.0,505325.0,42.3,1193694.0,"GDP, Statistics Canada 36-10-0104-01",44.11,46.88
2004,2003-04,105182.0,628830.0,523648.0,710519.0,159517.0,551002.0,54822.0,496180.0,39.5,1254747.0,"GDP, Statistics Canada 36-10-0104-01",41.73,43.91
2005,2004-05,102873.0,626217.0,523344.0,716588.0,167001.0,549587.0,54870.0,494717.0,37.0,1335731.0,"GDP, Statistics Canada 36-10-0104-01",39.18,41.15
2006,2005-06,105602.0,619701.0,514099.0,715784.0,178838.0,536946.0,55447.0,481499.0,33.9,1421590.0,"GDP, Statistics Canada 36-10-0104-01",36.16,37.77
2007,2006-07,110643.0,618765.0,508122.0,719819.0,195914.0,523905.0,56637.0,467268.0,31.2,1496604.0,"GDP, Statistics Canada 36-10-0104-01",33.95,35.01
2008,2007-08,103978.0,594390.0,490412.0,707310.0,191029.0,516281.0,58644.0,457637.0,29.0,1577661.0,"GDP, Statistics Canada 36-10-0104-01",31.08,32.72
2009,2008-09,,,,840594.0,311145.0,529449.0,61503.0,467946.0,28.2,1657041.0,"GDP, Statistics Canada 36-10-0104-01",,31.95
2010,2009-10,,,,909078.0,321600.0,587478.0,63375.0,524103.0,33.4,1571334.0,"GDP, Statistics Canada 36-10-0104-01",,37.39
2011,2010-11,,,,948450.0,324955.0,623495.0,66581.0,556914.0,33.4,1666048.0,"GDP, Statistics Canada 36-10-0104-01",,37.42
2012,2011-12,,,,997351.0,337475.0,659876.0,67959.0,591917.0,33.4,1774063.0,"GDP, Statistics Canada 36-10-0104-01",,37.2
2013,2012-13,,,,1045863.0,356331.0,689532.0,68922.0,620610.0,34.0,1827201.0,"GDP, Statistics Canada 36-10-0104-01",,37.74
2014,2013-14,,,,1033311.0,336878.0,696433.0,70433.0,626000.0,32.9,1902247.0,"GDP, Statistics Canada 36-10-0104-01",,36.61
2015,2014-15,,,,1057799.0,357086.0,700713.0,71803.0,628910.0,31.5,1994898.0,"GDP, Statistics Canada 36-10-0104-01",,35.13
2016,2015-16,,,,1104353.0,395744.0,708609.0,74169.0,634440.0,31.9,1990441.0,"GDP, Statistics Canada 36-10-0104-01",,35.6
2017,2016-17,,,,1141824.0,412570.0,729254.0,77714.0,651540.0,32.2,2025535.0,"GDP, Statistics Canada 36-10-0104-01",,36.0
2018,2017-18,,,,1181270.0,428383.0,752887.0,81633.0,671254.0,31.4,2140641.0,"GDP, Statistics Canada 36-10-0104-01",,35.17
2019,2018-19,,,,1214730.0,442606.0,772124.0,86674.0,685450.0,30.7,2235675.0,"GDP, Statistics Canada 36-10-0104-01",,34.54
2020,2019-20,,,,1278079.0,465188.0,812891.0,91531.0,721360.0,31.2,2313563.0,"GDP, Statistics Canada 36-10-0104-01",,35.14
2021,2020-21,,,,1680105.0,530280.0,1149825.0,101079.0,1048746.0,47.2,2220527.0,"GDP, Statistics Canada 36-10-0104-01",,51.78
2022,2021-22,,,,1892287.0,647543.0,1244744.0,104769.0,1139975.0,45.0,2535818.0,"GDP, Statistics Canada 36-10-0104-01",,49.09
2023,2022-23,,,,1925033.0,642276.0,1282757.0,109744.0,1173013.0,41.1,2864159.0,"GDP, Statistics Canada 36-10-0104-01",,44.79
2024,2023-24,,,,2057782.0,705028.0,1352754.0,116603.0,1236151.0,42.1,2965201.0,"GDP, Statistics Canada 36-10-0104-01",,45.62
2025,2024-25,,,,2182336.0,788750.0,1393586.0,127102.0,1266484.0,41.2,3108551.0,"GDP, Statistics Canada 36-10-0104-01",,44.83
