country_code,country_name,year,personnel,population,per_1000
AUS,Australia,1920,6000,,
AUS,Australia,1921,6000,,
AUS,Australia,1922,6000,,
AUS,Australia,1923,7000,,
AUS,Australia,1924,7000,,
AUS,Australia,1925,7000,,
AUS,Australia,1926,8000,,
AUS,Australia,1927,8000,,
AUS,Australia,1928,8000,,
AUS,Australia,1929,7000,,
AUS,Australia,1930,7000,,
AUS,Australia,1931,6000,,
AUS,Australia,1932,6000,,
AUS,Australia,1933,6000,,
AUS,Australia,1934,8000,,
AUS,Australia,1935,8000,,
AUS,Australia,1936,8000,,
AUS,Australia,1937,8000,,
AUS,Australia,1938,8000,,
AUS,Australia,1939,8000,,
AUS,Australia,1940,82000,,
AUS,Australia,1941,400000,,
AUS,Australia,1943,680000,,
AUS,Australia,1944,680000,,
AUS,Australia,1945,596000,,
AUS,Australia,1946,103000,,
AUS,Australia,1947,82000,,
AUS,Australia,1948,61000,,
AUS,Australia,1949,41000,,
AUS,Australia,1950,38000,,
AUS,Australia,1951,33000,,
AUS,Australia,1952,32000,,
AUS,Australia,1953,57000,,
AUS,Australia,1954,54000,,
AUS,Australia,1955,52000,,
AUS,Australia,1956,52000,,
AUS,Australia,1957,48000,,
AUS,Australia,1958,46000,,
AUS,Australia,1959,48000,,
AUS,Australia,1960,47000,10276477.0,4.573551811579008
AUS,Australia,1961,46000,10483000.0,4.388056853954021
AUS,Australia,1962,49000,10742000.0,4.56153416495997
AUS,Australia,1963,49000,10950000.0,4.474885844748858
AUS,Australia,1964,53000,11167000.0,4.7461269812841405
AUS,Australia,1965,53000,11388000.0,4.654021777309449
AUS,Australia,1966,59000,11651000.0,5.063943009183761
AUS,Australia,1967,72000,11799000.0,6.102212051868802
AUS,Australia,1968,80000,12009000.0,6.661670413856275
AUS,Australia,1969,82000,12263000.0,6.686781374867488
AUS,Australia,1970,86000,12507000.0,6.876149356360439
AUS,Australia,1971,86000,12937000.0,6.647599907242792
AUS,Australia,1972,86000,13177000.0,6.526523487895576
AUS,Australia,1973,71000,13380000.0,5.306427503736921
AUS,Australia,1974,68000,13723000.0,4.955184726371784
AUS,Australia,1975,70000,13893000.0,5.0385086014539695
AUS,Australia,1976,71000,14033000.0,5.0595026010119
AUS,Australia,1977,70000,14192000.0,4.932356257046224
AUS,Australia,1978,70000,14358000.0,4.875330826020337
AUS,Australia,1979,70000,14514000.0,4.822929585228056
AUS,Australia,1980,71000,14692000.0,4.832561938469915
AUS,Australia,1981,72000,14923260.0,4.824683078630272
AUS,Australia,1982,73000,15184247.0,4.807614101640997
AUS,Australia,1983,73000,15393472.0,4.742269970023656
AUS,Australia,1984,71000,15579391.0,4.557302657080755
AUS,Australia,1985,70000,15788312.0,4.4336595324440005
AUS,Australia,1986,71000,16018350.0,4.432416572243708
AUS,Australia,1987,70000,16263874.0,4.304017603677943
AUS,Australia,1988,71000,16532164.0,4.2946585819013166
AUS,Australia,1989,70000,16814416.0,4.163094335241854
AUS,Australia,1990,68000,17065128.0,3.984734248697109
AUS,Australia,1991,68000,17284036.0,3.9342662790102962
AUS,Australia,1992,68000,17478635.0,3.890463986461185
AUS,Australia,1993,68000,17634808.0,3.8560102270464185
AUS,Australia,1994,65000,17805468.0,3.6505639728200348
AUS,Australia,1995,65000,18004882.0,3.6101319630975643
AUS,Australia,1996,65000,18224767.0,3.56657508982145
AUS,Australia,1997,65000,18423037.0,3.528191361717398
AUS,Australia,1998,65000,18607584.0,3.4931993320572947
AUS,Australia,1999,55000,18812264.0,2.923624716302089
AUS,Australia,2000,51000,19028802.0,2.6801477045165534
AUS,Australia,2001,51000,19274701.0,2.645955441799071
AUS,Australia,2002,51000,19495210.0,2.616027218993794
AUS,Australia,2003,54000,19720737.0,2.7382343773460396
AUS,Australia,2004,53000,19932722.0,2.6589444231450177
AUS,Australia,2005,53000,20176844.0,2.6267735429782775
AUS,Australia,2006,53000,20450966.0,2.5915646234021414
AUS,Australia,2007,52000,20827622.0,2.4966844510621518
AUS,Australia,2008,51000,21249199.0,2.400090469292513
AUS,Australia,2009,55000,21691653.0,2.5355375175879864
AUS,Australia,2010,55000,22031750.0,2.4963972448852223
AUS,Australia,2011,57000,22340024.0,2.5514744299289918
AUS,Australia,2012,57000,22733465.0,2.507316856449292
AUS,Australia,2013,57000,23128129.0,2.4645313937845987
AUS,Australia,2014,56000,23475686.0,2.385446798019023
AUS,Australia,2015,57000,23815995.0,2.3933495115362593
AUS,Australia,2016,57000,24190907.0,2.3562572498831895
AUS,Australia,2017,58000,24592588.0,2.3584341753702374
AUS,Australia,2018,58000,24963258.0,2.323414676081143
AUS,Australia,2019,58000,25334826.0,2.2893387939589562
AUS,Australia,2020,57000,25649248.0,2.222287374662992
AUS,Australia,2021,60000,25685412.0,2.3359563007982898
AUS,Australia,2022,60000,26018721.0,2.3060318760480194
CAN,Canada,1920,4000,,
CAN,Canada,1921,4000,,
CAN,Canada,1922,4000,,
CAN,Canada,1923,4000,,
CAN,Canada,1924,4000,,
CAN,Canada,1925,4000,,
CAN,Canada,1926,4000,,
CAN,Canada,1927,4000,,
CAN,Canada,1928,5000,,
CAN,Canada,1929,4000,,
CAN,Canada,1930,5000,,
CAN,Canada,1931,6000,,
CAN,Canada,1932,5000,,
CAN,Canada,1933,5000,,
CAN,Canada,1934,5000,,
CAN,Canada,1935,4000,,
CAN,Canada,1936,6000,,
CAN,Canada,1937,6000,,
CAN,Canada,1938,6000,,
CAN,Canada,1939,6000,,
CAN,Canada,1940,21000,,
CAN,Canada,1941,280000,,
CAN,Canada,1942,400000,,
CAN,Canada,1943,740000,,
CAN,Canada,1944,728000,,
CAN,Canada,1945,801000,,
CAN,Canada,1946,46000,,
CAN,Canada,1947,43000,,
CAN,Canada,1948,40000,,
CAN,Canada,1949,47000,,
CAN,Canada,1950,45000,,
CAN,Canada,1951,62000,,
CAN,Canada,1952,102000,,
CAN,Canada,1953,104000,,
CAN,Canada,1954,108000,,
CAN,Canada,1955,112000,,
CAN,Canada,1956,116000,,
CAN,Canada,1957,121000,,
CAN,Canada,1958,119000,,
CAN,Canada,1959,120000,,
CAN,Canada,1960,121000,17909356.0,6.756245171518172
CAN,Canada,1961,124000,18271000.0,6.786711181653987
CAN,Canada,1962,124000,18614000.0,6.6616525196088965
CAN,Canada,1963,120000,18964000.0,6.327778949588694
CAN,Canada,1964,120000,19325000.0,6.2095730918499354
CAN,Canada,1965,120000,19678000.0,6.098180709421689
CAN,Canada,1966,110000,20048000.0,5.48683160415004
CAN,Canada,1967,105000,20412000.0,5.1440329218107
CAN,Canada,1968,105000,20744000.0,5.061704589278827
CAN,Canada,1969,100000,21028000.0,4.7555640098915735
CAN,Canada,1970,95000,21324000.0,4.455074094916526
CAN,Canada,1971,85000,21962032.0,3.870315825056625
CAN,Canada,1972,90000,22218463.0,4.050685234167638
CAN,Canada,1973,82000,22491777.0,3.6457768543588176
CAN,Canada,1974,82000,22807969.0,3.5952346304925262
CAN,Canada,1975,78000,23143275.0,3.3703095175596367
CAN,Canada,1976,78000,23449808.0,3.3262532469349004
CAN,Canada,1977,78000,23725843.0,3.287554419035817
CAN,Canada,1978,79000,23963203.0,3.2967212271247712
CAN,Canada,1979,79000,24201544.0,3.264254545081917
CAN,Canada,1980,82000,24515667.0,3.3447998783798134
CAN,Canada,1981,81000,24819915.0,3.263508356092275
CAN,Canada,1982,81000,25116942.0,3.2249148801633574
CAN,Canada,1983,81000,25366451.0,3.193194034120106
CAN,Canada,1984,82000,25607053.0,3.2022427571028964
CAN,Canada,1985,83000,25842116.0,3.2118112928523344
CAN,Canada,1986,85000,26100278.0,3.2566702929371094
CAN,Canada,1987,86000,26446601.0,3.251835651772415
CAN,Canada,1988,88000,26791747.0,3.2845935727894116
CAN,Canada,1989,88000,27276781.0,3.2261871369645854
CAN,Canada,1990,87000,27691138.0,3.1417993727812847
CAN,Canada,1991,86000,28037420.0,3.067329304907513
CAN,Canada,1992,82000,28371264.0,2.8902483865364617
CAN,Canada,1993,76000,28684764.0,2.6494901613971793
CAN,Canada,1994,75000,29000663.0,2.586147771863009
CAN,Canada,1995,70000,29302311.0,2.3888900776460944
CAN,Canada,1996,66000,29610218.0,2.2289602866145737
CAN,Canada,1997,61000,29905948.0,2.039728016647391
CAN,Canada,1998,60000,30155173.0,1.9897083661234507
CAN,Canada,1999,60000,30401286.0,1.9736007220220881
CAN,Canada,2000,59000,30685730.0,1.922717823561636
CAN,Canada,2001,57000,31020855.0,1.8374735319190914
CAN,Canada,2002,52000,31359199.0,1.658205619346336
CAN,Canada,2003,52000,31642461.0,1.6433614313374678
CAN,Canada,2004,57000,31938807.0,1.7846627771663481
CAN,Canada,2005,62000,32242732.0,1.9229139763962928
CAN,Canada,2006,62000,32571193.0,1.9035225390731005
CAN,Canada,2007,63000,32888886.0,1.9155407087974947
CAN,Canada,2008,64000,33247298.0,1.9249684590910214
CAN,Canada,2009,64000,33630069.0,1.9030588370187405
CAN,Canada,2010,66000,34005902.0,1.9408395636733884
CAN,Canada,2011,66000,34339221.0,1.9220005019915856
CAN,Canada,2012,66000,34713395.0,1.901283351858843
CAN,Canada,2013,66000,35080992.0,1.881360709526116
CAN,Canada,2014,66000,35434066.0,1.8626143553494539
CAN,Canada,2015,66000,35704498.0,1.848506594323214
CAN,Canada,2016,66000,36110803.0,1.8277079022585014
CAN,Canada,2017,63000,36545075.0,1.723898500687165
CAN,Canada,2018,63000,37072620.0,1.6993673498123412
CAN,Canada,2019,67000,37618495.0,1.7810388214626873
CAN,Canada,2020,67000,38028638.0,1.7618301239187162
CAN,Canada,2021,67000,38239864.0,1.752098281521085
CAN,Canada,2022,67000,38950132.0,1.7201482141318545
CHE,Switzerland,1816,0,,
CHE,Switzerland,1817,0,,
CHE,Switzerland,1818,0,,
CHE,Switzerland,1819,0,,
CHE,Switzerland,1820,0,,
CHE,Switzerland,1821,0,,
CHE,Switzerland,1822,0,,
CHE,Switzerland,1823,0,,
CHE,Switzerland,1824,0,,
CHE,Switzerland,1825,0,,
CHE,Switzerland,1826,0,,
CHE,Switzerland,1827,0,,
CHE,Switzerland,1828,0,,
CHE,Switzerland,1829,0,,
CHE,Switzerland,1830,0,,
CHE,Switzerland,1831,0,,
CHE,Switzerland,1832,0,,
CHE,Switzerland,1833,0,,
CHE,Switzerland,1834,0,,
CHE,Switzerland,1835,0,,
CHE,Switzerland,1836,0,,
CHE,Switzerland,1837,0,,
CHE,Switzerland,1838,0,,
CHE,Switzerland,1839,0,,
CHE,Switzerland,1840,0,,
CHE,Switzerland,1841,0,,
CHE,Switzerland,1842,0,,
CHE,Switzerland,1843,0,,
CHE,Switzerland,1844,0,,
CHE,Switzerland,1845,0,,
CHE,Switzerland,1846,0,,
CHE,Switzerland,1847,0,,
CHE,Switzerland,1848,0,,
CHE,Switzerland,1849,0,,
CHE,Switzerland,1850,0,,
CHE,Switzerland,1851,0,,
CHE,Switzerland,1852,0,,
CHE,Switzerland,1853,0,,
CHE,Switzerland,1854,0,,
CHE,Switzerland,1855,0,,
CHE,Switzerland,1856,0,,
CHE,Switzerland,1857,30000,,
CHE,Switzerland,1858,0,,
CHE,Switzerland,1859,0,,
CHE,Switzerland,1860,0,,
CHE,Switzerland,1861,0,,
CHE,Switzerland,1862,0,,
CHE,Switzerland,1863,0,,
CHE,Switzerland,1864,0,,
CHE,Switzerland,1865,0,,
CHE,Switzerland,1866,0,,
CHE,Switzerland,1867,0,,
CHE,Switzerland,1868,0,,
CHE,Switzerland,1869,0,,
CHE,Switzerland,1870,0,,
CHE,Switzerland,1871,0,,
CHE,Switzerland,1872,0,,
CHE,Switzerland,1873,0,,
CHE,Switzerland,1874,0,,
CHE,Switzerland,1875,0,,
CHE,Switzerland,1876,0,,
CHE,Switzerland,1877,0,,
CHE,Switzerland,1878,0,,
CHE,Switzerland,1879,0,,
CHE,Switzerland,1880,0,,
CHE,Switzerland,1881,0,,
CHE,Switzerland,1882,0,,
CHE,Switzerland,1883,0,,
CHE,Switzerland,1884,0,,
CHE,Switzerland,1885,0,,
CHE,Switzerland,1886,0,,
CHE,Switzerland,1887,0,,
CHE,Switzerland,1888,0,,
CHE,Switzerland,1889,0,,
CHE,Switzerland,1890,0,,
CHE,Switzerland,1891,0,,
CHE,Switzerland,1892,0,,
CHE,Switzerland,1893,0,,
CHE,Switzerland,1894,0,,
CHE,Switzerland,1895,0,,
CHE,Switzerland,1896,0,,
CHE,Switzerland,1897,0,,
CHE,Switzerland,1898,0,,
CHE,Switzerland,1899,0,,
CHE,Switzerland,1900,0,,
CHE,Switzerland,1901,0,,
CHE,Switzerland,1902,0,,
CHE,Switzerland,1903,0,,
CHE,Switzerland,1904,0,,
CHE,Switzerland,1905,0,,
CHE,Switzerland,1906,0,,
CHE,Switzerland,1907,0,,
CHE,Switzerland,1908,0,,
CHE,Switzerland,1909,0,,
CHE,Switzerland,1910,0,,
CHE,Switzerland,1911,0,,
CHE,Switzerland,1912,0,,
CHE,Switzerland,1913,0,,
CHE,Switzerland,1914,0,,
CHE,Switzerland,1915,250000,,
CHE,Switzerland,1916,250000,,
CHE,Switzerland,1917,250000,,
CHE,Switzerland,1918,250000,,
CHE,Switzerland,1919,0,,
CHE,Switzerland,1920,0,,
CHE,Switzerland,1921,0,,
CHE,Switzerland,1922,0,,
CHE,Switzerland,1923,0,,
CHE,Switzerland,1924,0,,
CHE,Switzerland,1925,0,,
CHE,Switzerland,1926,0,,
CHE,Switzerland,1927,0,,
CHE,Switzerland,1928,0,,
CHE,Switzerland,1929,0,,
CHE,Switzerland,1930,0,,
CHE,Switzerland,1931,0,,
CHE,Switzerland,1932,0,,
CHE,Switzerland,1933,0,,
CHE,Switzerland,1934,0,,
CHE,Switzerland,1935,0,,
CHE,Switzerland,1936,0,,
CHE,Switzerland,1937,0,,
CHE,Switzerland,1938,0,,
CHE,Switzerland,1939,0,,
CHE,Switzerland,1940,650000,,
CHE,Switzerland,1941,525000,,
CHE,Switzerland,1942,525000,,
CHE,Switzerland,1943,525000,,
CHE,Switzerland,1944,525000,,
CHE,Switzerland,1945,525000,,
CHE,Switzerland,1946,0,,
CHE,Switzerland,1947,0,,
CHE,Switzerland,1948,0,,
CHE,Switzerland,1949,0,,
CHE,Switzerland,1950,0,,
CHE,Switzerland,1951,0,,
CHE,Switzerland,1952,0,,
CHE,Switzerland,1953,0,,
CHE,Switzerland,1954,0,,
CHE,Switzerland,1955,0,,
CHE,Switzerland,1956,0,,
CHE,Switzerland,1957,0,,
CHE,Switzerland,1958,0,,
CHE,Switzerland,1959,0,,
CHE,Switzerland,1960,0,5327827.0,0.0
CHE,Switzerland,1961,29000,5434294.0,5.336479770877321
CHE,Switzerland,1962,29000,5573815.0,5.20289962978678
CHE,Switzerland,1963,20000,5694247.0,3.5123169051149343
CHE,Switzerland,1964,20000,5789228.0,3.4546920591139267
CHE,Switzerland,1965,20000,5856472.0,3.4150252916773103
CHE,Switzerland,1966,25000,5918002.0,4.224398707536767
CHE,Switzerland,1967,25000,5991785.0,4.172379349392543
CHE,Switzerland,1968,25000,6067714.0,4.120167825972022
CHE,Switzerland,1969,25000,6136387.0,4.074058562473325
CHE,Switzerland,1970,25000,6180877.0,4.044733457727763
CHE,Switzerland,1971,25000,6213399.0,4.023562626510868
CHE,Switzerland,1972,25000,6260956.0,3.9930004299662865
CHE,Switzerland,1973,25000,6307347.0,3.9636316188089853
CHE,Switzerland,1974,25000,6341405.0,3.942344007361145
CHE,Switzerland,1975,25000,6338632.0,3.9440686886381795
CHE,Switzerland,1976,25000,6302504.0,3.966677371406666
CHE,Switzerland,1977,19000,6281174.0,3.0249122218235
CHE,Switzerland,1978,19000,6281738.0,3.024640632894909
CHE,Switzerland,1979,23000,6294365.0,3.654062006254801
CHE,Switzerland,1980,23000,6319408.0,3.6395814291465274
CHE,Switzerland,1981,23000,6354074.0,3.619724919791617
CHE,Switzerland,1982,23000,6391309.0,3.598636836366384
CHE,Switzerland,1983,28000,6418773.0,4.362204427544018
CHE,Switzerland,1984,25000,6441865.0,3.880863693976822
CHE,Switzerland,1985,23000,6470365.0,3.5546680905945798
CHE,Switzerland,1986,21000,6504124.0,3.2287207316465674
CHE,Switzerland,1987,20000,6545106.0,3.0557182725535688
CHE,Switzerland,1988,23000,6593386.0,3.4883442285951407
CHE,Switzerland,1989,17000,6646912.0,2.5575786169577692
CHE,Switzerland,1990,22000,6715519.0,3.275994007313508
CHE,Switzerland,1991,22000,6799978.0,3.235304584808951
CHE,Switzerland,1992,31000,6875364.0,4.50885218586245
CHE,Switzerland,1993,35000,6938265.0,5.044488787903028
CHE,Switzerland,1994,39000,6993795.0,5.576371626563261
CHE,Switzerland,1995,39000,7040687.0,5.539232180041521
CHE,Switzerland,1996,39000,7071850.0,5.5148228539915305
CHE,Switzerland,1997,39000,7088906.0,5.501554118505733
CHE,Switzerland,1998,39000,7110001.0,5.485231296029354
CHE,Switzerland,1999,39000,7143991.0,5.45913341716136
CHE,Switzerland,2000,28000,7184250.0,3.8974144830706057
CHE,Switzerland,2001,27000,7229854.0,3.7345152474724936
CHE,Switzerland,2002,28000,7284753.0,3.843644389864694
CHE,Switzerland,2003,28000,7339001.0,3.815233163205728
CHE,Switzerland,2004,16000,7389625.0,2.1651978280359288
CHE,Switzerland,2005,4000,7437115.0,0.5378429673334351
CHE,Switzerland,2006,4000,7483934.0,0.5344782570236456
CHE,Switzerland,2007,4000,7551117.0,0.529722953570975
CHE,Switzerland,2008,23000,7647675.0,3.007449976626883
CHE,Switzerland,2009,23000,7743831.0,2.9701061399712883
CHE,Switzerland,2010,22000,7824909.0,2.811534293881245
CHE,Switzerland,2011,26000,7912398.0,3.28598232798704
CHE,Switzerland,2012,25000,7996861.0,3.1262266531830427
CHE,Switzerland,2013,23000,8089346.0,2.8432459187677224
CHE,Switzerland,2014,23000,8188649.0,2.80876613468229
CHE,Switzerland,2015,21000,8282396.0,2.5354981819270654
CHE,Switzerland,2016,21000,8373338.0,2.507960385690868
CHE,Switzerland,2017,21000,8451840.0,2.4846660608814175
CHE,Switzerland,2018,21000,8514329.0,2.4664304139527613
CHE,Switzerland,2019,21000,8575280.0,2.448899627767257
CHE,Switzerland,2020,21000,8638167.0,2.431071314087815
CHE,Switzerland,2021,20000,8704546.0,2.297649986570236
CHE,Switzerland,2022,20000,8777088.0,2.2786600749588017
DEU,Germany,1816,130000,,
DEU,Germany,1817,130000,,
DEU,Germany,1818,130000,,
DEU,Germany,1819,130000,,
DEU,Germany,1820,130000,,
DEU,Germany,1821,130000,,
DEU,Germany,1822,130000,,
DEU,Germany,1823,130000,,
DEU,Germany,1824,130000,,
DEU,Germany,1825,130000,,
DEU,Germany,1826,130000,,
DEU,Germany,1827,130000,,
DEU,Germany,1828,130000,,
DEU,Germany,1829,130000,,
DEU,Germany,1830,130000,,
DEU,Germany,1831,131000,,
DEU,Germany,1832,132000,,
DEU,Germany,1833,134000,,
DEU,Germany,1834,134000,,
DEU,Germany,1835,134000,,
DEU,Germany,1836,134000,,
DEU,Germany,1837,134000,,
DEU,Germany,1838,165000,,
DEU,Germany,1839,134000,,
DEU,Germany,1840,135000,,
DEU,Germany,1841,135000,,
DEU,Germany,1842,135000,,
DEU,Germany,1843,135000,,
DEU,Germany,1844,135000,,
DEU,Germany,1845,135000,,
DEU,Germany,1846,135000,,
DEU,Germany,1847,134000,,
DEU,Germany,1848,135000,,
DEU,Germany,1849,131000,,
DEU,Germany,1850,131000,,
DEU,Germany,1851,134000,,
DEU,Germany,1852,138000,,
DEU,Germany,1853,139000,,
DEU,Germany,1854,139000,,
DEU,Germany,1855,142000,,
DEU,Germany,1856,142000,,
DEU,Germany,1857,142000,,
DEU,Germany,1858,153000,,
DEU,Germany,1859,153000,,
DEU,Germany,1860,201000,,
DEU,Germany,1861,203000,,
DEU,Germany,1862,213000,,
DEU,Germany,1863,216000,,
DEU,Germany,1864,212000,,
DEU,Germany,1865,216000,,
DEU,Germany,1866,214000,,
DEU,Germany,1867,219000,,
DEU,Germany,1868,317000,,
DEU,Germany,1869,318000,,
DEU,Germany,1870,319000,,
DEU,Germany,1871,1000000,,
DEU,Germany,1872,427000,,
DEU,Germany,1873,426000,,
DEU,Germany,1874,429000,,
DEU,Germany,1875,428000,,
DEU,Germany,1876,429000,,
DEU,Germany,1877,429000,,
DEU,Germany,1878,429000,,
DEU,Germany,1879,430000,,
DEU,Germany,1880,430000,,
DEU,Germany,1881,456000,,
DEU,Germany,1882,455000,,
DEU,Germany,1883,457000,,
DEU,Germany,1884,457000,,
DEU,Germany,1885,459000,,
DEU,Germany,1886,460000,,
DEU,Germany,1887,503000,,
DEU,Germany,1888,504000,,
DEU,Germany,1889,504000,,
DEU,Germany,1890,505000,,
DEU,Germany,1891,524000,,
DEU,Germany,1892,526000,,
DEU,Germany,1893,601000,,
DEU,Germany,1894,601000,,
DEU,Germany,1895,602000,,
DEU,Germany,1896,602000,,
DEU,Germany,1897,604000,,
DEU,Germany,1898,606000,,
DEU,Germany,1899,619000,,
DEU,Germany,1900,624000,,
DEU,Germany,1901,630000,,
DEU,Germany,1902,638000,,
DEU,Germany,1903,636000,,
DEU,Germany,1904,642000,,
DEU,Germany,1905,648000,,
DEU,Germany,1906,653000,,
DEU,Germany,1907,658000,,
DEU,Germany,1908,663000,,
DEU,Germany,1909,667000,,
DEU,Germany,1910,673000,,
DEU,Germany,1911,677000,,
DEU,Germany,1912,716000,,
DEU,Germany,1913,859000,,
DEU,Germany,1914,862000,,
DEU,Germany,1915,3823000,,
DEU,Germany,1916,4580000,,
DEU,Germany,1917,5380000,,
DEU,Germany,1918,8000000,,
DEU,Germany,1919,114000,,
DEU,Germany,1920,114000,,
DEU,Germany,1921,114000,,
DEU,Germany,1922,114000,,
DEU,Germany,1923,114000,,
DEU,Germany,1924,114000,,
DEU,Germany,1925,114000,,
DEU,Germany,1926,114000,,
DEU,Germany,1927,114000,,
DEU,Germany,1928,114000,,
DEU,Germany,1929,114000,,
DEU,Germany,1930,114000,,
DEU,Germany,1931,114000,,
DEU,Germany,1932,114000,,
DEU,Germany,1933,118000,,
DEU,Germany,1934,315000,,
DEU,Germany,1935,461000,,
DEU,Germany,1936,596000,,
DEU,Germany,1937,603000,,
DEU,Germany,1938,782000,,
DEU,Germany,1939,2750000,,
DEU,Germany,1940,3300000,,
DEU,Germany,1941,7100000,,
DEU,Germany,1942,7028000,,
DEU,Germany,1943,6957000,,
DEU,Germany,1944,6128000,,
DEU,Germany,1945,5300000,,
DEU,Germany,1990,545000,79433029.0,6.861125741535049
DEU,Germany,1991,457000,80013896.0,5.711507911075846
DEU,Germany,1992,442000,80624598.0,5.48219787712926
DEU,Germany,1993,398000,81156363.0,4.904113310252702
DEU,Germany,1994,362000,81438348.0,4.445080344704438
DEU,Germany,1995,352000,81678051.0,4.309603322929437
DEU,Germany,1996,339000,81914831.0,4.138444721933199
DEU,Germany,1997,335000,82034771.0,4.083634243338109
DEU,Germany,1998,333000,82047195.0,4.0586396646466705
DEU,Germany,1999,331000,82100243.0,4.031656763793013
DEU,Germany,2000,221000,82211508.0,2.6881881305473683
DEU,Germany,2001,308000,82349925.0,3.740136982516985
DEU,Germany,2002,296000,82488495.0,3.5883792036695543
DEU,Germany,2003,284000,82534176.0,3.440998793033325
DEU,Germany,2004,284000,82516260.0,3.4417459055948485
DEU,Germany,2005,285000,82469422.0,3.4558263303943124
DEU,Germany,2006,285000,82376451.0,3.4597266153163115
DEU,Germany,2007,246000,82266372.0,2.990286237492034
DEU,Germany,2008,246000,82110097.0,2.995977461821778
DEU,Germany,2009,244000,81902307.0,2.9791590608064316
DEU,Germany,2010,251000,81776930.0,3.0693252974891574
DEU,Germany,2011,251000,80274983.0,3.1267524528781276
DEU,Germany,2012,251000,80425823.0,3.1208881754309186
DEU,Germany,2013,196000,80645605.0,2.4303866280127724
DEU,Germany,2014,186000,80982500.0,2.2967925169018
DEU,Germany,2015,182000,81686611.0,2.228027307926877
DEU,Germany,2016,179000,82348669.0,2.1736841915441283
DEU,Germany,2017,177000,82657002.0,2.1413793836848813
DEU,Germany,2018,179000,82905782.0,2.159077397038484
DEU,Germany,2019,180000,83092962.0,2.1662484483342883
DEU,Germany,2020,181000,83160871.0,2.1765043802872146
DEU,Germany,2021,183000,83196078.0,2.199622919724653
DEU,Germany,2022,183000,83177813.0,2.200105934499624
DNK,Denmark,1816,32000,,
DNK,Denmark,1817,31000,,
DNK,Denmark,1818,30000,,
DNK,Denmark,1819,29000,,
DNK,Denmark,1820,28000,,
DNK,Denmark,1821,26000,,
DNK,Denmark,1822,28000,,
DNK,Denmark,1823,30000,,
DNK,Denmark,1824,41000,,
DNK,Denmark,1825,41000,,
DNK,Denmark,1826,41000,,
DNK,Denmark,1827,41000,,
DNK,Denmark,1828,41000,,
DNK,Denmark,1829,41000,,
DNK,Denmark,1830,41000,,
DNK,Denmark,1831,41000,,
DNK,Denmark,1832,41000,,
DNK,Denmark,1833,41000,,
DNK,Denmark,1834,33000,,
DNK,Denmark,1835,41000,,
DNK,Denmark,1836,41000,,
DNK,Denmark,1837,39000,,
DNK,Denmark,1838,37000,,
DNK,Denmark,1839,35000,,
DNK,Denmark,1840,45000,,
DNK,Denmark,1841,38000,,
DNK,Denmark,1842,31000,,
DNK,Denmark,1843,23000,,
DNK,Denmark,1844,24000,,
DNK,Denmark,1845,26000,,
DNK,Denmark,1846,27000,,
DNK,Denmark,1847,27000,,
DNK,Denmark,1848,27000,,
DNK,Denmark,1849,41000,,
DNK,Denmark,1850,26000,,
DNK,Denmark,1851,26000,,
DNK,Denmark,1852,26000,,
DNK,Denmark,1853,26000,,
DNK,Denmark,1854,26000,,
DNK,Denmark,1855,25000,,
DNK,Denmark,1856,25000,,
DNK,Denmark,1857,25000,,
DNK,Denmark,1858,25000,,
DNK,Denmark,1859,25000,,
DNK,Denmark,1860,25000,,
DNK,Denmark,1861,25000,,
DNK,Denmark,1862,25000,,
DNK,Denmark,1863,25000,,
DNK,Denmark,1864,32000,,
DNK,Denmark,1865,38000,,
DNK,Denmark,1866,43000,,
DNK,Denmark,1867,46000,,
DNK,Denmark,1868,51000,,
DNK,Denmark,1869,39000,,
DNK,Denmark,1870,39000,,
DNK,Denmark,1871,38000,,
DNK,Denmark,1872,39000,,
DNK,Denmark,1873,39000,,
DNK,Denmark,1874,39000,,
DNK,Denmark,1875,16000,,
DNK,Denmark,1876,16000,,
DNK,Denmark,1877,16000,,
DNK,Denmark,1878,11000,,
DNK,Denmark,1879,6000,,
DNK,Denmark,1880,6000,,
DNK,Denmark,1881,6000,,
DNK,Denmark,1882,6000,,
DNK,Denmark,1883,6000,,
DNK,Denmark,1884,6000,,
DNK,Denmark,1885,8000,,
DNK,Denmark,1886,11000,,
DNK,Denmark,1887,14000,,
DNK,Denmark,1888,17000,,
DNK,Denmark,1889,18000,,
DNK,Denmark,1890,18000,,
DNK,Denmark,1891,17000,,
DNK,Denmark,1892,15000,,
DNK,Denmark,1893,15000,,
DNK,Denmark,1894,15000,,
DNK,Denmark,1895,12000,,
DNK,Denmark,1896,12000,,
DNK,Denmark,1897,16000,,
DNK,Denmark,1898,12000,,
DNK,Denmark,1899,12000,,
DNK,Denmark,1900,11000,,
DNK,Denmark,1901,11000,,
DNK,Denmark,1902,11000,,
DNK,Denmark,1903,11000,,
DNK,Denmark,1904,11000,,
DNK,Denmark,1905,11000,,
DNK,Denmark,1906,11000,,
DNK,Denmark,1907,11000,,
DNK,Denmark,1908,12000,,
DNK,Denmark,1909,15000,,
DNK,Denmark,1910,15000,,
DNK,Denmark,1911,15000,,
DNK,Denmark,1912,15000,,
DNK,Denmark,1913,15000,,
DNK,Denmark,1914,15000,,
DNK,Denmark,1915,15000,,
DNK,Denmark,1916,16000,,
DNK,Denmark,1917,16000,,
DNK,Denmark,1918,16000,,
DNK,Denmark,1919,16000,,
DNK,Denmark,1920,16000,,
DNK,Denmark,1921,15000,,
DNK,Denmark,1922,13000,,
DNK,Denmark,1923,13000,,
DNK,Denmark,1924,14000,,
DNK,Denmark,1925,14000,,
DNK,Denmark,1926,14000,,
DNK,Denmark,1927,13000,,
DNK,Denmark,1928,14000,,
DNK,Denmark,1929,12000,,
DNK,Denmark,1930,11000,,
DNK,Denmark,1931,11000,,
DNK,Denmark,1932,11000,,
DNK,Denmark,1933,11000,,
DNK,Denmark,1934,10000,,
DNK,Denmark,1935,10000,,
DNK,Denmark,1936,12000,,
DNK,Denmark,1937,12000,,
DNK,Denmark,1938,11000,,
DNK,Denmark,1939,12000,,
DNK,Denmark,1940,13000,,
DNK,Denmark,1945,13000,,
DNK,Denmark,1946,14000,,
DNK,Denmark,1947,14000,,
DNK,Denmark,1948,14000,,
DNK,Denmark,1949,16000,,
DNK,Denmark,1950,18000,,
DNK,Denmark,1951,25000,,
DNK,Denmark,1952,25000,,
DNK,Denmark,1953,25000,,
DNK,Denmark,1954,25000,,
DNK,Denmark,1955,25000,,
DNK,Denmark,1956,35000,,
DNK,Denmark,1957,35000,,
DNK,Denmark,1958,32000,,
DNK,Denmark,1959,32000,,
DNK,Denmark,1960,32000,4579603.0,6.98750524881742
DNK,Denmark,1961,45000,4611687.0,9.757817475470475
DNK,Denmark,1962,47000,4647727.0,10.112470031049586
DNK,Denmark,1963,45000,4684483.0,9.606182795412002
DNK,Denmark,1964,45000,4722072.0,9.529714921754689
DNK,Denmark,1965,50000,4759012.0,10.506382417190796
DNK,Denmark,1966,50000,4797381.0,10.422353363220473
DNK,Denmark,1967,50000,4835354.0,10.340504542170024
DNK,Denmark,1968,45000,4864883.0,9.249965518184096
DNK,Denmark,1969,45000,4891860.0,9.198954998712146
DNK,Denmark,1970,45000,4928757.0,9.130091014833964
DNK,Denmark,1971,45000,4963126.0,9.066866325779358
DNK,Denmark,1972,45000,4991596.0,9.015152668605392
DNK,Denmark,1973,39000,5021861.0,7.766045296753534
DNK,Denmark,1974,35000,5045297.0,6.937153551118993
DNK,Denmark,1975,34000,5059862.0,6.719550849410517
DNK,Denmark,1976,31000,5072596.0,6.111269259369364
DNK,Denmark,1977,32000,5088419.0,6.288790290265012
DNK,Denmark,1978,33000,5104248.0,6.465203101416702
DNK,Denmark,1979,33000,5116801.0,6.449342079162351
DNK,Denmark,1980,33000,5123027.0,6.441504212255762
DNK,Denmark,1981,33000,5121572.0,6.443334195047926
DNK,Denmark,1982,32000,5117810.0,6.252674483812411
DNK,Denmark,1983,30000,5114297.0,5.865908843385513
DNK,Denmark,1984,31000,5111619.0,6.064614753173115
DNK,Denmark,1985,29000,5113691.0,5.671050519086898
DNK,Denmark,1986,28000,5120534.0,5.468179685946818
DNK,Denmark,1987,28000,5127024.0,5.461257836904996
DNK,Denmark,1988,30000,5129516.0,5.848505005150583
DNK,Denmark,1989,31000,5132594.0,6.0398309314939
DNK,Denmark,1990,31000,5140939.0,6.030026810277266
DNK,Denmark,1991,30000,5154298.0,5.8203852396582425
DNK,Denmark,1992,28000,5171370.0,5.414425964492968
DNK,Denmark,1993,27000,5188628.0,5.203687757148904
DNK,Denmark,1994,28000,5206180.0,5.378223572753919
DNK,Denmark,1995,27000,5233373.0,5.159196564051522
DNK,Denmark,1996,28000,5263074.0,5.320084802151746
DNK,Denmark,1997,29000,5284991.0,5.487237348180915
DNK,Denmark,1998,25000,5304219.0,4.713229223755656
DNK,Denmark,1999,27000,5321799.0,5.073472335200934
DNK,Denmark,2000,22000,5339616.0,4.120146467461331
DNK,Denmark,2001,21000,5358783.0,3.918800220124607
DNK,Denmark,2002,23000,5375931.0,4.278328721108958
DNK,Denmark,2003,23000,5390574.0,4.266707033425383
DNK,Denmark,2004,22000,5404523.0,4.070664515628854
DNK,Denmark,2005,21000,5419432.0,3.874944828166494
DNK,Denmark,2006,21000,5437272.0,3.8622309128548284
DNK,Denmark,2007,22000,5461438.0,4.028243111063423
DNK,Denmark,2008,30000,5493621.0,5.460879081392764
DNK,Denmark,2009,30000,5523095.0,5.4317370966822045
DNK,Denmark,2010,27000,5547683.0,4.866896684615902
DNK,Denmark,2011,19000,5570572.0,3.410780795939807
DNK,Denmark,2012,19000,5591572.0,3.3979710893466097
DNK,Denmark,2013,16000,5614932.0,2.8495447496069413
DNK,Denmark,2014,17000,5643475.0,3.0123283969540045
DNK,Denmark,2015,17000,5683483.0,2.9911235768629907
DNK,Denmark,2016,17000,5728010.0,2.9678719136314355
DNK,Denmark,2017,17000,5764980.0,2.9488393715155996
DNK,Denmark,2018,16000,5793636.0,2.7616508872839094
DNK,Denmark,2019,15000,5814422.0,2.579792110032605
DNK,Denmark,2020,15000,5831404.0,2.572279334445015
DNK,Denmark,2021,15000,5856733.0,2.5611548281268757
DNK,Denmark,2022,15000,5903037.0,2.541064878976703
FIN,Finland,1919,38000,,
FIN,Finland,1920,39000,,
FIN,Finland,1921,35000,,
FIN,Finland,1922,30000,,
FIN,Finland,1923,29000,,
FIN,Finland,1924,31000,,
FIN,Finland,1925,32000,,
FIN,Finland,1926,29000,,
FIN,Finland,1927,30000,,
FIN,Finland,1928,30000,,
FIN,Finland,1929,29000,,
FIN,Finland,1930,27000,,
FIN,Finland,1931,31000,,
FIN,Finland,1932,29000,,
FIN,Finland,1933,32000,,
FIN,Finland,1934,31000,,
FIN,Finland,1935,31000,,
FIN,Finland,1936,31000,,
FIN,Finland,1937,31000,,
FIN,Finland,1938,36000,,
FIN,Finland,1939,37000,,
FIN,Finland,1940,300000,,
FIN,Finland,1943,350000,,
FIN,Finland,1944,350000,,
FIN,Finland,1945,32000,,
FIN,Finland,1946,42000,,
FIN,Finland,1947,42000,,
FIN,Finland,1948,42000,,
FIN,Finland,1949,42000,,
FIN,Finland,1950,42000,,
FIN,Finland,1951,42000,,
FIN,Finland,1952,42000,,
FIN,Finland,1953,42000,,
FIN,Finland,1954,42000,,
FIN,Finland,1955,42000,,
FIN,Finland,1956,42000,,
FIN,Finland,1957,42000,,
FIN,Finland,1958,42000,,
FIN,Finland,1959,42000,,
FIN,Finland,1960,42000,4429634.0,9.481595996418665
FIN,Finland,1961,48000,4461005.0,10.759907240632996
FIN,Finland,1962,47000,4491443.0,10.46434297396182
FIN,Finland,1963,35000,4523309.0,7.737698220484163
FIN,Finland,1964,40000,4548543.0,8.794024811901306
FIN,Finland,1965,40000,4563732.0,8.764756563268833
FIN,Finland,1966,40000,4580869.0,8.731967668143316
FIN,Finland,1967,40000,4605744.0,8.68480749255712
FIN,Finland,1968,40000,4626469.0,8.645902523068889
FIN,Finland,1969,40000,4623785.0,8.650921269046895
FIN,Finland,1970,40000,4606307.0,8.683746003034535
FIN,Finland,1971,40000,4612124.0,8.672793706327063
FIN,Finland,1972,40000,4639657.0,8.621326964471727
FIN,Finland,1973,40000,4666081.0,8.572504420733374
FIN,Finland,1974,40000,4690574.0,8.527740954518572
FIN,Finland,1975,40000,4711440.0,8.489973341483708
FIN,Finland,1976,36000,4725664.0,7.617977071581898
FIN,Finland,1977,40000,4738902.0,8.440773833263487
FIN,Finland,1978,40000,4752528.0,8.416573242703674
FIN,Finland,1979,36000,4764690.0,7.555580740824691
FIN,Finland,1980,36000,4779535.0,7.5321134796585865
FIN,Finland,1981,36000,4799964.0,7.500056250421879
FIN,Finland,1982,36000,4826933.0,7.458151998380753
FIN,Finland,1983,40000,4855787.0,8.237593617677216
FIN,Finland,1984,40000,4881803.0,8.193694010184352
FIN,Finland,1985,40000,4902206.0,8.159591824578568
FIN,Finland,1986,37000,4918154.0,7.5231479128144425
FIN,Finland,1987,37000,4932123.0,7.5018404853244745
FIN,Finland,1988,40000,4946481.0,8.08655688761364
FIN,Finland,1989,39000,4964371.0,7.855980143305163
FIN,Finland,1990,31000,4986431.0,6.216871345457302
FIN,Finland,1991,32000,5013740.0,6.3824609971797495
FIN,Finland,1992,33000,5041992.0,6.545032201558431
FIN,Finland,1993,31000,5066447.0,6.118686329887592
FIN,Finland,1994,35000,5088333.0,6.87848063403083
FIN,Finland,1995,32000,5107790.0,6.264940414543275
FIN,Finland,1996,35000,5124573.0,6.8298373347398895
FIN,Finland,1997,35000,5139835.0,6.809557116133106
FIN,Finland,1998,35000,5153498.0,6.7915035573895635
FIN,Finland,1999,35000,5165474.0,6.775757655541389
FIN,Finland,2000,32000,5176209.0,6.1821305901674375
FIN,Finland,2001,32000,5188008.0,6.16807067375378
FIN,Finland,2002,32000,5200598.0,6.153138542913719
FIN,Finland,2003,27000,5213014.0,5.179345384455135
FIN,Finland,2004,28000,5228172.0,5.3556003895816735
FIN,Finland,2005,28000,5246096.0,5.337302252951528
FIN,Finland,2006,28000,5266268.0,5.316858162174808
FIN,Finland,2007,29000,5288720.0,5.483368376469165
FIN,Finland,2008,29000,5313399.0,5.457899924323394
FIN,Finland,2009,29000,5338871.0,5.431860031830699
FIN,Finland,2010,23000,5363352.0,4.288362949140761
FIN,Finland,2011,22000,5388272.0,4.0829416183889755
FIN,Finland,2012,22000,5413971.0,4.063560739427677
FIN,Finland,2013,22000,5438972.0,4.044882010791746
FIN,Finland,2014,22000,5461512.0,4.028188530941614
FIN,Finland,2015,22000,5479531.0,4.014942154720906
FIN,Finland,2016,22000,5495303.0,4.003418919757474
FIN,Finland,2017,22000,5508214.0,3.994035090139926
FIN,Finland,2018,22000,5515525.0,3.98874087235576
FIN,Finland,2019,22000,5521606.0,3.9843480320761744
FIN,Finland,2020,22000,5529543.0,3.9786289753059156
FIN,Finland,2021,19000,5541017.0,3.4289734176957043
FIN,Finland,2022,19000,5556106.0,3.4196611799702885
FRA,France,1816,132000,,
FRA,France,1817,131000,,
FRA,France,1818,138000,,
FRA,France,1819,182000,,
FRA,France,1820,208000,,
FRA,France,1821,198000,,
FRA,France,1822,243000,,
FRA,France,1823,256000,,
FRA,France,1824,239000,,
FRA,France,1825,237000,,
FRA,France,1826,237000,,
FRA,France,1827,237000,,
FRA,France,1828,247000,,
FRA,France,1829,265000,,
FRA,France,1830,259000,,
FRA,France,1831,373000,,
FRA,France,1832,311000,,
FRA,France,1833,299000,,
FRA,France,1834,267000,,
FRA,France,1835,289000,,
FRA,France,1836,294000,,
FRA,France,1837,307000,,
FRA,France,1838,304000,,
FRA,France,1839,300000,,
FRA,France,1840,446000,,
FRA,France,1841,483000,,
FRA,France,1842,438000,,
FRA,France,1843,397000,,
FRA,France,1844,361000,,
FRA,France,1845,357000,,
FRA,France,1846,388000,,
FRA,France,1847,394000,,
FRA,France,1848,387000,,
FRA,France,1849,465000,,
FRA,France,1850,439000,,
FRA,France,1851,402000,,
FRA,France,1852,397000,,
FRA,France,1853,424000,,
FRA,France,1854,440000,,
FRA,France,1855,645000,,
FRA,France,1856,645000,,
FRA,France,1857,528000,,
FRA,France,1858,427000,,
FRA,France,1859,465000,,
FRA,France,1860,608000,,
FRA,France,1861,528000,,
FRA,France,1862,520000,,
FRA,France,1863,493000,,
FRA,France,1864,487000,,
FRA,France,1865,479000,,
FRA,France,1866,458000,,
FRA,France,1867,461000,,
FRA,France,1868,483000,,
FRA,France,1869,474000,,
FRA,France,1870,452000,,
FRA,France,1871,1000000,,
FRA,France,1872,483000,,
FRA,France,1873,534000,,
FRA,France,1874,474000,,
FRA,France,1875,485000,,
FRA,France,1876,501000,,
FRA,France,1877,523000,,
FRA,France,1878,543000,,
FRA,France,1879,525000,,
FRA,France,1880,544000,,
FRA,France,1881,578000,,
FRA,France,1882,588000,,
FRA,France,1883,516000,,
FRA,France,1884,526000,,
FRA,France,1885,519000,,
FRA,France,1886,536000,,
FRA,France,1887,519000,,
FRA,France,1888,569000,,
FRA,France,1889,589000,,
FRA,France,1890,596000,,
FRA,France,1891,605000,,
FRA,France,1892,606000,,
FRA,France,1893,610000,,
FRA,France,1894,590000,,
FRA,France,1895,586000,,
FRA,France,1896,613000,,
FRA,France,1897,623000,,
FRA,France,1898,654000,,
FRA,France,1899,654000,,
FRA,France,1900,621000,,
FRA,France,1901,603000,,
FRA,France,1902,610000,,
FRA,France,1903,614000,,
FRA,France,1904,596000,,
FRA,France,1905,626000,,
FRA,France,1906,635000,,
FRA,France,1907,619000,,
FRA,France,1908,619000,,
FRA,France,1909,641000,,
FRA,France,1910,652000,,
FRA,France,1911,638000,,
FRA,France,1912,642000,,
FRA,France,1913,632000,,
FRA,France,1914,789000,,
FRA,France,1915,4997000,,
FRA,France,1916,5260000,,
FRA,France,1917,5141000,,
FRA,France,1918,5277000,,
FRA,France,1919,2364000,,
FRA,France,1920,1457000,,
FRA,France,1921,547000,,
FRA,France,1922,545000,,
FRA,France,1923,511000,,
FRA,France,1924,479000,,
FRA,France,1925,475000,,
FRA,France,1926,471000,,
FRA,France,1927,494000,,
FRA,France,1928,469000,,
FRA,France,1929,411000,,
FRA,France,1930,411000,,
FRA,France,1931,441000,,
FRA,France,1932,422000,,
FRA,France,1933,449000,,
FRA,France,1934,458000,,
FRA,France,1935,548000,,
FRA,France,1936,588000,,
FRA,France,1937,613000,,
FRA,France,1938,581000,,
FRA,France,1939,581000,,
FRA,France,1940,5000000,,
FRA,France,1941,373000,,
FRA,France,1944,579000,,
FRA,France,1945,578000,,
FRA,France,1946,578000,,
FRA,France,1947,580000,,
FRA,France,1948,577000,,
FRA,France,1949,588000,,
FRA,France,1950,595000,,
FRA,France,1951,620000,,
FRA,France,1952,655000,,
FRA,France,1953,699000,,
FRA,France,1954,745000,,
FRA,France,1955,802000,,
FRA,France,1956,856000,,
FRA,France,1957,913000,,
FRA,France,1958,961000,,
FRA,France,1959,992000,,
FRA,France,1960,1025000,47412964.0,21.618559852111336
FRA,France,1961,720000,47905982.0,15.02943828601614
FRA,France,1962,705000,48389516.0,14.569271575272628
FRA,France,1963,735000,48877567.0,15.037573371849707
FRA,France,1964,690000,49401492.0,13.967189492981305
FRA,France,1965,585000,49877725.0,11.728682493036722
FRA,France,1966,580000,50311637.0,11.528148050519604
FRA,France,1967,595000,50722791.0,11.730427057927471
FRA,France,1968,570000,51112980.0,11.151766146290043
FRA,France,1969,570000,51536014.0,11.06022673775275
FRA,France,1970,570000,52007169.0,10.96002745313824
FRA,France,1971,565000,52499553.0,10.761996392616906
FRA,France,1972,560000,52962356.0,10.57354774776258
FRA,France,1973,581000,53392161.0,10.881747228773902
FRA,France,1974,585000,53746571.0,10.88441530530385
FRA,France,1975,585000,54002853.0,10.832761002460371
FRA,France,1976,585000,54232383.0,10.786913051561832
FRA,France,1977,584000,54486467.0,10.71825780151978
FRA,France,1978,581000,54734030.0,10.6149684209257
FRA,France,1979,578000,54979851.0,10.512942277708246
FRA,France,1980,575000,55274184.0,10.402686360779203
FRA,France,1981,575000,55603353.0,10.341102990677559
FRA,France,1982,578000,55806789.0,10.357162817591961
FRA,France,1983,578000,56108330.0,10.301500686261736
FRA,France,1984,571000,56383085.0,10.127150722597033
FRA,France,1985,563000,56665619.0,9.935477807098517
FRA,France,1986,558000,56956002.0,9.79703596470834
FRA,France,1987,559000,57266167.0,9.761435578532783
FRA,France,1988,558000,57598186.0,9.687805098584182
FRA,France,1989,558000,57943062.0,9.630143467392179
FRA,France,1990,554000,58261012.0,9.508931976670778
FRA,France,1991,554000,58554242.0,9.461312811461209
FRA,France,1992,542000,58846584.0,9.21039019019354
FRA,France,1993,506000,59103094.0,8.561311527954864
FRA,France,1994,506000,59324863.0,8.529307518164854
FRA,France,1995,504000,59541294.0,8.46471358180425
FRA,France,1996,501000,59754504.0,8.384305223251456
FRA,France,1997,475000,59968066.0,7.920882424322305
FRA,France,1998,449000,60190684.0,7.45962614413885
FRA,France,1999,421000,60501986.0,6.958449264789423
FRA,France,2000,294000,60918661.0,4.826107389326892
FRA,France,2001,274000,61364377.0,4.465131292704235
FRA,France,2002,260000,61812142.0,4.206293320170008
FRA,France,2003,259000,62249855.0,4.160652261760289
FRA,France,2004,257000,62707588.0,4.098387582695734
FRA,France,2005,255000,63180854.0,4.036032814624506
FRA,France,2006,255000,63622342.0,4.008025985588522
FRA,France,2007,255000,64016890.0,3.983323775959751
FRA,France,2008,255000,64375116.0,3.961157910767881
FRA,France,2009,353000,64706436.0,5.455407867001051
FRA,France,2010,353000,65026211.0,5.428580176692135
FRA,France,2011,239000,65340830.0,3.6577435578948108
FRA,France,2012,239000,65657659.0,3.6400932296413435
FRA,France,2013,229000,65997932.0,3.469805690275265
FRA,France,2014,222000,66312067.0,3.347806968526558
FRA,France,2015,215000,66548272.0,3.230737531396758
FRA,France,2016,209000,66724104.0,3.132301334462281
FRA,France,2017,203000,66918020.0,3.0335625590834874
FRA,France,2018,203000,67158348.0,3.0227068718247803
FRA,France,2019,204000,67382061.0,3.0275120257897723
FRA,France,2020,204000,67601110.0,3.0177019282671544
FRA,France,2021,203000,67842811.0,2.9922109212131556
FRA,France,2022,203000,68184457.0,2.977218107053342
GBR,United Kingdom,1816,255000,,
GBR,United Kingdom,1817,190000,,
GBR,United Kingdom,1818,173000,,
GBR,United Kingdom,1819,143000,,
GBR,United Kingdom,1820,144000,,
GBR,United Kingdom,1821,139000,,
GBR,United Kingdom,1822,125000,,
GBR,United Kingdom,1823,125000,,
GBR,United Kingdom,1824,132000,,
GBR,United Kingdom,1825,132000,,
GBR,United Kingdom,1826,149000,,
GBR,United Kingdom,1827,155000,,
GBR,United Kingdom,1828,155000,,
GBR,United Kingdom,1829,148000,,
GBR,United Kingdom,1830,140000,,
GBR,United Kingdom,1831,150000,,
GBR,United Kingdom,1832,145000,,
GBR,United Kingdom,1833,144000,,
GBR,United Kingdom,1834,137000,,
GBR,United Kingdom,1835,136000,,
GBR,United Kingdom,1836,143000,,
GBR,United Kingdom,1837,143000,,
GBR,United Kingdom,1838,155000,,
GBR,United Kingdom,1839,159000,,
GBR,United Kingdom,1840,168000,,
GBR,United Kingdom,1841,173000,,
GBR,United Kingdom,1842,184000,,
GBR,United Kingdom,1843,158000,,
GBR,United Kingdom,1844,185000,,
GBR,United Kingdom,1845,178000,,
GBR,United Kingdom,1846,191000,,
GBR,United Kingdom,1847,193000,,
GBR,United Kingdom,1848,208000,,
GBR,United Kingdom,1849,203000,,
GBR,United Kingdom,1850,201000,,
GBR,United Kingdom,1851,198000,,
GBR,United Kingdom,1852,201000,,
GBR,United Kingdom,1853,213000,,
GBR,United Kingdom,1854,234000,,
GBR,United Kingdom,1855,329000,,
GBR,United Kingdom,1856,382000,,
GBR,United Kingdom,1857,272000,,
GBR,United Kingdom,1858,292000,,
GBR,United Kingdom,1859,315000,,
GBR,United Kingdom,1860,347000,,
GBR,United Kingdom,1861,316000,,
GBR,United Kingdom,1862,305000,,
GBR,United Kingdom,1863,312000,,
GBR,United Kingdom,1864,290000,,
GBR,United Kingdom,1865,296000,,
GBR,United Kingdom,1866,286000,,
GBR,United Kingdom,1867,283000,,
GBR,United Kingdom,1868,279000,,
GBR,United Kingdom,1869,270000,,
GBR,United Kingdom,1870,257000,,
GBR,United Kingdom,1871,241000,,
GBR,United Kingdom,1872,254000,,
GBR,United Kingdom,1873,252000,,
GBR,United Kingdom,1874,248000,,
GBR,United Kingdom,1875,245000,,
GBR,United Kingdom,1876,244000,,
GBR,United Kingdom,1877,251000,,
GBR,United Kingdom,1878,261000,,
GBR,United Kingdom,1879,260000,,
GBR,United Kingdom,1880,248000,,
GBR,United Kingdom,1881,247000,,
GBR,United Kingdom,1882,247000,,
GBR,United Kingdom,1883,239000,,
GBR,United Kingdom,1884,240000,,
GBR,United Kingdom,1885,256000,,
GBR,United Kingdom,1886,265000,,
GBR,United Kingdom,1887,273000,,
GBR,United Kingdom,1888,273000,,
GBR,United Kingdom,1889,275000,,
GBR,United Kingdom,1890,278000,,
GBR,United Kingdom,1891,281000,,
GBR,United Kingdom,1892,288000,,
GBR,United Kingdom,1893,294000,,
GBR,United Kingdom,1894,302000,,
GBR,United Kingdom,1895,309000,,
GBR,United Kingdom,1896,315000,,
GBR,United Kingdom,1897,319000,,
GBR,United Kingdom,1898,331000,,
GBR,United Kingdom,1899,331000,,
GBR,United Kingdom,1900,487000,,
GBR,United Kingdom,1901,521000,,
GBR,United Kingdom,1902,489000,,
GBR,United Kingdom,1903,416000,,
GBR,United Kingdom,1904,409000,,
GBR,United Kingdom,1905,394000,,
GBR,United Kingdom,1906,384000,,
GBR,United Kingdom,1907,369000,,
GBR,United Kingdom,1908,364000,,
GBR,United Kingdom,1909,381000,,
GBR,United Kingdom,1910,372000,,
GBR,United Kingdom,1911,376000,,
GBR,United Kingdom,1912,523000,,
GBR,United Kingdom,1913,533000,,
GBR,United Kingdom,1914,532000,,
GBR,United Kingdom,1915,4350000,,
GBR,United Kingdom,1917,4430000,,
GBR,United Kingdom,1918,4222000,,
GBR,United Kingdom,1919,1333000,,
GBR,United Kingdom,1920,596000,,
GBR,United Kingdom,1921,448000,,
GBR,United Kingdom,1922,368000,,
GBR,United Kingdom,1923,337000,,
GBR,United Kingdom,1924,337000,,
GBR,United Kingdom,1925,342000,,
GBR,United Kingdom,1926,341000,,
GBR,United Kingdom,1927,338000,,
GBR,United Kingdom,1928,330000,,
GBR,United Kingdom,1929,325000,,
GBR,United Kingdom,1930,318000,,
GBR,United Kingdom,1931,319000,,
GBR,United Kingdom,1932,317000,,
GBR,United Kingdom,1933,316000,,
GBR,United Kingdom,1934,318000,,
GBR,United Kingdom,1935,321000,,
GBR,United Kingdom,1936,336000,,
GBR,United Kingdom,1937,350000,,
GBR,United Kingdom,1938,376000,,
GBR,United Kingdom,1939,394000,,
GBR,United Kingdom,1940,1020000,,
GBR,United Kingdom,1941,2300000,,
GBR,United Kingdom,1942,3390000,,
GBR,United Kingdom,1943,4145000,,
GBR,United Kingdom,1944,4900000,,
GBR,United Kingdom,1945,5090000,,
GBR,United Kingdom,1946,2053000,,
GBR,United Kingdom,1947,1302000,,
GBR,United Kingdom,1948,847000,,
GBR,United Kingdom,1949,770000,,
GBR,United Kingdom,1950,689000,,
GBR,United Kingdom,1951,826000,,
GBR,United Kingdom,1952,872000,,
GBR,United Kingdom,1953,865000,,
GBR,United Kingdom,1954,839000,,
GBR,United Kingdom,1955,809000,,
GBR,United Kingdom,1956,761000,,
GBR,United Kingdom,1957,702000,,
GBR,United Kingdom,1958,614000,,
GBR,United Kingdom,1959,565000,,
GBR,United Kingdom,1960,519000,52400000.0,9.904580152671755
GBR,United Kingdom,1961,475000,52800000.0,8.996212121212121
GBR,United Kingdom,1962,475000,53250000.0,8.92018779342723
GBR,United Kingdom,1963,450000,53650000.0,8.387698042870456
GBR,United Kingdom,1964,435000,54000000.0,8.055555555555555
GBR,United Kingdom,1965,425000,54348050.0,7.81996778173274
GBR,United Kingdom,1966,425000,54648500.0,7.7769746653613545
GBR,United Kingdom,1967,425000,54943600.0,7.735204828223852
GBR,United Kingdom,1968,410000,55211700.0,7.4259622507548215
GBR,United Kingdom,1969,390000,55441750.0,7.034409988862184
GBR,United Kingdom,1970,390000,55663250.0,7.006418058593417
GBR,United Kingdom,1971,370000,55896223.0,6.619409687126803
GBR,United Kingdom,1972,370000,56086065.0,6.597004086487437
GBR,United Kingdom,1973,377000,56194527.0,6.708838389190464
GBR,United Kingdom,1974,359000,56229974.0,6.384495216021263
GBR,United Kingdom,1975,348000,56225800.0,6.18932945373832
GBR,United Kingdom,1976,337000,56211968.0,5.995164588437822
GBR,United Kingdom,1977,326000,56193492.0,5.801383548116212
GBR,United Kingdom,1978,320000,56196504.0,5.694304400145604
GBR,United Kingdom,1979,324000,56246951.0,5.760312234524499
GBR,United Kingdom,1980,330000,56314216.0,5.859976812959626
GBR,United Kingdom,1981,341000,56333829.0,6.053201176863017
GBR,United Kingdom,1982,335000,56313641.0,5.948825081297798
GBR,United Kingdom,1983,333000,56332848.0,5.911293531617646
GBR,United Kingdom,1984,336000,56422072.0,5.955116288533325
GBR,United Kingdom,1985,334000,56550268.0,5.906249639701088
GBR,United Kingdom,1986,331000,56681396.0,5.83965857157082
GBR,United Kingdom,1987,328000,56802050.0,5.774439478856837
GBR,United Kingdom,1988,324000,56928327.0,5.6913669709633306
GBR,United Kingdom,1989,318000,57076711.0,5.571449272891705
GBR,United Kingdom,1990,308000,57247586.0,5.380139522389642
GBR,United Kingdom,1991,301000,57424897.0,5.241628905316103
GBR,United Kingdom,1992,293000,57580402.0,5.088536894896983
GBR,United Kingdom,1993,271000,57718614.0,4.695192438266102
GBR,United Kingdom,1994,257000,57865745.0,4.441314978317482
GBR,United Kingdom,1995,233000,58019030.0,4.015923740882948
GBR,United Kingdom,1996,221000,58166950.0,3.799408426950356
GBR,United Kingdom,1997,218000,58316954.0,3.738192498874341
GBR,United Kingdom,1998,218000,58487141.0,3.7273150349407573
GBR,United Kingdom,1999,218000,58682466.0,3.7149086406832326
GBR,United Kingdom,2000,212000,58892514.0,3.5997784030751347
GBR,United Kingdom,2001,211000,59119673.0,3.569031919374791
GBR,United Kingdom,2002,210000,59370479.0,3.537111432097423
GBR,United Kingdom,2003,213000,59647577.0,3.570974894755574
GBR,United Kingdom,2004,209000,59987905.0,3.4840356568544943
GBR,United Kingdom,2005,206000,60401206.0,3.4105279288628774
GBR,United Kingdom,2006,217000,60846820.0,3.5663326366110835
GBR,United Kingdom,2007,191000,61322463.0,3.1146824614660376
GBR,United Kingdom,2008,181000,61806995.0,2.9284711220793054
GBR,United Kingdom,2009,160000,62276270.0,2.5691969027689034
GBR,United Kingdom,2010,175000,62766365.0,2.78811748935915
GBR,United Kingdom,2011,178000,63258810.0,2.8138373137275265
GBR,United Kingdom,2012,174000,63711000.0,2.7310825446155294
GBR,United Kingdom,2013,166000,64138000.0,2.5881692600330535
GBR,United Kingdom,2014,169000,64619000.0,2.615329856543741
GBR,United Kingdom,2015,159000,65087000.0,2.442884139689953
GBR,United Kingdom,2016,155000,65606000.0,2.3625887876108895
GBR,United Kingdom,2017,152000,65964000.0,2.3042871869504578
GBR,United Kingdom,2018,150000,66287000.0,2.2628871422752574
GBR,United Kingdom,2019,148000,66628000.0,2.2212883472414
GBR,United Kingdom,2020,148000,66740000.0,2.2175606832484265
GBR,United Kingdom,2021,153000,66978000.0,2.2843321687718356
GBR,United Kingdom,2022,150000,67636000.0,2.2177538588917147
ISR,Israel,1948,85000,,
ISR,Israel,1949,82000,,
ISR,Israel,1950,78000,,
ISR,Israel,1951,75000,,
ISR,Israel,1952,75000,,
ISR,Israel,1953,75000,,
ISR,Israel,1954,75000,,
ISR,Israel,1955,75000,,
ISR,Israel,1956,75000,,
ISR,Israel,1957,70000,,
ISR,Israel,1958,65000,,
ISR,Israel,1959,65000,,
ISR,Israel,1960,65000,2114020.0,30.747107406741655
ISR,Israel,1961,63000,2185000.0,28.832951945080094
ISR,Israel,1962,65000,2293000.0,28.347143480156998
ISR,Israel,1963,65000,2379000.0,27.3224043715847
ISR,Israel,1964,65000,2475000.0,26.262626262626263
ISR,Israel,1965,65000,2563000.0,25.36090518923137
ISR,Israel,1966,65000,2629000.0,24.724229745150247
ISR,Israel,1967,75000,2745000.0,27.3224043715847
ISR,Israel,1968,95000,2803000.0,33.89225829468427
ISR,Israel,1969,100000,2877000.0,34.75842891901286
ISR,Israel,1970,105000,2974000.0,35.305985205110964
ISR,Israel,1971,130000,3069000.0,42.359074617139136
ISR,Israel,1972,130000,3148000.0,41.29606099110546
ISR,Israel,1973,130000,3278000.0,39.65832824893228
ISR,Israel,1974,182000,3377000.0,53.89398874740895
ISR,Israel,1975,172000,3455000.0,49.782923299565844
ISR,Israel,1976,172000,3533000.0,48.683838097933766
ISR,Israel,1977,179000,3613000.0,49.543315804040965
ISR,Israel,1978,179000,3690000.0,48.50948509485095
ISR,Israel,1979,181000,3786000.0,47.80771262546222
ISR,Israel,1980,196000,3878000.0,50.54151624548736
ISR,Israel,1981,201000,3956000.0,50.80889787664307
ISR,Israel,1982,205000,4031000.0,50.85586703051352
ISR,Israel,1983,205000,4105000.0,49.93909866017052
ISR,Israel,1984,205000,4159000.0,49.29069487857658
ISR,Israel,1985,195000,4233000.0,46.06661941885188
ISR,Israel,1986,180000,4299000.0,41.8702023726448
ISR,Israel,1987,180000,4369000.0,41.19935912108034
ISR,Israel,1988,191000,4442000.0,42.9986492570914
ISR,Israel,1989,191000,4518000.0,42.27534307215582
ISR,Israel,1990,190000,4660000.0,40.7725321888412
ISR,Israel,1991,190000,4949000.0,38.39159426146696
ISR,Israel,1992,181000,5123000.0,35.33086082373609
ISR,Israel,1993,181000,5261000.0,34.404105683330165
ISR,Israel,1994,185000,5399000.0,34.26560474161882
ISR,Israel,1995,185000,5545000.0,33.36339044183949
ISR,Israel,1996,185000,5692000.0,32.501756851721716
ISR,Israel,1997,185000,5836000.0,31.699794379712134
ISR,Israel,1998,175000,5971000.0,29.308323563892145
ISR,Israel,1999,173000,6125000.0,28.244897959183675
ISR,Israel,2000,172000,6289000.0,27.349340117665765
ISR,Israel,2001,164000,6439000.0,25.469793446187296
ISR,Israel,2002,161000,6570000.0,24.505327245053273
ISR,Israel,2003,167000,6689700.0,24.963750242910745
ISR,Israel,2004,168000,6809000.0,24.673226611837276
ISR,Israel,2005,168000,6930100.0,24.24207442894042
ISR,Israel,2006,168000,7053700.0,23.817287381090775
ISR,Israel,2007,168000,7180100.0,23.398002813331292
ISR,Israel,2008,177000,7308800.0,24.217381786339754
ISR,Israel,2009,177000,7485600.0,23.645399166399486
ISR,Israel,2010,177000,7623600.0,23.217377616873918
ISR,Israel,2011,177000,7765800.0,22.792242911226143
ISR,Israel,2012,177000,7910500.0,22.375323936540042
ISR,Israel,2013,177000,8059500.0,21.961660152614925
ISR,Israel,2014,177000,8215700.0,21.54411675207225
ISR,Israel,2015,177000,8380100.0,21.121466330950707
ISR,Israel,2016,177000,8546000.0,20.711443950386144
ISR,Israel,2017,177000,8713300.0,20.313773197296086
ISR,Israel,2018,177000,8882800.0,19.92614941234746
ISR,Israel,2019,170000,9054000.0,18.77623149988955
ISR,Israel,2020,170000,9215100.0,18.447982116309102
ISR,Israel,2021,170000,9371400.0,18.140299208229294
ISR,Israel,2022,170000,9557500.0,17.787078210829193
ITA,Italy,1816,19000,,
ITA,Italy,1817,39000,,
ITA,Italy,1818,39000,,
ITA,Italy,1819,39000,,
ITA,Italy,1820,41000,,
ITA,Italy,1821,43000,,
ITA,Italy,1822,56000,,
ITA,Italy,1823,19000,,
ITA,Italy,1824,27000,,
ITA,Italy,1825,27000,,
ITA,Italy,1826,27000,,
ITA,Italy,1827,27000,,
ITA,Italy,1828,31000,,
ITA,Italy,1829,31000,,
ITA,Italy,1830,31000,,
ITA,Italy,1831,31000,,
ITA,Italy,1832,31000,,
ITA,Italy,1833,31000,,
ITA,Italy,1834,31000,,
ITA,Italy,1835,38000,,
ITA,Italy,1836,38000,,
ITA,Italy,1837,38000,,
ITA,Italy,1838,38000,,
ITA,Italy,1839,35000,,
ITA,Italy,1840,38000,,
ITA,Italy,1841,35000,,
ITA,Italy,1842,31000,,
ITA,Italy,1843,28000,,
ITA,Italy,1844,28000,,
ITA,Italy,1845,28000,,
ITA,Italy,1846,32000,,
ITA,Italy,1847,36000,,
ITA,Italy,1848,70000,,
ITA,Italy,1849,70000,,
ITA,Italy,1850,41000,,
ITA,Italy,1851,55000,,
ITA,Italy,1852,55000,,
ITA,Italy,1853,51000,,
ITA,Italy,1854,51000,,
ITA,Italy,1855,53000,,
ITA,Italy,1856,52000,,
ITA,Italy,1857,51000,,
ITA,Italy,1858,51000,,
ITA,Italy,1859,53000,,
ITA,Italy,1860,184000,,
ITA,Italy,1861,201000,,
ITA,Italy,1862,185000,,
ITA,Italy,1863,275000,,
ITA,Italy,1864,365000,,
ITA,Italy,1865,209000,,
ITA,Italy,1866,233000,,
ITA,Italy,1867,394000,,
ITA,Italy,1868,294000,,
ITA,Italy,1869,204000,,
ITA,Italy,1870,174000,,
ITA,Italy,1871,353000,,
ITA,Italy,1872,175000,,
ITA,Italy,1873,161000,,
ITA,Italy,1874,177000,,
ITA,Italy,1875,179000,,
ITA,Italy,1876,156000,,
ITA,Italy,1877,152000,,
ITA,Italy,1878,203000,,
ITA,Italy,1879,167000,,
ITA,Italy,1880,167000,,
ITA,Italy,1881,167000,,
ITA,Italy,1882,162000,,
ITA,Italy,1883,163000,,
ITA,Italy,1884,223000,,
ITA,Italy,1885,226000,,
ITA,Italy,1886,227000,,
ITA,Italy,1887,230000,,
ITA,Italy,1888,237000,,
ITA,Italy,1889,256000,,
ITA,Italy,1890,257000,,
ITA,Italy,1891,265000,,
ITA,Italy,1892,241000,,
ITA,Italy,1893,264000,,
ITA,Italy,1894,250000,,
ITA,Italy,1895,229000,,
ITA,Italy,1896,226000,,
ITA,Italy,1897,247000,,
ITA,Italy,1898,318000,,
ITA,Italy,1899,264000,,
ITA,Italy,1900,262000,,
ITA,Italy,1901,262000,,
ITA,Italy,1902,276000,,
ITA,Italy,1903,270000,,
ITA,Italy,1904,263000,,
ITA,Italy,1905,266000,,
ITA,Italy,1906,267000,,
ITA,Italy,1907,219000,,
ITA,Italy,1908,227000,,
ITA,Italy,1909,251000,,
ITA,Italy,1910,252000,,
ITA,Italy,1911,291000,,
ITA,Italy,1912,398000,,
ITA,Italy,1913,288000,,
ITA,Italy,1914,344000,,
ITA,Italy,1915,3159000,,
ITA,Italy,1916,3159000,,
ITA,Italy,1917,3159000,,
ITA,Italy,1918,3159000,,
ITA,Italy,1919,2000000,,
ITA,Italy,1920,840000,,
ITA,Italy,1921,290000,,
ITA,Italy,1922,291000,,
ITA,Italy,1923,311000,,
ITA,Italy,1924,380000,,
ITA,Italy,1925,299000,,
ITA,Italy,1926,317000,,
ITA,Italy,1927,318000,,
ITA,Italy,1928,317000,,
ITA,Italy,1929,315000,,
ITA,Italy,1930,333000,,
ITA,Italy,1931,314000,,
ITA,Italy,1932,354000,,
ITA,Italy,1933,363000,,
ITA,Italy,1934,362000,,
ITA,Italy,1935,1380000,,
ITA,Italy,1936,343000,,
ITA,Italy,1937,466000,,
ITA,Italy,1938,486000,,
ITA,Italy,1939,581000,,
ITA,Italy,1940,1634000,,
ITA,Italy,1942,3750000,,
ITA,Italy,1943,1702000,,
ITA,Italy,1944,283000,,
ITA,Italy,1945,276000,,
ITA,Italy,1946,260000,,
ITA,Italy,1947,280000,,
ITA,Italy,1948,310000,,
ITA,Italy,1949,330000,,
ITA,Italy,1950,235000,,
ITA,Italy,1951,320000,,
ITA,Italy,1952,325000,,
ITA,Italy,1953,330000,,
ITA,Italy,1954,315000,,
ITA,Italy,1955,318000,,
ITA,Italy,1956,320000,,
ITA,Italy,1957,321000,,
ITA,Italy,1958,321000,,
ITA,Italy,1959,321000,,
ITA,Italy,1960,321000,50199700.0,6.39446052466449
ITA,Italy,1961,470000,50536350.0,9.300236364517817
ITA,Italy,1962,470000,50879450.0,9.237521238928487
ITA,Italy,1963,515000,51252000.0,10.048388355576368
ITA,Italy,1964,590000,51675350.0,11.417435972857465
ITA,Italy,1965,460000,52112350.0,8.827082255933576
ITA,Italy,1966,435000,52519000.0,8.282716731087797
ITA,Italy,1967,430000,52900500.0,8.128467594824246
ITA,Italy,1968,430000,53235750.0,8.077278896230446
ITA,Italy,1969,435000,53537950.0,8.125077631848063
ITA,Italy,1970,435000,53821850.0,8.082219396025964
ITA,Italy,1971,435000,54073490.0,8.044607440725576
ITA,Italy,1972,510000,54381345.0,9.378216004035943
ITA,Italy,1973,548000,54751406.0,10.008875388515136
ITA,Italy,1974,534000,55110868.0,9.689558872489542
ITA,Italy,1975,459000,55441001.0,8.279071295989047
ITA,Italy,1976,455000,55718260.0,8.166084152663776
ITA,Italy,1977,475000,55955411.0,8.48890199376786
ITA,Italy,1978,489000,56155143.0,8.708018070579929
ITA,Italy,1979,490000,56317749.0,8.700631838108444
ITA,Italy,1980,500000,56433883.0,8.859925516732563
ITA,Italy,1981,505000,56501675.0,8.937788127520113
ITA,Italy,1982,517000,56543548.0,9.14339510495521
ITA,Italy,1983,498000,56564074.0,8.804174890231563
ITA,Italy,1984,508000,56576718.0,8.978958447183167
ITA,Italy,1985,504000,56593071.0,8.90568387780193
ITA,Italy,1986,529000,56596155.0,9.346924715998817
ITA,Italy,1987,504000,56601931.0,8.90428985541147
ITA,Italy,1988,506000,56629288.0,8.935305702589798
ITA,Italy,1989,506000,56671781.0,8.928605931759936
ITA,Italy,1990,493000,56719240.0,8.691935928619635
ITA,Italy,1991,473000,56758521.0,8.333550481345348
ITA,Italy,1992,471000,56797087.0,8.292678812911657
ITA,Italy,1993,450000,56831821.0,7.918099263439052
ITA,Italy,1994,436000,56843400.0,7.670195660358107
ITA,Italy,1995,435000,56844303.0,7.652481903067754
ITA,Italy,1996,431000,56860281.0,7.579983644470558
ITA,Italy,1997,419000,56890372.0,7.365042366043942
ITA,Italy,1998,402000,56906744.0,7.06418908802795
ITA,Italy,1999,391000,56916317.0,6.869734737052645
ITA,Italy,2000,251000,56942108.0,4.407985738778761
ITA,Italy,2001,230000,56976981.0,4.03671791595978
ITA,Italy,2002,216000,57089824.0,3.7835114012612827
ITA,Italy,2003,200000,57399184.0,3.4843700913936337
ITA,Italy,2004,196000,57828179.0,3.3893510636051674
ITA,Italy,2005,192000,58166682.0,3.3008587287134583
ITA,Italy,2006,191000,58399861.0,3.270555729576137
ITA,Italy,2007,191000,58756247.0,3.250718174698939
ITA,Italy,2008,186000,59211181.0,3.1412986003437426
ITA,Italy,2009,293000,59555454.0,4.919784508737017
ITA,Italy,2010,293000,59819407.0,4.898075970562529
ITA,Italy,2011,185000,60026841.0,3.081954620933659
ITA,Italy,2012,185000,60191247.0,3.0735365891323037
ITA,Italy,2013,181000,60311613.0,3.0010804055265443
ITA,Italy,2014,176000,60320707.0,2.917737685004256
ITA,Italy,2015,176000,60229605.0,2.922150992024603
ITA,Italy,2016,175000,60115223.0,2.911076284288258
ITA,Italy,2017,175000,60002252.0,2.9165571985531478
ITA,Italy,2018,175000,59877221.0,2.922647328605982
ITA,Italy,2019,171000,59729081.0,2.8629270220983307
ITA,Italy,2020,166000,59438851.0,2.7927861526125395
ITA,Italy,2021,162000,59133173.0,2.7395790176860624
ITA,Italy,2022,161000,59013667.0,2.728181592240319
JPN,Japan,1860,12000,,
JPN,Japan,1861,12000,,
JPN,Japan,1862,12000,,
JPN,Japan,1863,0,,
JPN,Japan,1864,0,,
JPN,Japan,1865,0,,
JPN,Japan,1866,0,,
JPN,Japan,1867,0,,
JPN,Japan,1868,0,,
JPN,Japan,1869,6000,,
JPN,Japan,1870,6000,,
JPN,Japan,1871,17000,,
JPN,Japan,1872,20000,,
JPN,Japan,1873,40000,,
JPN,Japan,1874,41000,,
JPN,Japan,1875,41000,,
JPN,Japan,1876,37000,,
JPN,Japan,1877,38000,,
JPN,Japan,1878,43000,,
JPN,Japan,1879,44000,,
JPN,Japan,1880,45000,,
JPN,Japan,1881,46000,,
JPN,Japan,1882,47000,,
JPN,Japan,1883,48000,,
JPN,Japan,1884,48000,,
JPN,Japan,1885,52000,,
JPN,Japan,1886,56000,,
JPN,Japan,1887,62000,,
JPN,Japan,1888,62000,,
JPN,Japan,1889,69000,,
JPN,Japan,1890,71000,,
JPN,Japan,1891,89000,,
JPN,Japan,1892,79000,,
JPN,Japan,1893,71000,,
JPN,Japan,1894,83000,,
JPN,Japan,1895,207000,,
JPN,Japan,1896,103000,,
JPN,Japan,1897,132000,,
JPN,Japan,1898,156000,,
JPN,Japan,1899,147000,,
JPN,Japan,1900,182000,,
JPN,Japan,1901,206000,,
JPN,Japan,1902,209000,,
JPN,Japan,1903,214000,,
JPN,Japan,1904,218000,,
JPN,Japan,1905,250000,,
JPN,Japan,1906,266000,,
JPN,Japan,1907,262000,,
JPN,Japan,1908,273000,,
JPN,Japan,1909,273000,,
JPN,Japan,1910,283000,,
JPN,Japan,1911,274000,,
JPN,Japan,1912,275000,,
JPN,Japan,1913,296000,,
JPN,Japan,1914,300000,,
JPN,Japan,1915,650000,,
JPN,Japan,1916,650000,,
JPN,Japan,1917,660000,,
JPN,Japan,1918,660000,,
JPN,Japan,1919,306000,,
JPN,Japan,1920,306000,,
JPN,Japan,1921,306000,,
JPN,Japan,1922,306000,,
JPN,Japan,1923,306000,,
JPN,Japan,1924,306000,,
JPN,Japan,1925,306000,,
JPN,Japan,1926,302000,,
JPN,Japan,1927,274000,,
JPN,Japan,1928,285000,,
JPN,Japan,1929,296000,,
JPN,Japan,1930,293000,,
JPN,Japan,1931,292000,,
JPN,Japan,1932,370000,,
JPN,Japan,1933,371000,,
JPN,Japan,1934,399000,,
JPN,Japan,1935,410000,,
JPN,Japan,1936,416000,,
JPN,Japan,1937,393000,,
JPN,Japan,1938,370000,,
JPN,Japan,1939,957000,,
JPN,Japan,1940,957000,,
JPN,Japan,1941,3075000,,
JPN,Japan,1942,3075000,,
JPN,Japan,1943,3075000,,
JPN,Japan,1944,4325000,,
JPN,Japan,1945,6095000,,
JPN,Japan,1952,119000,,
JPN,Japan,1953,123000,,
JPN,Japan,1954,165000,,
JPN,Japan,1955,196000,,
JPN,Japan,1956,215000,,
JPN,Japan,1957,224000,,
JPN,Japan,1958,243000,,
JPN,Japan,1959,255000,,
JPN,Japan,1960,263000,93216000.0,2.821404050806729
JPN,Japan,1961,230000,94055000.0,2.4453777045345806
JPN,Japan,1962,235000,94933000.0,2.475430040133568
JPN,Japan,1963,243000,95900000.0,2.5338894681960378
JPN,Japan,1964,244000,96903000.0,2.517981899425198
JPN,Japan,1965,246000,97952000.0,2.5114341718392685
JPN,Japan,1966,227000,98851000.0,2.296385469039261
JPN,Japan,1967,231000,99879000.0,2.312798486168264
JPN,Japan,1968,235000,101011000.0,2.3264792943342805
JPN,Japan,1969,236000,102219000.0,2.308768428570031
JPN,Japan,1970,236000,103403000.0,2.2823322340744467
JPN,Japan,1971,234000,105697000.0,2.213875512076975
JPN,Japan,1972,233000,107188000.0,2.1737507929992166
JPN,Japan,1973,233000,108707000.0,2.143376231521429
JPN,Japan,1974,237000,110162000.0,2.1513770628710445
JPN,Japan,1975,237000,111573000.0,2.1241698260331803
JPN,Japan,1976,236000,112775000.0,2.0926623808468188
JPN,Japan,1977,236000,113872000.0,2.0725024589012224
JPN,Japan,1978,239000,114913000.0,2.079834309434094
JPN,Japan,1979,239000,115890000.0,2.062300457330227
JPN,Japan,1980,242000,116807000.0,2.071793642504302
JPN,Japan,1981,241000,117661000.0,2.0482572815121407
JPN,Japan,1982,243000,118480000.0,2.0509790681971642
JPN,Japan,1983,241000,119307000.0,2.0199988265566984
JPN,Japan,1984,241000,120083000.0,2.006945196239268
JPN,Japan,1985,241000,120837000.0,1.9944222382217367
JPN,Japan,1986,245000,121482000.0,2.016759684562322
JPN,Japan,1987,244000,122069000.0,1.9988694918447762
JPN,Japan,1988,245000,122578000.0,1.99872734095841
JPN,Japan,1989,247000,123069000.0,2.007004200895433
JPN,Japan,1990,250000,123478000.0,2.0246521647580944
JPN,Japan,1991,250000,123964000.0,2.0167145300248457
JPN,Japan,1992,242000,124425000.0,1.9449467550733373
JPN,Japan,1993,242000,124829000.0,1.9386520760400228
JPN,Japan,1994,233000,125178000.0,1.861349438399719
JPN,Japan,1995,240000,125472000.0,1.9127773527161438
JPN,Japan,1996,250000,125757000.0,1.9879609087366905
JPN,Japan,1997,250000,126057000.0,1.983229808737317
JPN,Japan,1998,255000,126400000.0,2.017405063291139
JPN,Japan,1999,240000,126631000.0,1.8952705103805545
JPN,Japan,2000,237000,126843000.0,1.868451550341761
JPN,Japan,2001,240000,127149000.0,1.8875492532383267
JPN,Japan,2002,240000,127445000.0,1.8831652869865432
JPN,Japan,2003,240000,127718000.0,1.87913998026903
JPN,Japan,2004,240000,127761000.0,1.8785075257707753
JPN,Japan,2005,240000,127773000.0,1.8783311028151488
JPN,Japan,2006,260000,127854000.0,2.0335695402568557
JPN,Japan,2007,240000,128001000.0,1.87498535167694
JPN,Japan,2008,240000,128063000.0,1.874077602430054
JPN,Japan,2009,230000,128047000.0,1.7962154521386677
JPN,Japan,2010,230000,128070000.0,1.7958928710861248
JPN,Japan,2011,248000,127833000.0,1.9400311343706242
JPN,Japan,2012,248000,127629000.0,1.9431320467918733
JPN,Japan,2013,247000,127445000.0,1.9380909411903176
JPN,Japan,2014,247000,127276000.0,1.9406643829158678
JPN,Japan,2015,247000,127141000.0,1.9427250060955947
JPN,Japan,2016,247000,127076000.0,1.9437187195064372
JPN,Japan,2017,247000,126972000.0,1.9453107771792204
JPN,Japan,2018,247000,126811000.0,1.9477805553146021
JPN,Japan,2019,247000,126633000.0,1.9505184272661944
JPN,Japan,2020,247000,126261000.0,1.9562651966957334
JPN,Japan,2021,247000,125681593.0,1.9652838104940316
JPN,Japan,2022,247000,125124989.0,1.9740261475667342
KOR,South Korea,1949,69000,,
KOR,South Korea,1950,109000,,
KOR,South Korea,1951,196000,,
KOR,South Korea,1952,335000,,
KOR,South Korea,1953,504000,,
KOR,South Korea,1954,630000,,
KOR,South Korea,1955,730000,,
KOR,South Korea,1956,650000,,
KOR,South Korea,1957,650000,,
KOR,South Korea,1958,650000,,
KOR,South Korea,1959,650000,,
KOR,South Korea,1960,650000,25012374.0,25.987137406469294
KOR,South Korea,1961,570000,25765673.0,22.122457270958925
KOR,South Korea,1962,570000,26513030.0,21.4988630118851
KOR,South Korea,1963,627000,27261747.0,22.999259731960684
KOR,South Korea,1964,600000,27984155.0,21.44070457013978
KOR,South Korea,1965,604000,28704674.0,21.041869348524912
KOR,South Korea,1966,572000,29435571.0,19.432271247600397
KOR,South Korea,1967,612000,30130983.0,20.311318751200385
KOR,South Korea,1968,620000,30838302.0,20.104868290089385
KOR,South Korea,1969,620000,31544266.0,19.654919217330974
KOR,South Korea,1970,645000,32240827.0,20.005690300686144
KOR,South Korea,1971,638000,32882704.0,19.40229732931939
KOR,South Korea,1972,635000,33505406.0,18.952165510246317
KOR,South Korea,1973,634000,34103149.0,18.590658592847248
KOR,South Korea,1974,634000,34692266.0,18.274966530004125
KOR,South Korea,1975,630000,35280725.0,17.856775902422637
KOR,South Korea,1976,610000,35848523.0,17.016042753002683
KOR,South Korea,1977,600000,36411795.0,16.478176920418232
KOR,South Korea,1978,600000,36969185.0,16.229732951916578
KOR,South Korea,1979,638000,37534236.0,16.997815008143498
KOR,South Korea,1980,600000,38123775.0,15.738210604799761
KOR,South Korea,1981,606000,38723248.0,15.64951369781791
KOR,South Korea,1982,601000,39326352.0,15.282373508735313
KOR,South Korea,1983,602000,39910403.0,15.083786550589329
KOR,South Korea,1984,602000,40405956.0,14.898793633295051
KOR,South Korea,1985,600000,40805744.0,14.703812286819229
KOR,South Korea,1986,604000,41213674.0,14.655330170273098
KOR,South Korea,1987,604000,41621690.0,14.511664471096681
KOR,South Korea,1988,626000,42031247.0,14.893681360441196
KOR,South Korea,1989,647000,42449038.0,15.241805950938158
KOR,South Korea,1990,650000,42869283.0,15.1623716216574
KOR,South Korea,1991,750000,43295704.0,17.322734837618068
KOR,South Korea,1992,750000,43747962.0,17.14365574332354
KOR,South Korea,1993,750000,44194628.0,16.970388346746578
KOR,South Korea,1994,750000,44641540.0,16.800495681824597
KOR,South Korea,1995,750000,45092991.0,16.632296580193582
KOR,South Korea,1996,670000,45524681.0,14.717291484151202
KOR,South Korea,1997,670000,45953580.0,14.579930442851243
KOR,South Korea,1998,670000,46286503.0,14.475061985132038
KOR,South Korea,1999,665000,46616677.0,14.265281070978096
KOR,South Korea,2000,683000,47008111.0,14.529407488848042
KOR,South Korea,2001,683000,47370164.0,14.41835835738293
KOR,South Korea,2002,686000,47644736.0,14.398232786933692
KOR,South Korea,2003,686000,47892330.0,14.323796733213857
KOR,South Korea,2004,687000,48082519.0,14.2879369527208
KOR,South Korea,2005,688000,48184561.0,14.27843246304558
KOR,South Korea,2006,688000,48438292.0,14.203638724503334
KOR,South Korea,2007,687000,48683638.0,14.111517302794832
KOR,South Korea,2008,687000,49054708.0,14.004771978257418
KOR,South Korea,2009,687000,49307835.0,13.932876996120394
KOR,South Korea,2010,687000,49554112.0,13.863632547789374
KOR,South Korea,2011,655000,49936638.0,13.116621907946627
KOR,South Korea,2012,655000,50199853.0,13.047846972778984
KOR,South Korea,2013,655000,50428893.0,12.988585730009977
KOR,South Korea,2014,655000,50746659.0,12.907253657822084
KOR,South Korea,2015,655000,51014947.0,12.839374311219023
KOR,South Korea,2016,628000,51217803.0,12.261361542587057
KOR,South Korea,2017,630000,51361911.0,12.265898751313983
KOR,South Korea,2018,625000,51585058.0,12.115911549425805
KOR,South Korea,2019,625000,51764822.0,12.073836552553006
KOR,South Korea,2020,599000,51836239.0,11.555622312799352
KOR,South Korea,2021,555000,51769539.0,10.72058995928088
KOR,South Korea,2022,555000,51672569.0,10.740708479193284
NLD,Netherlands,1816,26000,,
NLD,Netherlands,1817,27000,,
NLD,Netherlands,1818,27000,,
NLD,Netherlands,1819,27000,,
NLD,Netherlands,1820,27000,,
NLD,Netherlands,1821,27000,,
NLD,Netherlands,1822,27000,,
NLD,Netherlands,1823,28000,,
NLD,Netherlands,1824,28000,,
NLD,Netherlands,1825,28000,,
NLD,Netherlands,1826,28000,,
NLD,Netherlands,1827,29000,,
NLD,Netherlands,1828,29000,,
NLD,Netherlands,1829,29000,,
NLD,Netherlands,1830,30000,,
NLD,Netherlands,1831,80000,,
NLD,Netherlands,1832,38000,,
NLD,Netherlands,1833,38000,,
NLD,Netherlands,1834,32000,,
NLD,Netherlands,1835,32000,,
NLD,Netherlands,1836,32000,,
NLD,Netherlands,1837,43000,,
NLD,Netherlands,1838,32000,,
NLD,Netherlands,1839,32000,,
NLD,Netherlands,1840,22000,,
NLD,Netherlands,1841,24000,,
NLD,Netherlands,1842,26000,,
NLD,Netherlands,1843,28000,,
NLD,Netherlands,1844,30000,,
NLD,Netherlands,1845,32000,,
NLD,Netherlands,1846,32000,,
NLD,Netherlands,1847,33000,,
NLD,Netherlands,1848,32000,,
NLD,Netherlands,1849,31000,,
NLD,Netherlands,1850,30000,,
NLD,Netherlands,1851,30000,,
NLD,Netherlands,1852,29000,,
NLD,Netherlands,1853,31000,,
NLD,Netherlands,1854,33000,,
NLD,Netherlands,1855,38000,,
NLD,Netherlands,1856,38000,,
NLD,Netherlands,1857,38000,,
NLD,Netherlands,1858,38000,,
NLD,Netherlands,1859,38000,,
NLD,Netherlands,1860,39000,,
NLD,Netherlands,1861,39000,,
NLD,Netherlands,1862,39000,,
NLD,Netherlands,1863,39000,,
NLD,Netherlands,1864,39000,,
NLD,Netherlands,1865,39000,,
NLD,Netherlands,1866,38000,,
NLD,Netherlands,1867,38000,,
NLD,Netherlands,1868,39000,,
NLD,Netherlands,1869,39000,,
NLD,Netherlands,1870,39000,,
NLD,Netherlands,1871,39000,,
NLD,Netherlands,1872,39000,,
NLD,Netherlands,1873,39000,,
NLD,Netherlands,1874,40000,,
NLD,Netherlands,1875,41000,,
NLD,Netherlands,1876,41000,,
NLD,Netherlands,1877,39000,,
NLD,Netherlands,1878,40000,,
NLD,Netherlands,1879,40000,,
NLD,Netherlands,1880,41000,,
NLD,Netherlands,1881,43000,,
NLD,Netherlands,1882,44000,,
NLD,Netherlands,1883,45000,,
NLD,Netherlands,1884,46000,,
NLD,Netherlands,1885,46000,,
NLD,Netherlands,1886,44000,,
NLD,Netherlands,1887,37000,,
NLD,Netherlands,1888,38000,,
NLD,Netherlands,1889,38000,,
NLD,Netherlands,1890,42000,,
NLD,Netherlands,1891,34000,,
NLD,Netherlands,1892,30000,,
NLD,Netherlands,1893,29000,,
NLD,Netherlands,1894,29000,,
NLD,Netherlands,1895,29000,,
NLD,Netherlands,1896,29000,,
NLD,Netherlands,1897,29000,,
NLD,Netherlands,1898,29000,,
NLD,Netherlands,1899,29000,,
NLD,Netherlands,1900,31000,,
NLD,Netherlands,1901,31000,,
NLD,Netherlands,1902,35000,,
NLD,Netherlands,1903,31000,,
NLD,Netherlands,1904,31000,,
NLD,Netherlands,1905,34000,,
NLD,Netherlands,1906,28000,,
NLD,Netherlands,1907,28000,,
NLD,Netherlands,1908,27000,,
NLD,Netherlands,1909,27000,,
NLD,Netherlands,1910,28000,,
NLD,Netherlands,1911,45000,,
NLD,Netherlands,1912,46000,,
NLD,Netherlands,1913,45000,,
NLD,Netherlands,1914,41000,,
NLD,Netherlands,1915,33000,,
NLD,Netherlands,1916,28000,,
NLD,Netherlands,1917,23000,,
NLD,Netherlands,1918,19000,,
NLD,Netherlands,1919,14000,,
NLD,Netherlands,1920,14000,,
NLD,Netherlands,1921,14000,,
NLD,Netherlands,1922,15000,,
NLD,Netherlands,1923,15000,,
NLD,Netherlands,1924,15000,,
NLD,Netherlands,1925,16000,,
NLD,Netherlands,1926,16000,,
NLD,Netherlands,1927,14000,,
NLD,Netherlands,1928,14000,,
NLD,Netherlands,1929,14000,,
NLD,Netherlands,1930,14000,,
NLD,Netherlands,1931,16000,,
NLD,Netherlands,1932,16000,,
NLD,Netherlands,1933,16000,,
NLD,Netherlands,1934,16000,,
NLD,Netherlands,1935,16000,,
NLD,Netherlands,1936,15000,,
NLD,Netherlands,1937,16000,,
NLD,Netherlands,1938,16000,,
NLD,Netherlands,1939,47000,,
NLD,Netherlands,1940,64000,,
NLD,Netherlands,1945,87000,,
NLD,Netherlands,1946,100000,,
NLD,Netherlands,1947,233000,,
NLD,Netherlands,1948,233000,,
NLD,Netherlands,1949,233000,,
NLD,Netherlands,1950,226000,,
NLD,Netherlands,1951,218000,,
NLD,Netherlands,1952,211000,,
NLD,Netherlands,1953,203000,,
NLD,Netherlands,1954,196000,,
NLD,Netherlands,1955,188000,,
NLD,Netherlands,1956,181000,,
NLD,Netherlands,1957,173000,,
NLD,Netherlands,1958,166000,,
NLD,Netherlands,1959,158000,,
NLD,Netherlands,1960,151000,11486631.0,13.145716964356215
NLD,Netherlands,1961,141000,11638712.0,12.114742593510348
NLD,Netherlands,1962,141000,11805689.0,11.943394409254726
NLD,Netherlands,1963,130000,11965966.0,10.864145861688058
NLD,Netherlands,1964,125000,12127120.0,10.30747613613125
NLD,Netherlands,1965,125000,12294732.0,10.166956058903928
NLD,Netherlands,1966,120000,12456251.0,9.633717239641365
NLD,Netherlands,1967,120000,12598201.0,9.525169506344596
NLD,Netherlands,1968,120000,12729721.0,9.426758056991194
NLD,Netherlands,1969,120000,12877984.0,9.318228691695843
NLD,Netherlands,1970,115000,13038526.0,8.820015391310337
NLD,Netherlands,1971,110000,13194497.0,8.336808898436978
NLD,Netherlands,1972,115000,13328593.0,8.628067493695697
NLD,Netherlands,1973,111000,13439322.0,8.259345225897556
NLD,Netherlands,1974,110000,13545056.0,8.121044313142743
NLD,Netherlands,1975,107000,13666335.0,7.829458300268507
NLD,Netherlands,1976,106000,13774037.0,7.695637814825094
NLD,Netherlands,1977,103000,13856185.0,7.433503522073356
NLD,Netherlands,1978,106000,13941700.0,7.603090010543908
NLD,Netherlands,1979,107000,14038270.0,7.622021801831708
NLD,Netherlands,1980,107000,14149800.0,7.561944338435879
NLD,Netherlands,1981,108000,14247208.0,7.580432601250715
NLD,Netherlands,1982,106000,14312690.0,7.406015221457322
NLD,Netherlands,1983,104000,14367070.0,7.238775895154683
NLD,Netherlands,1984,103000,14424211.0,7.140771859202559
NLD,Netherlands,1985,103000,14491632.0,7.1075500675148255
NLD,Netherlands,1986,106000,14572278.0,7.274085767510063
NLD,Netherlands,1987,106000,14665037.0,7.228075865066007
NLD,Netherlands,1988,107000,14760094.0,7.249276325746977
NLD,Netherlands,1989,106000,14848907.0,7.138572556215754
NLD,Netherlands,1990,104000,14951510.0,6.955819178129834
NLD,Netherlands,1991,104000,15069798.0,6.901220573759515
NLD,Netherlands,1992,90000,15184166.0,5.927227086426742
NLD,Netherlands,1993,86000,15290368.0,5.624455866595231
NLD,Netherlands,1994,77000,15382838.0,5.005578294460359
NLD,Netherlands,1995,67000,15459006.0,4.334043210798935
NLD,Netherlands,1996,64000,15530498.0,4.120923875074707
NLD,Netherlands,1997,57000,15610650.0,3.6513534029652837
NLD,Netherlands,1998,55000,15707209.0,3.5015768874024658
NLD,Netherlands,1999,54000,15812088.0,3.41510874465156
NLD,Netherlands,2000,52000,15925513.0,3.2652009388959717
NLD,Netherlands,2001,50000,16046180.0,3.116006426451654
NLD,Netherlands,2002,50000,16148929.0,3.0961805578561896
NLD,Netherlands,2003,53000,16225302.0,3.266503144286621
NLD,Netherlands,2004,53000,16281779.0,3.2551725459484495
NLD,Netherlands,2005,53000,16319868.0,3.247575286760898
NLD,Netherlands,2006,53000,16346101.0,3.2423634235466916
NLD,Netherlands,2007,53000,16381696.0,3.235318247878608
NLD,Netherlands,2008,46000,16445593.0,2.7971019348466184
NLD,Netherlands,2009,41000,16530388.0,2.4802805596577646
NLD,Netherlands,2010,47000,16615394.0,2.8287021060108475
NLD,Netherlands,2011,37000,16693074.0,2.2164881075828213
NLD,Netherlands,2012,37000,16754962.0,2.2083010394174574
NLD,Netherlands,2013,37000,16804432.0,2.201800096545959
NLD,Netherlands,2014,37000,16865008.0,2.1938916364581624
NLD,Netherlands,2015,37000,16939923.0,2.184189385040298
NLD,Netherlands,2016,36000,17030314.0,2.1138776419507
NLD,Netherlands,2017,35000,17131296.0,2.0430444958746845
NLD,Netherlands,2018,35000,17231624.0,2.0311492404894627
NLD,Netherlands,2019,35000,17344874.0,2.0178872443812508
NLD,Netherlands,2020,35000,17441500.0,2.006708138634865
NLD,Netherlands,2021,34000,17533044.0,1.9391954985112683
NLD,Netherlands,2022,34000,17700982.0,1.920797388529066
NOR,Norway,1905,32000,,
NOR,Norway,1906,7000,,
NOR,Norway,1907,7000,,
NOR,Norway,1908,7000,,
NOR,Norway,1909,7000,,
NOR,Norway,1910,5000,,
NOR,Norway,1911,5000,,
NOR,Norway,1912,5000,,
NOR,Norway,1913,5000,,
NOR,Norway,1914,5000,,
NOR,Norway,1915,5000,,
NOR,Norway,1916,5000,,
NOR,Norway,1917,7000,,
NOR,Norway,1918,7000,,
NOR,Norway,1919,7000,,
NOR,Norway,1920,7000,,
NOR,Norway,1921,7000,,
NOR,Norway,1922,7000,,
NOR,Norway,1923,7000,,
NOR,Norway,1924,7000,,
NOR,Norway,1925,6000,,
NOR,Norway,1926,7000,,
NOR,Norway,1927,6000,,
NOR,Norway,1928,6000,,
NOR,Norway,1929,6000,,
NOR,Norway,1930,4000,,
NOR,Norway,1931,5000,,
NOR,Norway,1932,5000,,
NOR,Norway,1933,5000,,
NOR,Norway,1934,4000,,
NOR,Norway,1935,4000,,
NOR,Norway,1936,4000,,
NOR,Norway,1937,4000,,
NOR,Norway,1938,4000,,
NOR,Norway,1939,4000,,
NOR,Norway,1940,4000,,
NOR,Norway,1945,4000,,
NOR,Norway,1946,33000,,
NOR,Norway,1947,30000,,
NOR,Norway,1948,30000,,
NOR,Norway,1949,30000,,
NOR,Norway,1950,30000,,
NOR,Norway,1951,30000,,
NOR,Norway,1952,31000,,
NOR,Norway,1953,31000,,
NOR,Norway,1954,32000,,
NOR,Norway,1955,33000,,
NOR,Norway,1956,34000,,
NOR,Norway,1957,34000,,
NOR,Norway,1958,35000,,
NOR,Norway,1959,36000,,
NOR,Norway,1960,37000,3581239.0,10.331619866755611
NOR,Norway,1961,32000,3609800.0,8.864757050252091
NOR,Norway,1962,34000,3638918.0,9.343436702888058
NOR,Norway,1963,35000,3666537.0,9.545792119375857
NOR,Norway,1964,35000,3694339.0,9.473954610012779
NOR,Norway,1965,35000,3723168.0,9.40059648127616
NOR,Norway,1966,35000,3753012.0,9.325842816383213
NOR,Norway,1967,35000,3784539.0,9.248154134493
NOR,Norway,1968,35000,3816486.0,9.170739785236997
NOR,Norway,1969,35000,3847707.0,9.096326721343388
NOR,Norway,1970,35000,3875763.0,9.030479933886566
NOR,Norway,1971,35000,3903039.0,8.967371322705205
NOR,Norway,1972,35000,3933004.0,8.899050191660114
NOR,Norway,1973,39000,3960612.0,9.84696304510515
NOR,Norway,1974,40000,3985258.0,10.036991331552438
NOR,Norway,1975,38000,4007313.0,9.482663320783777
NOR,Norway,1976,39000,4026152.0,9.686668560948519
NOR,Norway,1977,39000,4043205.0,9.64581316059908
NOR,Norway,1978,40000,4058671.0,9.85544282845296
NOR,Norway,1979,40000,4072517.0,9.821935672705601
NOR,Norway,1980,40000,4085620.0,9.790435723341867
NOR,Norway,1981,39000,4099702.0,9.512886546388007
NOR,Norway,1982,40000,4114787.0,9.721037808275375
NOR,Norway,1983,41000,4128432.0,9.931131238203754
NOR,Norway,1984,39000,4140099.0,9.42006459265829
NOR,Norway,1985,36000,4152516.0,8.669442814910287
NOR,Norway,1986,38000,4167354.0,9.1184958129307
NOR,Norway,1987,38000,4186905.0,9.075916458577398
NOR,Norway,1988,40000,4209488.0,9.502343277852319
NOR,Norway,1989,43000,4226901.0,10.172937572940555
NOR,Norway,1990,51000,4241473.0,12.024124637832188
NOR,Norway,1991,41000,4261732.0,9.620501711510718
NOR,Norway,1992,36000,4286401.0,8.398654255633105
NOR,Norway,1993,32000,4311991.0,7.421165767739311
NOR,Norway,1994,33000,4336613.0,7.609625299744294
NOR,Norway,1995,38000,4359184.0,8.71722781144361
NOR,Norway,1996,38000,4381336.0,8.673153576899832
NOR,Norway,1997,33000,4405157.0,7.491219949708944
NOR,Norway,1998,33000,4431464.0,7.44674897505655
NOR,Norway,1999,33000,4461913.0,7.395930848494805
NOR,Norway,2000,27000,4490967.0,6.012068224950217
NOR,Norway,2001,27000,4513751.0,5.981721189316823
NOR,Norway,2002,27000,4538159.0,5.949549145369301
NOR,Norway,2003,27000,4564855.0,5.914755233189225
NOR,Norway,2004,26000,4591910.0,5.662131879762452
NOR,Norway,2005,26000,4623291.0,5.623699654639953
NOR,Norway,2006,26000,4660677.0,5.578588690012202
NOR,Norway,2007,23000,4709153.0,4.884105485636165
NOR,Norway,2008,16000,4768212.0,3.355555499629631
NOR,Norway,2009,19000,4828726.0,3.934785282908991
NOR,Norway,2010,24000,4889252.0,4.908726324599346
NOR,Norway,2011,26000,4953088.0,5.249250568534216
NOR,Norway,2012,24000,5018573.0,4.782235906501709
NOR,Norway,2013,24000,5079623.0,4.7247600855417815
NOR,Norway,2014,26000,5137232.0,5.061091264712203
NOR,Norway,2015,26000,5188607.0,5.01097886195659
NOR,Norway,2016,26000,5234519.0,4.967027533952976
NOR,Norway,2017,25000,5276968.0,4.737568997954886
NOR,Norway,2018,24000,5311916.0,4.518143735706664
NOR,Norway,2019,23000,5347896.0,4.300756783602373
NOR,Norway,2020,23000,5379475.0,4.2755101566602685
NOR,Norway,2021,25000,5408320.0,4.622507543932312
NOR,Norway,2022,25000,5457127.0,4.581165144223325
NZL,New Zealand,1922,1000,,
NZL,New Zealand,1923,1000,,
NZL,New Zealand,1924,1000,,
NZL,New Zealand,1925,1000,,
NZL,New Zealand,1926,1000,,
NZL,New Zealand,1927,1000,,
NZL,New Zealand,1928,1000,,
NZL,New Zealand,1929,1000,,
NZL,New Zealand,1930,1000,,
NZL,New Zealand,1931,1000,,
NZL,New Zealand,1932,1000,,
NZL,New Zealand,1933,1000,,
NZL,New Zealand,1934,1000,,
NZL,New Zealand,1935,1000,,
NZL,New Zealand,1936,1000,,
NZL,New Zealand,1937,1000,,
NZL,New Zealand,1938,1000,,
NZL,New Zealand,1939,1000,,
NZL,New Zealand,1940,1000,,
NZL,New Zealand,1941,100000,,
NZL,New Zealand,1942,154000,,
NZL,New Zealand,1944,157000,,
NZL,New Zealand,1950,9000,,
NZL,New Zealand,1951,9000,,
NZL,New Zealand,1952,10000,,
NZL,New Zealand,1953,10000,,
NZL,New Zealand,1954,10000,,
NZL,New Zealand,1955,10000,,
NZL,New Zealand,1956,11000,,
NZL,New Zealand,1957,12000,,
NZL,New Zealand,1958,11000,,
NZL,New Zealand,1959,12000,,
NZL,New Zealand,1960,12000,2371800.0,5.0594485201113075
NZL,New Zealand,1961,13000,2419700.0,5.37256684712981
NZL,New Zealand,1962,12000,2482000.0,4.834810636583401
NZL,New Zealand,1963,12000,2531800.0,4.739710877636464
NZL,New Zealand,1964,13000,2585400.0,5.028235476135221
NZL,New Zealand,1965,13000,2628400.0,4.945974737482879
NZL,New Zealand,1966,13000,2675900.0,4.858178556747262
NZL,New Zealand,1967,13000,2724100.0,4.772218347344077
NZL,New Zealand,1968,13000,2748100.0,4.730541101124413
NZL,New Zealand,1969,14000,2772800.0,5.049047893825736
NZL,New Zealand,1970,14000,2810700.0,4.980965595759064
NZL,New Zealand,1971,14000,2853000.0,4.907115317209954
NZL,New Zealand,1972,14000,2903900.0,4.8211026550501055
NZL,New Zealand,1973,13000,2961300.0,4.3899638672204775
NZL,New Zealand,1974,13000,3023700.0,4.299368323577075
NZL,New Zealand,1975,13000,3083100.0,4.21653530537446
NZL,New Zealand,1976,13000,3110500.0,4.179392380646198
NZL,New Zealand,1977,13000,3120200.0,4.1663995897698864
NZL,New Zealand,1978,13000,3121200.0,4.165064718697937
NZL,New Zealand,1979,13000,3109000.0,4.18140881312319
NZL,New Zealand,1980,13000,3112900.0,4.176170130746249
NZL,New Zealand,1981,12000,3124900.0,3.840122883932286
NZL,New Zealand,1982,12000,3156100.0,3.8021608947751973
NZL,New Zealand,1983,13000,3199300.0,4.063388866314506
NZL,New Zealand,1984,13000,3227100.0,4.028384617768276
NZL,New Zealand,1985,13000,3247100.0,4.0035724184657075
NZL,New Zealand,1986,12000,3246300.0,3.696516033638296
NZL,New Zealand,1987,13000,3274400.0,3.9701930124602978
NZL,New Zealand,1988,13000,3283400.0,3.9593104708533837
NZL,New Zealand,1989,12000,3299200.0,3.637245392822502
NZL,New Zealand,1990,11000,3329800.0,3.3035017118145236
NZL,New Zealand,1991,11000,3495100.0,3.1472633114932336
NZL,New Zealand,1992,11000,3531700.0,3.114647336976527
NZL,New Zealand,1993,11000,3572200.0,3.0793348636694478
NZL,New Zealand,1994,10000,3620000.0,2.7624309392265194
NZL,New Zealand,1995,10000,3673400.0,2.7222736429465892
NZL,New Zealand,1996,10000,3732000.0,2.679528403001072
NZL,New Zealand,1997,10000,3781300.0,2.64459312934705
NZL,New Zealand,1998,10000,3815000.0,2.6212319790301444
NZL,New Zealand,1999,10000,3835100.0,2.6074939375765953
NZL,New Zealand,2000,9000,3857700.0,2.332996344972393
NZL,New Zealand,2001,9000,3880500.0,2.3192887514495553
NZL,New Zealand,2002,9000,3948500.0,2.2793465873116374
NZL,New Zealand,2003,9000,4027200.0,2.234803337306317
NZL,New Zealand,2004,9000,4087500.0,2.2018348623853212
NZL,New Zealand,2005,9000,4133900.0,2.1771208785892253
NZL,New Zealand,2006,9000,4184600.0,2.1507432012617693
NZL,New Zealand,2007,9000,4223800.0,2.1307827075145602
NZL,New Zealand,2008,9000,4259800.0,2.1127752476642097
NZL,New Zealand,2009,9000,4302600.0,2.09175847162181
NZL,New Zealand,2010,10000,4350700.0,2.298480704254488
NZL,New Zealand,2011,10000,4384000.0,2.2810218978102186
NZL,New Zealand,2012,10000,4408100.0,2.2685510764274857
NZL,New Zealand,2013,9000,4442100.0,2.0260687512662927
NZL,New Zealand,2014,9000,4516500.0,1.9926934573231483
NZL,New Zealand,2015,9000,4609400.0,1.9525317828784658
NZL,New Zealand,2016,9000,4714100.0,1.9091661186652809
NZL,New Zealand,2017,9000,4813600.0,1.8697025095562572
NZL,New Zealand,2018,9000,4900600.0,1.8365098151246786
NZL,New Zealand,2019,9000,4970300.0,1.81075588998652
NZL,New Zealand,2020,9000,5072400.0,1.7743080198722496
NZL,New Zealand,2021,10000,5084600.0,1.9667230460606537
NZL,New Zealand,2022,9000,5081700.0,1.7710608654584097
SWE,Sweden,1819,54000,,
SWE,Sweden,1823,45000,,
SWE,Sweden,1828,45000,,
SWE,Sweden,1830,42000,,
SWE,Sweden,1831,45000,,
SWE,Sweden,1833,52000,,
SWE,Sweden,1840,52000,,
SWE,Sweden,1844,52000,,
SWE,Sweden,1846,52000,,
SWE,Sweden,1848,47000,,
SWE,Sweden,1849,49000,,
SWE,Sweden,1850,34000,,
SWE,Sweden,1851,34000,,
SWE,Sweden,1852,49000,,
SWE,Sweden,1853,77000,,
SWE,Sweden,1855,77000,,
SWE,Sweden,1856,77000,,
SWE,Sweden,1857,77000,,
SWE,Sweden,1858,76000,,
SWE,Sweden,1859,77000,,
SWE,Sweden,1860,77000,,
SWE,Sweden,1861,77000,,
SWE,Sweden,1862,91000,,
SWE,Sweden,1863,91000,,
SWE,Sweden,1864,117000,,
SWE,Sweden,1865,117000,,
SWE,Sweden,1866,120000,,
SWE,Sweden,1867,120000,,
SWE,Sweden,1868,83000,,
SWE,Sweden,1869,83000,,
SWE,Sweden,1870,83000,,
SWE,Sweden,1871,83000,,
SWE,Sweden,1872,86000,,
SWE,Sweden,1873,82000,,
SWE,Sweden,1875,79000,,
SWE,Sweden,1876,54000,,
SWE,Sweden,1877,94000,,
SWE,Sweden,1878,86000,,
SWE,Sweden,1879,64000,,
SWE,Sweden,1880,92000,,
SWE,Sweden,1881,66000,,
SWE,Sweden,1882,67000,,
SWE,Sweden,1883,69000,,
SWE,Sweden,1884,62000,,
SWE,Sweden,1885,65000,,
SWE,Sweden,1886,65000,,
SWE,Sweden,1887,65000,,
SWE,Sweden,1888,64000,,
SWE,Sweden,1889,64000,,
SWE,Sweden,1890,66000,,
SWE,Sweden,1891,66000,,
SWE,Sweden,1892,63000,,
SWE,Sweden,1893,63000,,
SWE,Sweden,1894,63000,,
SWE,Sweden,1895,63000,,
SWE,Sweden,1896,62000,,
SWE,Sweden,1897,63000,,
SWE,Sweden,1898,63000,,
SWE,Sweden,1899,63000,,
SWE,Sweden,1900,75000,,
SWE,Sweden,1901,75000,,
SWE,Sweden,1902,73000,,
SWE,Sweden,1903,103000,,
SWE,Sweden,1904,95000,,
SWE,Sweden,1905,64000,,
SWE,Sweden,1906,67000,,
SWE,Sweden,1907,67000,,
SWE,Sweden,1908,67000,,
SWE,Sweden,1909,65000,,
SWE,Sweden,1910,71000,,
SWE,Sweden,1911,74000,,
SWE,Sweden,1912,74000,,
SWE,Sweden,1913,86000,,
SWE,Sweden,1915,80000,,
SWE,Sweden,1916,99000,,
SWE,Sweden,1917,100000,,
SWE,Sweden,1918,101000,,
SWE,Sweden,1920,101000,,
SWE,Sweden,1921,25000,,
SWE,Sweden,1922,30000,,
SWE,Sweden,1923,25000,,
SWE,Sweden,1924,40000,,
SWE,Sweden,1925,30000,,
SWE,Sweden,1926,28000,,
SWE,Sweden,1927,28000,,
SWE,Sweden,1928,38000,,
SWE,Sweden,1929,38000,,
SWE,Sweden,1930,39000,,
SWE,Sweden,1931,32000,,
SWE,Sweden,1932,32000,,
SWE,Sweden,1933,34000,,
SWE,Sweden,1935,39000,,
SWE,Sweden,1936,30000,,
SWE,Sweden,1937,27000,,
SWE,Sweden,1938,41000,,
SWE,Sweden,1940,100000,,
SWE,Sweden,1942,400000,,
SWE,Sweden,1943,400000,,
SWE,Sweden,1944,400000,,
SWE,Sweden,1945,400000,,
SWE,Sweden,1957,28000,,
SWE,Sweden,1958,28000,,
SWE,Sweden,1959,29000,,
SWE,Sweden,1960,29000,7484656.0,3.8745935684953325
SWE,Sweden,1961,80000,7519998.0,10.63830070167572
SWE,Sweden,1962,80000,7561588.0,10.579788266697419
SWE,Sweden,1963,70000,7604328.0,9.205284148711101
SWE,Sweden,1964,70000,7661354.0,9.13676616430986
SWE,Sweden,1965,70000,7733853.0,9.05111591854668
SWE,Sweden,1966,70000,7807797.0,8.965397025563036
SWE,Sweden,1967,70000,7867931.0,8.896875175951594
SWE,Sweden,1968,75000,7912273.0,9.478944925181423
SWE,Sweden,1969,75000,7968072.0,9.412565549106484
SWE,Sweden,1970,75000,8042801.0,9.325109498544101
SWE,Sweden,1971,75000,8098334.0,9.261164086341708
SWE,Sweden,1972,75000,8122300.0,9.233837706068478
SWE,Sweden,1973,75000,8136312.0,9.217935595390147
SWE,Sweden,1974,75000,8159955.0,9.191227157502707
SWE,Sweden,1975,75000,8192437.0,9.154785077993276
SWE,Sweden,1976,66000,8222286.0,8.026964763813858
SWE,Sweden,1977,69000,8251540.0,8.362075442887024
SWE,Sweden,1978,69000,8275599.0,8.337765036706104
SWE,Sweden,1979,68000,8293678.0,8.199016166289551
SWE,Sweden,1980,70000,8310531.0,8.423047817281471
SWE,Sweden,1981,70000,8320503.0,8.412952918831952
SWE,Sweden,1982,70000,8325263.0,8.408142781795602
SWE,Sweden,1983,68000,8329033.0,8.164213060507745
SWE,Sweden,1984,69000,8336605.0,8.27675054773496
SWE,Sweden,1985,69000,8350386.0,8.26309107147861
SWE,Sweden,1986,66000,8369829.0,7.885465760411592
SWE,Sweden,1987,66000,8397804.0,7.85919747591156
SWE,Sweden,1988,65000,8436489.0,7.7046268892189635
SWE,Sweden,1989,62000,8492964.0,7.300160462236741
SWE,Sweden,1990,65000,8558835.0,7.59449154002852
SWE,Sweden,1991,63000,8617375.0,7.310811006832127
SWE,Sweden,1992,70000,8668067.0,8.075618243375368
SWE,Sweden,1993,70000,8718561.0,8.028847879827875
SWE,Sweden,1994,70000,8780745.0,7.9719887093862765
SWE,Sweden,1995,70000,8826939.0,7.930268918817724
SWE,Sweden,1996,60000,8840998.0,6.786564141288122
SWE,Sweden,1997,60000,8846062.0,6.782679117555359
SWE,Sweden,1998,55000,8850974.0,6.2140053738718475
SWE,Sweden,1999,52000,8857874.0,5.870483143020548
SWE,Sweden,2000,53000,8872109.0,5.973776922713641
SWE,Sweden,2001,34000,8895960.0,3.821959631113449
SWE,Sweden,2002,34000,8924958.0,3.8095417367790416
SWE,Sweden,2003,28000,8958229.0,3.1256177978928648
SWE,Sweden,2004,28000,8993531.0,3.113348917127211
SWE,Sweden,2005,28000,9029572.0,3.100922169954456
SWE,Sweden,2006,28000,9080505.0,3.0835289447007628
SWE,Sweden,2007,28000,9148092.0,3.0607475307419296
SWE,Sweden,2008,24000,9219637.0,2.603139364380615
SWE,Sweden,2009,17000,9298515.0,1.8282489193166866
SWE,Sweden,2010,13000,9378126.0,1.3862044506546405
SWE,Sweden,2011,21000,9449213.0,2.222407305243304
SWE,Sweden,2012,20000,9519374.0,2.1009784887115477
SWE,Sweden,2013,21000,9600379.0,2.1874136427322295
SWE,Sweden,2014,15000,9696110.0,1.547012152296127
SWE,Sweden,2015,15000,9799186.0,1.5307393899860662
SWE,Sweden,2016,30000,9923085.0,3.0232533531658756
SWE,Sweden,2017,30000,10057698.0,2.9827898988416632
SWE,Sweden,2018,30000,10175214.0,2.9483409390701762
SWE,Sweden,2019,30000,10278887.0,2.918603930561743
SWE,Sweden,2020,15000,10353442.0,1.4487935509756078
SWE,Sweden,2021,15000,10415811.0,1.4401182970773951
SWE,Sweden,2022,15000,10486941.0,1.4303503757673472
USA,United States,1816,17000,,
USA,United States,1817,15000,,
USA,United States,1818,14000,,
USA,United States,1819,13000,,
USA,United States,1820,15000,,
USA,United States,1821,11000,,
USA,United States,1822,10000,,
USA,United States,1823,11000,,
USA,United States,1824,11000,,
USA,United States,1825,11000,,
USA,United States,1826,12000,,
USA,United States,1827,12000,,
USA,United States,1828,11000,,
USA,United States,1829,12000,,
USA,United States,1830,12000,,
USA,United States,1831,11000,,
USA,United States,1832,12000,,
USA,United States,1833,13000,,
USA,United States,1834,13000,,
USA,United States,1835,14000,,
USA,United States,1836,17000,,
USA,United States,1837,22000,,
USA,United States,1838,18000,,
USA,United States,1839,19000,,
USA,United States,1840,22000,,
USA,United States,1841,21000,,
USA,United States,1842,23000,,
USA,United States,1843,21000,,
USA,United States,1844,21000,,
USA,United States,1845,21000,,
USA,United States,1846,39000,,
USA,United States,1847,58000,,
USA,United States,1848,60000,,
USA,United States,1849,23000,,
USA,United States,1850,21000,,
USA,United States,1851,21000,,
USA,United States,1852,21000,,
USA,United States,1853,21000,,
USA,United States,1854,21000,,
USA,United States,1855,26000,,
USA,United States,1856,26000,,
USA,United States,1857,27000,,
USA,United States,1858,29000,,
USA,United States,1859,29000,,
USA,United States,1860,28000,,
USA,United States,1861,217000,,
USA,United States,1862,673000,,
USA,United States,1863,960000,,
USA,United States,1864,1032000,,
USA,United States,1865,1063000,,
USA,United States,1866,77000,,
USA,United States,1867,75000,,
USA,United States,1868,66000,,
USA,United States,1869,52000,,
USA,United States,1870,50000,,
USA,United States,1871,42000,,
USA,United States,1872,42000,,
USA,United States,1873,43000,,
USA,United States,1874,44000,,
USA,United States,1875,38000,,
USA,United States,1876,41000,,
USA,United States,1877,34000,,
USA,United States,1878,36000,,
USA,United States,1879,38000,,
USA,United States,1880,38000,,
USA,United States,1881,38000,,
USA,United States,1882,38000,,
USA,United States,1883,37000,,
USA,United States,1884,39000,,
USA,United States,1885,39000,,
USA,United States,1886,39000,,
USA,United States,1887,39000,,
USA,United States,1888,39000,,
USA,United States,1889,39000,,
USA,United States,1890,39000,,
USA,United States,1891,38000,,
USA,United States,1892,39000,,
USA,United States,1893,39000,,
USA,United States,1894,42000,,
USA,United States,1895,42000,,
USA,United States,1896,42000,,
USA,United States,1897,44000,,
USA,United States,1898,236000,,
USA,United States,1899,100000,,
USA,United States,1900,126000,,
USA,United States,1901,112000,,
USA,United States,1902,111000,,
USA,United States,1903,106000,,
USA,United States,1904,110000,,
USA,United States,1905,108000,,
USA,United States,1906,112000,,
USA,United States,1907,108000,,
USA,United States,1908,129000,,
USA,United States,1909,142000,,
USA,United States,1910,139000,,
USA,United States,1911,145000,,
USA,United States,1912,153000,,
USA,United States,1913,155000,,
USA,United States,1914,166000,,
USA,United States,1915,174000,,
USA,United States,1916,179000,,
USA,United States,1917,644000,,
USA,United States,1918,2897000,,
USA,United States,1919,1173000,,
USA,United States,1920,343000,,
USA,United States,1921,387000,,
USA,United States,1922,270000,,
USA,United States,1923,247000,,
USA,United States,1924,261000,,
USA,United States,1925,252000,,
USA,United States,1926,247000,,
USA,United States,1927,249000,,
USA,United States,1928,251000,,
USA,United States,1929,255000,,
USA,United States,1930,256000,,
USA,United States,1931,253000,,
USA,United States,1932,245000,,
USA,United States,1933,244000,,
USA,United States,1934,247000,,
USA,United States,1935,252000,,
USA,United States,1936,291000,,
USA,United States,1937,312000,,
USA,United States,1938,323000,,
USA,United States,1939,334000,,
USA,United States,1940,458000,,
USA,United States,1941,1801000,,
USA,United States,1942,3859000,,
USA,United States,1943,9045000,,
USA,United States,1944,11452000,,
USA,United States,1945,12123000,,
USA,United States,1946,3030000,,
USA,United States,1947,1583000,,
USA,United States,1948,1446000,,
USA,United States,1949,1615000,,
USA,United States,1950,1460000,,
USA,United States,1951,3249000,,
USA,United States,1952,3636000,,
USA,United States,1953,3555000,,
USA,United States,1954,3302000,,
USA,United States,1955,2935000,,
USA,United States,1956,2806000,,
USA,United States,1957,2796000,,
USA,United States,1958,2411000,,
USA,United States,1959,2328000,,
USA,United States,1960,2306000,180671000.0,12.763531502011944
USA,United States,1961,2307000,183691000.0,12.559134633705517
USA,United States,1962,2807000,186538000.0,15.04787228339534
USA,United States,1963,2700000,189242000.0,14.267445915811502
USA,United States,1964,2687000,191889000.0,14.002887085763122
USA,United States,1965,2660000,194303000.0,13.689958466930515
USA,United States,1966,3090000,196560000.0,15.72039072039072
USA,United States,1967,3380000,198712000.0,17.009541446918153
USA,United States,1968,3550000,200706000.0,17.68756290295258
USA,United States,1969,3460000,202677000.0,17.071497999279643
USA,United States,1970,3070000,205052000.0,14.971812028168465
USA,United States,1971,2720000,207661000.0,13.098270739329966
USA,United States,1972,2323000,209896000.0,11.067385752944315
USA,United States,1973,2206000,211909000.0,10.410128876074165
USA,United States,1974,2146000,213854000.0,10.034883612184013
USA,United States,1975,2098000,215973000.0,9.714177235117353
USA,United States,1976,2075000,218035000.0,9.516820693925288
USA,United States,1977,2060000,220239000.0,9.353475088426663
USA,United States,1978,2060000,222585000.0,9.254891389806142
USA,United States,1979,2033000,225055000.0,9.03334740396792
USA,United States,1980,2050000,227225000.0,9.02189459786555
USA,United States,1981,2101000,229466000.0,9.156040546311871
USA,United States,1982,2168000,231664000.0,9.35838110366738
USA,United States,1983,2201000,233792000.0,9.41435121817684
USA,United States,1984,2222000,235825000.0,9.422241068588997
USA,United States,1985,2244000,237924000.0,9.43158319463358
USA,United States,1986,2269000,240133000.0,9.448930384411971
USA,United States,1987,2280000,242289000.0,9.410249743075418
USA,United States,1988,2250000,244499000.0,9.20249162573262
USA,United States,1989,2240000,246819000.0,9.075476361220165
USA,United States,1990,2180000,249623000.0,8.733169619786638
USA,United States,1991,2110000,252981000.0,8.340547313829893
USA,United States,1992,1920000,256514000.0,7.48497158049853
USA,United States,1993,1810000,259919000.0,6.96370792439183
USA,United States,1994,1710000,263126000.0,6.498787653063551
USA,United States,1995,1620000,266278000.0,6.083867236497195
USA,United States,1996,1570000,269394000.0,5.827895201823352
USA,United States,1997,1530000,272657000.0,5.6114458825557385
USA,United States,1998,1510000,275854000.0,5.473910111870772
USA,United States,1999,1490000,279040000.0,5.33973623853211
USA,United States,2000,1366000,282162411.0,4.841183470040593
USA,United States,2001,1368000,284968955.0,4.800522920119492
USA,United States,2002,1414000,287625193.0,4.916120125819438
USA,United States,2003,1427000,290107933.0,4.918858940682605
USA,United States,2004,1450000,292805298.0,4.952096187822393
USA,United States,2005,1474000,295516599.0,4.987875486479864
USA,United States,2006,1546000,298379912.0,5.1813139485073645
USA,United States,2007,1506000,301231207.0,4.999482009179746
USA,United States,2008,1498000,304093966.0,4.926108925160324
USA,United States,2009,1540000,306771529.0,5.020022571912141
USA,United States,2010,1580000,309378227.0,5.107017437267814
USA,United States,2011,1564000,311839461.0,5.015401177851574
USA,United States,2012,1569000,314339099.0,4.991424881573513
USA,United States,2013,1520000,316726282.0,4.799096527139482
USA,United States,2014,1492000,319257560.0,4.673342739323072
USA,United States,2015,1433000,321815121.0,4.4528672100525695
USA,United States,2016,1381000,324353340.0,4.257702417986508
USA,United States,2017,1347000,326608609.0,4.124202372142616
USA,United States,2018,1348000,328529577.0,4.103131329329292
USA,United States,2019,1359000,330226227.0,4.115360588848686
USA,United States,2020,1360000,331578104.0,4.101597733968585
USA,United States,2021,1395000,332100166.0,4.200539905782523
USA,United States,2022,1360000,333996304.0,4.071901346549033
