year,category,low,high,peak_month,missions,source
1949,UN-led,8,8,1949-06,UNMOGIP 8,https://www.canada.ca/en/department-national-defence/services/military-history/history-heritage/past-operations/asia-pacific/united-nations-commission-india-pakistan.html | https://www.canada.ca/en/department-national-defence/services/military-history/history-heritage/past-operations/asia-pacific/united-nations-military-observer-group-india-pakistan.html
1950,UN-led,8,8,1950-01,UNMOGIP 8,https://www.canada.ca/en/department-national-defence/services/military-history/history-heritage/past-operations/asia-pacific/united-nations-commission-india-pakistan.html | https://www.canada.ca/en/department-national-defence/services/military-history/history-heritage/past-operations/asia-pacific/united-nations-military-observer-group-india-pakistan.html
1951,UN-led,8,8,1951-01,UNMOGIP 8,https://www.canada.ca/en/department-national-defence/services/military-history/history-heritage/past-operations/asia-pacific/united-nations-commission-india-pakistan.html | https://www.canada.ca/en/department-national-defence/services/military-history/history-heritage/past-operations/asia-pacific/united-nations-military-observer-group-india-pakistan.html
1952,UN-led,8,8,1952-01,UNMOGIP 8,https://www.canada.ca/en/department-national-defence/services/military-history/history-heritage/past-operations/asia-pacific/united-nations-commission-india-pakistan.html | https://www.canada.ca/en/department-national-defence/services/military-history/history-heritage/past-operations/asia-pacific/united-nations-military-observer-group-india-pakistan.html
1953,UN-led,8,8,1953-01,UNMOGIP 8,https://www.canada.ca/en/department-national-defence/services/military-history/history-heritage/past-operations/asia-pacific/united-nations-commission-india-pakistan.html | https://www.canada.ca/en/department-national-defence/services/military-history/history-heritage/past-operations/asia-pacific/united-nations-military-observer-group-india-pakistan.html
1954,Other non-UN,112,146,1954-08,ICSC Vietnam 60–82; ICSC Cambodia 32; ICSC Laos 20–32,https://www.canada.ca/en/department-national-defence/services/military-history/history-heritage/past-operations/asia-pacific/international-commission-supervision-control-vietnam.html | https://www.canada.ca/en/department-national-defence/services/military-history/history-heritage/past-operations/asia-pacific/international-commission-supervision-control-cambodia.html | https://www.canada.ca/en/department-national-defence/services/military-history/history-heritage/past-operations/asia-pacific/international-commission-supervision-control-laos.html
1954,UN-led,12,12,1954-06,UNMOGIP 8; UNTSO 4,https://www.canada.ca/en/department-national-defence/services/military-history/history-heritage/past-operations/asia-pacific/united-nations-commission-india-pakistan.html | https://www.canada.ca/en/department-national-defence/services/military-history/history-heritage/past-operations/asia-pacific/united-nations-military-observer-group-india-pakistan.html | https://www.canada.ca/en/department-national-defence/services/military-history/history-heritage/past-operations/middle-east/jade-untso.html
1955,Other non-UN,108,137,1955-01,ICSC Vietnam 82; ICSC Laos 20–32; ICSC Cambodia 6–23,https://www.canada.ca/en/department-national-defence/services/military-history/history-heritage/past-operations/asia-pacific/international-commission-supervision-control-vietnam.html | https://www.canada.ca/en/department-national-defence/services/military-history/history-heritage/past-operations/asia-pacific/international-commission-supervision-control-laos.html | https://www.canada.ca/en/department-national-defence/services/military-history/history-heritage/past-operations/asia-pacific/international-commission-supervision-control-cambodia.html
1955,UN-led,13,13,1955-01,UNMOGIP 9; UNTSO 4,https://www.canada.ca/en/department-national-defence/services/military-history/history-heritage/past-operations/asia-pacific/united-nations-military-observer-group-india-pakistan.html | https://www.canada.ca/en/department-national-defence/services/military-history/history-heritage/past-operations/middle-east/jade-untso.html
1956,Other non-UN,94,137,1956-01,ICSC Vietnam 68–82; ICSC Laos 20–32; ICSC Cambodia 6–23,https://www.canada.ca/en/department-national-defence/services/military-history/history-heritage/past-operations/asia-pacific/international-commission-supervision-control-vietnam.html | https://www.canada.ca/en/department-national-defence/services/military-history/history-heritage/past-operations/asia-pacific/international-commission-supervision-control-laos.html | https://www.canada.ca/en/department-national-defence/services/military-history/history-heritage/past-operations/asia-pacific/international-commission-supervision-control-cambodia.html
1956,UN-led,118,518,1956-11,UNEF I 100–500; UNMOGIP 9; UNTSO 9,https://www.canada.ca/en/department-national-defence/services/military-history/history-heritage/past-operations/middle-east/rapid-step.html | https://www.canada.ca/en/department-national-defence/services/military-history/history-heritage/past-operations/asia-pacific/united-nations-military-observer-group-india-pakistan.html | https://www.canada.ca/en/department-national-defence/services/military-history/history-heritage/past-operations/middle-east/jade-untso.html
1957,Other non-UN,94,137,1957-01,ICSC Vietnam 68–82; ICSC Laos 20–32; ICSC Cambodia 6–23,https://www.canada.ca/en/department-national-defence/services/military-history/history-heritage/past-operations/asia-pacific/international-commission-supervision-control-vietnam.html | https://www.canada.ca/en/department-national-defence/services/military-history/history-heritage/past-operations/asia-pacific/international-commission-supervision-control-laos.html | https://www.canada.ca/en/department-national-defence/services/military-history/history-heritage/past-operations/asia-pacific/international-commission-supervision-control-cambodia.html
1957,UN-led,1030,1195,1957-03,"UNEF I 1,007–1,172; UNTSO 14; UNMOGIP 9",https://www.canada.ca/en/department-national-defence/services/military-history/history-heritage/past-operations/middle-east/rapid-step.html | https://undocs.org/A/3694 | https://www.canada.ca/en/department-national-defence/services/military-history/history-heritage/past-operations/middle-east/jade-untso.html | https://www.canada.ca/en/department-national-defence/services/military-history/history-heritage/past-operations/asia-pacific/united-nations-military-observer-group-india-pakistan.html
1958,Other non-UN,94,137,1958-01,ICSC Vietnam 68–82; ICSC Laos 20–32; ICSC Cambodia 6–23,https://www.canada.ca/en/department-national-defence/services/military-history/history-heritage/past-operations/asia-pacific/international-commission-supervision-control-vietnam.html | https://www.canada.ca/en/department-national-defence/services/military-history/history-heritage/past-operations/asia-pacific/international-commission-supervision-control-laos.html | https://www.canada.ca/en/department-national-defence/services/military-history/history-heritage/past-operations/asia-pacific/international-commission-supervision-control-cambodia.html
1958,UN-led,1075,1272,1958-06,"UNEF I 975–1,172; UNOGIL 77; UNTSO 14; UNMOGIP 9",https://undocs.org/A/3694 | https://undocs.org/A/3899 | https://www.canada.ca/en/department-national-defence/services/military-history/history-heritage/past-operations/middle-east/united-nations-observer-group-lebanon.html | https://www.canada.ca/en/department-national-defence/services/military-history/history-heritage/past-operations/middle-east/jade-untso.html | https://www.canada.ca/en/department-national-defence/services/military-history/history-heritage/past-operations/asia-pacific/united-nations-military-observer-group-india-pakistan.html
1959,Other non-UN,74,105,1959-01,ICSC Vietnam 68–82; ICSC Cambodia 6–23,https://www.canada.ca/en/department-national-defence/services/military-history/history-heritage/past-operations/asia-pacific/international-commission-supervision-control-vietnam.html | https://www.canada.ca/en/department-national-defence/services/military-history/history-heritage/past-operations/asia-pacific/international-commission-supervision-control-cambodia.html
1959,UN-led,1001,1009,1959-01,UNEF I 975–983; UNTSO 17; UNMOGIP 9,https://undocs.org/A/3899 | https://undocs.org/A/4210 | https://www.canada.ca/en/department-national-defence/services/military-history/history-heritage/past-operations/middle-east/jade-untso.html | https://www.canada.ca/en/department-national-defence/services/military-history/history-heritage/past-operations/asia-pacific/united-nations-military-observer-group-india-pakistan.html
1960,Other non-UN,26,74,1960-01,ICSC Vietnam 20–68; ICSC Cambodia 6,https://www.canada.ca/en/department-national-defence/services/military-history/history-heritage/past-operations/asia-pacific/international-commission-supervision-control-vietnam.html | https://www.canada.ca/en/department-national-defence/services/military-history/history-heritage/past-operations/asia-pacific/international-commission-supervision-control-cambodia.html
1960,UN-led,1234,1287,1960-08,UNEF I 932–983; ONUC 100–275; UNTSO 20; UNMOGIP 9,https://undocs.org/A/4210 | https://undocs.org/A/4486 | https://www.canada.ca/en/department-national-defence/services/military-history/history-heritage/past-operations/africa/operation-des-nations-unies-congo.html | https://www.canada.ca/en/department-national-defence/services/military-history/history-heritage/past-operations/middle-east/jade-untso.html | https://www.canada.ca/en/department-national-defence/services/military-history/history-heritage/past-operations/asia-pacific/united-nations-military-observer-group-india-pakistan.html
1961,Other non-UN,26,74,1961-01,ICSC Vietnam 20–68; ICSC Cambodia 6,https://www.canada.ca/en/department-national-defence/services/military-history/history-heritage/past-operations/asia-pacific/international-commission-supervision-control-vietnam.html | https://www.canada.ca/en/department-national-defence/services/military-history/history-heritage/past-operations/asia-pacific/international-commission-supervision-control-cambodia.html
1961,UN-led,1257,1340,1961-09,UNEF I 930–940; ONUC 298–371; UNTSO 20; UNMOGIP 9,https://undocs.org/A/4486 | https://undocs.org/A/5494 | https://www.canada.ca/en/department-national-defence/services/military-history/history-heritage/past-operations/africa/operation-des-nations-unies-congo.html | https://www.canada.ca/en/department-national-defence/services/military-history/history-heritage/past-operations/middle-east/jade-untso.html | https://www.canada.ca/en/department-national-defence/services/military-history/history-heritage/past-operations/asia-pacific/united-nations-military-observer-group-india-pakistan.html
1962,Other non-UN,45,93,1962-05,ICSC Vietnam 20–68; ICSC Laos 19; ICSC Cambodia 6,https://www.canada.ca/en/department-national-defence/services/military-history/history-heritage/past-operations/asia-pacific/international-commission-supervision-control-vietnam.html | https://www.canada.ca/en/department-national-defence/services/military-history/history-heritage/past-operations/asia-pacific/international-commission-supervision-control-laos.html | https://www.canada.ca/en/department-national-defence/services/military-history/history-heritage/past-operations/asia-pacific/international-commission-supervision-control-cambodia.html
1962,UN-led,1246,1281,1962-09,UNEF I 930–940; ONUC 275–300; UNTSO 20; UNSF 12; UNMOGIP 9,https://undocs.org/A/4486 | https://undocs.org/A/5494 | https://www.canada.ca/en/department-national-defence/services/military-history/history-heritage/past-operations/africa/operation-des-nations-unies-congo.html | https://www.canada.ca/en/department-national-defence/services/military-history/history-heritage/past-operations/middle-east/jade-untso.html | https://www.canada.ca/en/department-national-defence/services/military-history/history-heritage/past-operations/asia-pacific/united-nations-security-force-west-new-guinea.html | https://www.canada.ca/en/department-national-defence/services/military-history/history-heritage/past-operations/asia-pacific/united-nations-military-observer-group-india-pakistan.html
1963,Other non-UN,45,93,1963-01,ICSC Vietnam 20–68; ICSC Laos 19; ICSC Cambodia 6,https://www.canada.ca/en/department-national-defence/services/military-history/history-heritage/past-operations/asia-pacific/international-commission-supervision-control-vietnam.html | https://www.canada.ca/en/department-national-defence/services/military-history/history-heritage/past-operations/asia-pacific/international-commission-supervision-control-laos.html | https://www.canada.ca/en/department-national-defence/services/military-history/history-heritage/past-operations/asia-pacific/international-commission-supervision-control-cambodia.html
1963,UN-led,1284,1319,1963-06,UNEF I 930–940; ONUC 275–300; UNYOM 50; UNTSO 20; UNMOGIP 9,https://undocs.org/A/4486 | https://undocs.org/A/5494 | https://www.canada.ca/en/department-national-defence/services/military-history/history-heritage/past-operations/africa/operation-des-nations-unies-congo.html | https://www.canada.ca/en/department-national-defence/services/military-history/history-heritage/past-operations/middle-east/united-nations-yemen-observation-mission.html | https://www.canada.ca/en/department-national-defence/services/military-history/history-heritage/past-operations/middle-east/jade-untso.html | https://www.canada.ca/en/department-national-defence/services/military-history/history-heritage/past-operations/asia-pacific/united-nations-military-observer-group-india-pakistan.html
1964,Other non-UN,45,93,1964-01,ICSC Vietnam 20–68; ICSC Laos 19; ICSC Cambodia 6,https://www.canada.ca/en/department-national-defence/services/military-history/history-heritage/past-operations/asia-pacific/international-commission-supervision-control-vietnam.html | https://www.canada.ca/en/department-national-defence/services/military-history/history-heritage/past-operations/asia-pacific/international-commission-supervision-control-laos.html | https://www.canada.ca/en/department-national-defence/services/military-history/history-heritage/past-operations/asia-pacific/international-commission-supervision-control-cambodia.html
1964,UN-led,2244,2473,1964-06,"UNFICYP 1,122–1,146; UNEF I 804–940; ONUC 100–300; UNYOM 28–50; UNTSO 20; UNMOGIP 17",https://digitallibrary.un.org/record/608889 | https://digitallibrary.un.org/record/539124 | https://www.canada.ca/en/department-national-defence/services/military-history/history-heritage/past-operations/middle-east/rapid-step.html | https://undocs.org/A/5494 | https://undocs.org/A/6406 | https://www.canada.ca/en/department-national-defence/services/military-history/history-heritage/past-operations/africa/operation-des-nations-unies-congo.html | https://www.canada.ca/en/department-national-defence/services/military-history/history-heritage/past-operations/middle-east/united-nations-yemen-observation-mission.html | https://www.canada.ca/en/department-national-defence/services/military-history/history-heritage/past-operations/middle-east/jade-untso.html | https://www.canada.ca/en/department-national-defence/services/military-history/history-heritage/past-operations/asia-pacific/united-nations-military-observer-group-india-pakistan.html
1965,Other non-UN,45,93,1965-01,ICSC Vietnam 20–68; ICSC Laos 19; ICSC Cambodia 6,https://www.canada.ca/en/department-national-defence/services/military-history/history-heritage/past-operations/asia-pacific/international-commission-supervision-control-vietnam.html | https://www.canada.ca/en/department-national-defence/services/military-history/history-heritage/past-operations/asia-pacific/international-commission-supervision-control-laos.html | https://www.canada.ca/en/department-national-defence/services/military-history/history-heritage/past-operations/asia-pacific/international-commission-supervision-control-cambodia.html
1965,UN-led,1926,2214,1965-09,"UNFICYP 994–1,146; UNEF I 804–940; UNIPOM 90; UNTSO 20; UNMOGIP 17; DOMREP 1",https://digitallibrary.un.org/record/539124 | https://digitallibrary.un.org/record/531060 | https://www.canada.ca/en/department-national-defence/services/military-history/history-heritage/past-operations/middle-east/rapid-step.html | https://undocs.org/A/5494 | https://undocs.org/A/6406 | https://www.canada.ca/en/department-national-defence/services/military-history/history-heritage/past-operations/asia-pacific/united-nations-india-pakistan-observer-mission-unipom.html | https://www.canada.ca/en/department-national-defence/services/military-history/history-heritage/past-operations/middle-east/jade-untso.html | https://www.canada.ca/en/department-national-defence/services/military-history/history-heritage/past-operations/asia-pacific/united-nations-military-observer-group-india-pakistan.html | https://www.canada.ca/en/department-national-defence/services/military-history/history-heritage/past-operations/caribbean/mission-representative-secretary-general-dominican-republic.html
1966,Other non-UN,45,93,1966-01,ICSC Vietnam 20–68; ICSC Laos 19; ICSC Cambodia 6,https://www.canada.ca/en/department-national-defence/services/military-history/history-heritage/past-operations/asia-pacific/international-commission-supervision-control-vietnam.html | https://www.canada.ca/en/department-national-defence/services/military-history/history-heritage/past-operations/asia-pacific/international-commission-supervision-control-laos.html | https://www.canada.ca/en/department-national-defence/services/military-history/history-heritage/past-operations/asia-pacific/international-commission-supervision-control-cambodia.html
1966,UN-led,1801,2051,1966-01,UNFICYP 880–994; UNEF I 804–940; UNIPOM 79; UNTSO 20; UNMOGIP 17; DOMREP 1,https://digitallibrary.un.org/record/531060 | https://digitallibrary.un.org/record/521179 | https://www.canada.ca/en/department-national-defence/services/military-history/history-heritage/past-operations/middle-east/rapid-step.html | https://undocs.org/A/5494 | https://undocs.org/A/6406 | https://www.canada.ca/en/department-national-defence/services/military-history/history-heritage/past-operations/asia-pacific/united-nations-india-pakistan-observer-mission-unipom.html | https://www.canada.ca/en/department-national-defence/services/military-history/history-heritage/past-operations/middle-east/jade-untso.html | https://www.canada.ca/en/department-national-defence/services/military-history/history-heritage/past-operations/asia-pacific/united-nations-military-observer-group-india-pakistan.html | https://www.canada.ca/en/department-national-defence/services/military-history/history-heritage/past-operations/caribbean/mission-representative-secretary-general-dominican-republic.html
1967,Other non-UN,45,93,1967-01,ICSC Vietnam 20–68; ICSC Laos 19; ICSC Cambodia 6,https://www.canada.ca/en/department-national-defence/services/military-history/history-heritage/past-operations/asia-pacific/international-commission-supervision-control-vietnam.html | https://www.canada.ca/en/department-national-defence/services/military-history/history-heritage/past-operations/asia-pacific/international-commission-supervision-control-laos.html | https://www.canada.ca/en/department-national-defence/services/military-history/history-heritage/past-operations/asia-pacific/international-commission-supervision-control-cambodia.html
1967,UN-led,1712,1835,1967-01,UNFICYP 880–994; UNEF I 795–804; UNTSO 20; UNMOGIP 17,https://digitallibrary.un.org/record/531060 | https://digitallibrary.un.org/record/521179 | https://undocs.org/A/6406 | https://undocs.org/A/6672 | https://www.canada.ca/en/department-national-defence/services/military-history/history-heritage/past-operations/middle-east/rapid-step.html | https://www.canada.ca/en/department-national-defence/services/military-history/history-heritage/past-operations/middle-east/jade-untso.html | https://www.canada.ca/en/department-national-defence/services/military-history/history-heritage/past-operations/asia-pacific/united-nations-military-observer-group-india-pakistan.html
1968,Other non-UN,45,93,1968-01,ICSC Vietnam 20–68; ICSC Laos 19; ICSC Cambodia 6,https://www.canada.ca/en/department-national-defence/services/military-history/history-heritage/past-operations/asia-pacific/international-commission-supervision-control-vietnam.html | https://www.canada.ca/en/department-national-defence/services/military-history/history-heritage/past-operations/asia-pacific/international-commission-supervision-control-laos.html | https://www.canada.ca/en/department-national-defence/services/military-history/history-heritage/past-operations/asia-pacific/international-commission-supervision-control-cambodia.html
1968,UN-led,917,922,1968-01,UNFICYP 880–885; UNTSO 20; UNMOGIP 17,https://digitallibrary.un.org/record/521179 | https://digitallibrary.un.org/record/519122 | https://www.canada.ca/en/department-national-defence/services/military-history/history-heritage/past-operations/europe/snowgoose.html | https://www.canada.ca/en/department-national-defence/services/military-history/history-heritage/past-operations/middle-east/jade-untso.html | https://www.canada.ca/en/department-national-defence/services/military-history/history-heritage/past-operations/asia-pacific/united-nations-military-observer-group-india-pakistan.html
1969,Other non-UN,45,93,1969-01,ICSC Vietnam 20–68; ICSC Laos 19; ICSC Cambodia 6,https://www.canada.ca/en/department-national-defence/services/military-history/history-heritage/past-operations/asia-pacific/international-commission-supervision-control-vietnam.html | https://www.canada.ca/en/department-national-defence/services/military-history/history-heritage/past-operations/asia-pacific/international-commission-supervision-control-laos.html | https://www.canada.ca/en/department-national-defence/services/military-history/history-heritage/past-operations/asia-pacific/international-commission-supervision-control-cambodia.html
1969,UN-led,611,922,1969-01,UNFICYP 574–885; UNTSO 20; UNMOGIP 17,https://digitallibrary.un.org/record/519122 | https://digitallibrary.un.org/record/508826 | https://www.canada.ca/en/department-national-defence/services/military-history/history-heritage/past-operations/middle-east/jade-untso.html | https://www.canada.ca/en/department-national-defence/services/military-history/history-heritage/past-operations/asia-pacific/united-nations-military-observer-group-india-pakistan.html
1970,Other non-UN,22,22,1970-01,ICSC Vietnam 20; ICSC Laos 2,https://www.canada.ca/en/department-national-defence/services/military-history/history-heritage/past-operations/asia-pacific/international-commission-supervision-control-vietnam.html | https://www.canada.ca/en/department-national-defence/services/military-history/history-heritage/past-operations/asia-pacific/international-commission-supervision-control-laos.html
1970,UN-led,611,618,1970-01,UNFICYP 574–581; UNTSO 20; UNMOGIP 17,https://digitallibrary.un.org/record/508826 | https://digitallibrary.un.org/record/490953 | https://www.canada.ca/en/department-national-defence/services/military-history/history-heritage/past-operations/middle-east/jade-untso.html | https://www.canada.ca/en/department-national-defence/services/military-history/history-heritage/past-operations/asia-pacific/united-nations-military-observer-group-india-pakistan.html
1971,Other non-UN,22,22,1971-01,ICSC Vietnam 20; ICSC Laos 2,https://www.canada.ca/en/department-national-defence/services/military-history/history-heritage/past-operations/asia-pacific/international-commission-supervision-control-vietnam.html | https://www.canada.ca/en/department-national-defence/services/military-history/history-heritage/past-operations/asia-pacific/international-commission-supervision-control-laos.html
1971,UN-led,611,618,1971-01,UNFICYP 574–581; UNTSO 20; UNMOGIP 17,https://digitallibrary.un.org/record/508826 | https://digitallibrary.un.org/record/490953 | https://www.canada.ca/en/department-national-defence/services/military-history/history-heritage/past-operations/middle-east/jade-untso.html | https://www.canada.ca/en/department-national-defence/services/military-history/history-heritage/past-operations/asia-pacific/united-nations-military-observer-group-india-pakistan.html
1972,Other non-UN,22,22,1972-01,ICSC Vietnam 20; ICSC Laos 2,https://www.canada.ca/en/department-national-defence/services/military-history/history-heritage/past-operations/asia-pacific/international-commission-supervision-control-vietnam.html | https://www.canada.ca/en/department-national-defence/services/military-history/history-heritage/past-operations/asia-pacific/international-commission-supervision-control-laos.html
1972,UN-led,517,618,1972-01,UNFICYP 480–581; UNTSO 20; UNMOGIP 17,https://digitallibrary.un.org/record/490953 | https://www.canada.ca/en/department-national-defence/services/military-history/history-heritage/past-operations/europe/snowgoose.html | https://www.canada.ca/en/department-national-defence/services/military-history/history-heritage/past-operations/middle-east/jade-untso.html | https://www.canada.ca/en/department-national-defence/services/military-history/history-heritage/past-operations/asia-pacific/united-nations-military-observer-group-india-pakistan.html
1973,Other non-UN,222,312,1973-01,ICCS 200–290; ICSC Vietnam 20; ICSC Laos 2,https://www.canada.ca/en/department-national-defence/services/military-history/history-heritage/past-operations/asia-pacific/westploy.html | https://www.canada.ca/en/department-national-defence/services/military-history/history-heritage/past-operations/asia-pacific/international-commission-supervision-control-vietnam.html | https://www.canada.ca/en/department-national-defence/services/military-history/history-heritage/past-operations/asia-pacific/international-commission-supervision-control-laos.html
1973,UN-led,1317,1718,1973-11,"UNEF II 800–1,100; UNFICYP 480–581; UNTSO 20; UNMOGIP 17",https://www.canada.ca/en/department-national-defence/services/military-history/history-heritage/past-operations/middle-east/danaca.html | https://digitallibrary.un.org/record/228891 | https://digitallibrary.un.org/record/490953 | https://www.canada.ca/en/department-national-defence/services/military-history/history-heritage/past-operations/europe/snowgoose.html | https://www.canada.ca/en/department-national-defence/services/military-history/history-heritage/past-operations/middle-east/jade-untso.html | https://www.canada.ca/en/department-national-defence/services/military-history/history-heritage/past-operations/asia-pacific/united-nations-military-observer-group-india-pakistan.html
1974,Other non-UN,2,2,1974-01,ICSC Laos 2,https://www.canada.ca/en/department-national-defence/services/military-history/history-heritage/past-operations/asia-pacific/international-commission-supervision-control-laos.html
1974,UN-led,1897,2113,1974-08,UNFICYP 859–950; UNEF II 844–900; UNDOF 157–226; UNTSO 20; UNMOGIP 17,https://www.canada.ca/en/department-national-defence/services/military-history/history-heritage/past-operations/europe/snowgoose.html | https://digitallibrary.un.org/record/489202 | https://digitallibrary.un.org/record/133070 | https://digitallibrary.un.org/record/487653 | https://digitallibrary.un.org/record/228891 | https://digitallibrary.un.org/record/489615 | https://www.veterans.gc.ca/en/remembrance/military-history/peacekeeping/golan-heights-syria | https://www.canada.ca/en/department-national-defence/services/military-history/history-heritage/past-operations/middle-east/jade-untso.html | https://www.canada.ca/en/department-national-defence/services/military-history/history-heritage/past-operations/asia-pacific/united-nations-military-observer-group-india-pakistan.html
1975,UN-led,1960,2114,1975-01,UNFICYP 859–950; UNEF II 844–900; UNDOF 220–227; UNTSO 20; UNMOGIP 17,https://www.canada.ca/en/department-national-defence/services/military-history/history-heritage/past-operations/europe/snowgoose.html | https://digitallibrary.un.org/record/489202 | https://digitallibrary.un.org/record/133070 | https://digitallibrary.un.org/record/487653 | https://digitallibrary.un.org/record/228891 | https://digitallibrary.un.org/record/21413 | https://digitallibrary.un.org/record/105866 | https://digitallibrary.un.org/record/103038 | https://www.canada.ca/en/department-national-defence/services/military-history/history-heritage/past-operations/middle-east/jade-untso.html | https://www.canada.ca/en/department-national-defence/services/military-history/history-heritage/past-operations/asia-pacific/united-nations-military-observer-group-india-pakistan.html
1976,UN-led,1608,2015,1976-01,UNEF II 844–900; UNFICYP 515–859; UNDOF 220–227; UNTSO 20; UNMOGIP 9,https://digitallibrary.un.org/record/487653 | https://digitallibrary.un.org/record/228891 | https://digitallibrary.un.org/record/489202 | https://digitallibrary.un.org/record/224979 | https://digitallibrary.un.org/record/21413 | https://digitallibrary.un.org/record/105866 | https://digitallibrary.un.org/record/103038 | https://www.canada.ca/en/department-national-defence/services/military-history/history-heritage/past-operations/middle-east/jade-untso.html | https://www.canada.ca/en/department-national-defence/services/military-history/history-heritage/past-operations/asia-pacific/united-nations-military-observer-group-india-pakistan.html
1977,UN-led,1607,1671,1977-01,UNEF II 844–900; UNFICYP 514–515; UNDOF 220–227; UNTSO 20; UNMOGIP 9,https://digitallibrary.un.org/record/487653 | https://digitallibrary.un.org/record/228891 | https://digitallibrary.un.org/record/224979 | https://digitallibrary.un.org/record/133070 | https://digitallibrary.un.org/record/131468 | https://digitallibrary.un.org/record/83848 | https://www.canada.ca/en/department-national-defence/services/military-history/history-heritage/past-operations/europe/snowgoose.html | https://digitallibrary.un.org/record/21413 | https://digitallibrary.un.org/record/105866 | https://digitallibrary.un.org/record/103038 | https://www.canada.ca/en/department-national-defence/services/military-history/history-heritage/past-operations/middle-east/jade-untso.html | https://www.canada.ca/en/department-national-defence/services/military-history/history-heritage/past-operations/asia-pacific/united-nations-military-observer-group-india-pakistan.html
1978,UN-led,1709,1788,1978-06,UNEF II 844–900; UNFICYP 514–515; UNDOF 220–227; UNIFIL 102–117; UNTSO 20; UNMOGIP 9,https://digitallibrary.un.org/record/487653 | https://digitallibrary.un.org/record/228891 | https://digitallibrary.un.org/record/224979 | https://digitallibrary.un.org/record/133070 | https://digitallibrary.un.org/record/131468 | https://digitallibrary.un.org/record/83848 | https://www.canada.ca/en/department-national-defence/services/military-history/history-heritage/past-operations/europe/snowgoose.html | https://digitallibrary.un.org/record/21413 | https://digitallibrary.un.org/record/105866 | https://digitallibrary.un.org/record/103038 | https://www.canada.ca/en/department-national-defence/services/military-history/history-heritage/past-operations/middle-east/angora.html | https://www.canada.ca/en/department-national-defence/services/military-history/history-heritage/past-operations/middle-east/jade-untso.html | https://www.canada.ca/en/department-national-defence/services/military-history/history-heritage/past-operations/asia-pacific/united-nations-military-observer-group-india-pakistan.html
1979,UN-led,1599,1663,1979-01,UNEF II 844–900; UNFICYP 514–515; UNDOF 220–227; UNTSO 20; UNMOGIP 1,https://digitallibrary.un.org/record/487653 | https://digitallibrary.un.org/record/228891 | https://digitallibrary.un.org/record/224979 | https://digitallibrary.un.org/record/133070 | https://digitallibrary.un.org/record/131468 | https://digitallibrary.un.org/record/83848 | https://www.canada.ca/en/department-national-defence/services/military-history/history-heritage/past-operations/europe/snowgoose.html | https://digitallibrary.un.org/record/21413 | https://digitallibrary.un.org/record/105866 | https://digitallibrary.un.org/record/103038 | https://www.canada.ca/en/department-national-defence/services/military-history/history-heritage/past-operations/middle-east/jade-untso.html | https://www.canada.ca/en/department-national-defence/services/military-history/history-heritage/past-operations/asia-pacific/united-nations-military-observer-group-india-pakistan.html
1980,UN-led,754,762,1980-01,UNFICYP 514–515; UNDOF 220–227; UNTSO 20,https://digitallibrary.un.org/record/224979 | https://digitallibrary.un.org/record/133070 | https://digitallibrary.un.org/record/131468 | https://digitallibrary.un.org/record/83848 | https://www.canada.ca/en/department-national-defence/services/military-history/history-heritage/past-operations/europe/snowgoose.html | https://digitallibrary.un.org/record/21413 | https://digitallibrary.un.org/record/105866 | https://digitallibrary.un.org/record/103038 | https://www.canada.ca/en/department-national-defence/services/military-history/history-heritage/past-operations/middle-east/jade-untso.html
1981,UN-led,754,762,1981-01,UNFICYP 514–515; UNDOF 220–227; UNTSO 20,https://digitallibrary.un.org/record/224979 | https://digitallibrary.un.org/record/133070 | https://digitallibrary.un.org/record/131468 | https://digitallibrary.un.org/record/83848 | https://www.canada.ca/en/department-national-defence/services/military-history/history-heritage/past-operations/europe/snowgoose.html | https://digitallibrary.un.org/record/21413 | https://digitallibrary.un.org/record/105866 | https://digitallibrary.un.org/record/103038 | https://www.canada.ca/en/department-national-defence/services/military-history/history-heritage/past-operations/middle-east/jade-untso.html
1982,UN-led,754,762,1982-01,UNFICYP 514–515; UNDOF 220–227; UNTSO 20,https://digitallibrary.un.org/record/224979 | https://digitallibrary.un.org/record/133070 | https://digitallibrary.un.org/record/131468 | https://digitallibrary.un.org/record/83848 | https://www.canada.ca/en/department-national-defence/services/military-history/history-heritage/past-operations/europe/snowgoose.html | https://digitallibrary.un.org/record/21413 | https://digitallibrary.un.org/record/105866 | https://digitallibrary.un.org/record/103038 | https://www.canada.ca/en/department-national-defence/services/military-history/history-heritage/past-operations/middle-east/jade-untso.html
1983,UN-led,754,762,1983-01,UNFICYP 514–515; UNDOF 220–227; UNTSO 20,https://digitallibrary.un.org/record/224979 | https://digitallibrary.un.org/record/133070 | https://digitallibrary.un.org/record/131468 | https://digitallibrary.un.org/record/83848 | https://www.canada.ca/en/department-national-defence/services/military-history/history-heritage/past-operations/europe/snowgoose.html | https://digitallibrary.un.org/record/21413 | https://digitallibrary.un.org/record/105866 | https://digitallibrary.un.org/record/103038 | https://www.canada.ca/en/department-national-defence/services/military-history/history-heritage/past-operations/middle-east/jade-untso.html
1984,UN-led,754,762,1984-01,UNFICYP 514–515; UNDOF 220–227; UNTSO 20,https://digitallibrary.un.org/record/224979 | https://digitallibrary.un.org/record/133070 | https://digitallibrary.un.org/record/131468 | https://digitallibrary.un.org/record/83848 | https://www.canada.ca/en/department-national-defence/services/military-history/history-heritage/past-operations/europe/snowgoose.html | https://digitallibrary.un.org/record/21413 | https://digitallibrary.un.org/record/105866 | https://digitallibrary.un.org/record/103038 | https://www.canada.ca/en/department-national-defence/services/military-history/history-heritage/past-operations/middle-east/jade-untso.html
1985,UN-led,754,762,1985-01,UNFICYP 514–515; UNDOF 220–227; UNTSO 20,https://digitallibrary.un.org/record/224979 | https://digitallibrary.un.org/record/133070 | https://digitallibrary.un.org/record/131468 | https://digitallibrary.un.org/record/83848 | https://www.canada.ca/en/department-national-defence/services/military-history/history-heritage/past-operations/europe/snowgoose.html | https://digitallibrary.un.org/record/21413 | https://digitallibrary.un.org/record/105866 | https://digitallibrary.un.org/record/103038 | https://www.canada.ca/en/department-national-defence/services/military-history/history-heritage/past-operations/middle-east/jade-untso.html
1986,Other non-UN,140,140,1986-01,MFO 140,https://www.canada.ca/en/department-national-defence/services/operations/military-operations/current-operations/operation-calumet.html
1986,UN-led,754,762,1986-01,UNFICYP 514–515; UNDOF 220–227; UNTSO 20,https://digitallibrary.un.org/record/224979 | https://digitallibrary.un.org/record/133070 | https://digitallibrary.un.org/record/131468 | https://digitallibrary.un.org/record/83848 | https://www.canada.ca/en/department-national-defence/services/military-history/history-heritage/past-operations/europe/snowgoose.html | https://digitallibrary.un.org/record/21413 | https://digitallibrary.un.org/record/105866 | https://digitallibrary.un.org/record/103038 | https://www.canada.ca/en/department-national-defence/services/military-history/history-heritage/past-operations/middle-east/jade-untso.html
1987,Other non-UN,140,140,1987-01,MFO 140,https://www.canada.ca/en/department-national-defence/services/operations/military-operations/current-operations/operation-calumet.html
1987,UN-led,815,822,1987-07,UNFICYP 515–575; UNDOF 220–227; UNTSO 20,https://www.canada.ca/en/department-national-defence/services/military-history/history-heritage/past-operations/europe/snowgoose.html | https://digitallibrary.un.org/record/151644 | https://digitallibrary.un.org/record/21413 | https://digitallibrary.un.org/record/105866 | https://digitallibrary.un.org/record/103038 | https://www.canada.ca/en/department-national-defence/services/military-history/history-heritage/past-operations/middle-east/jade-untso.html
1988,Other non-UN,140,140,1988-01,MFO 140,https://www.canada.ca/en/department-national-defence/services/operations/military-operations/current-operations/operation-calumet.html
1988,UN-led,1320,1352,1988-08,UNFICYP 575; UNIIMOG 500–525; UNDOF 220–227; UNTSO 20; UNGOMAP 5,https://digitallibrary.un.org/record/151644 | https://digitallibrary.un.org/record/40281 | https://www.canada.ca/en/department-national-defence/services/military-history/history-heritage/past-operations/europe/snowgoose.html | https://www.canada.ca/en/department-national-defence/services/military-history/history-heritage/past-operations/middle-east/vagabond.html | https://digitallibrary.un.org/record/21413 | https://digitallibrary.un.org/record/105866 | https://digitallibrary.un.org/record/103038 | https://www.canada.ca/en/department-national-defence/services/military-history/history-heritage/past-operations/middle-east/jade-untso.html | https://www.canada.ca/en/department-national-defence/services/military-history/history-heritage/past-operations/asia-pacific/united-nations-good-offices-mission-afghanistan-pakistan.html
1989,Other non-UN,140,140,1989-01,MFO 140,https://www.canada.ca/en/department-national-defence/services/operations/military-operations/current-operations/operation-calumet.html
1989,UN-led,1340,1412,1989-03,UNFICYP 575; UNIIMOG 500–525; UNDOF 220–227; UNTAG 20–60; UNTSO 20; UNGOMAP 5,https://digitallibrary.un.org/record/151644 | https://digitallibrary.un.org/record/40281 | https://www.canada.ca/en/department-national-defence/services/military-history/history-heritage/past-operations/europe/snowgoose.html | https://www.canada.ca/en/department-national-defence/services/military-history/history-heritage/past-operations/middle-east/vagabond.html | https://digitallibrary.un.org/record/21413 | https://digitallibrary.un.org/record/105866 | https://digitallibrary.un.org/record/103038 | https://www.canada.ca/en/department-national-defence/services/military-history/history-heritage/past-operations/africa/matador.html | https://www.canada.ca/en/department-national-defence/services/military-history/history-heritage/past-operations/middle-east/jade-untso.html | https://www.canada.ca/en/department-national-defence/services/military-history/history-heritage/past-operations/asia-pacific/united-nations-good-offices-mission-afghanistan-pakistan.html
1990,Other non-UN,140,140,1990-01,MFO 140,https://www.canada.ca/en/department-national-defence/services/operations/military-operations/current-operations/operation-calumet.html
1990,UN-led,1295,1339,1990-01,UNFICYP 575; UNTAG 353 (incl. 100 police); UNDOF 220–227; ONUCA 120–146; UNTSO 20; UNIIMOG 4–15; UNGOMAP 3,https://digitallibrary.un.org/record/151644 | https://digitallibrary.un.org/record/40281 | https://www.canada.ca/en/department-national-defence/services/military-history/history-heritage/past-operations/europe/snowgoose.html | https://www.canada.ca/en/department-national-defence/services/military-history/history-heritage/past-operations/africa/matador.html | https://digitallibrary.un.org/record/21413 | https://digitallibrary.un.org/record/105866 | https://digitallibrary.un.org/record/103038 | https://www.canada.ca/en/department-national-defence/services/military-history/history-heritage/past-operations/central-america/sultan.html | https://www.canada.ca/en/department-national-defence/services/military-history/history-heritage/past-operations/middle-east/jade-untso.html | https://www.canada.ca/en/department-national-defence/services/military-history/history-heritage/past-operations/middle-east/vagabond.html | https://digitallibrary.un.org/record/228891 | https://www.canada.ca/en/department-national-defence/services/military-history/history-heritage/past-operations/asia-pacific/united-nations-good-offices-mission-afghanistan-pakistan.html
1991,Other non-UN,30,30,1991-01,MFO 30,https://www.canada.ca/en/department-national-defence/services/operations/military-operations/current-operations/operation-calumet.html
1992,Other non-UN,30,30,1992-01,MFO 30,https://www.canada.ca/en/department-national-defence/services/operations/military-operations/current-operations/operation-calumet.html
1993,Other non-UN,30,30,1993-01,MFO 30,https://www.canada.ca/en/department-national-defence/services/operations/military-operations/current-operations/operation-calumet.html
1994,Other non-UN,30,30,1994-01,MFO 30,https://www.canada.ca/en/department-national-defence/services/operations/military-operations/current-operations/operation-calumet.html
1995,NATO-led (Balkans),1047,1047,1995-12,"IFOR 1,047",https://www.canada.ca/en/department-national-defence/services/military-history/history-heritage/past-operations/europe/alliance.html
1995,Other non-UN,30,30,1995-01,MFO 30,https://www.canada.ca/en/department-national-defence/services/operations/military-operations/current-operations/operation-calumet.html
1996,NATO-led (Balkans),1047,1047,1996-01,"IFOR 1,047",https://www.canada.ca/en/department-national-defence/services/military-history/history-heritage/past-operations/europe/alliance.html
1996,Other non-UN,30,30,1996-01,MFO 30,https://www.canada.ca/en/department-national-defence/services/operations/military-operations/current-operations/operation-calumet.html
1997,NATO-led (Balkans),1200,1200,1997-01,"SFOR 1,200",https://www.canada.ca/en/department-national-defence/services/operations/military-operations/recently-completed/canadian-armed-forces-operations-bosnia-herzegovina.html
1997,Other non-UN,30,30,1997-01,MFO 30,https://www.canada.ca/en/department-national-defence/services/operations/military-operations/current-operations/operation-calumet.html
1998,NATO-led (Balkans),1200,1200,1998-01,"SFOR 1,200",https://www.canada.ca/en/department-national-defence/services/operations/military-operations/recently-completed/canadian-armed-forces-operations-bosnia-herzegovina.html
1998,Other non-UN,30,30,1998-01,MFO 30,https://www.canada.ca/en/department-national-defence/services/operations/military-operations/current-operations/operation-calumet.html
1999,NATO-led (Balkans),2600,2600,1999-07,"KFOR 1,400; SFOR 1,200",https://www.canada.ca/en/department-national-defence/services/military-history/history-heritage/past-operations/europe/kinetic.html | https://www.canada.ca/en/department-national-defence/services/operations/military-operations/recently-completed/canadian-armed-forces-operations-bosnia-herzegovina.html
1999,Other non-UN,30,30,1999-01,MFO 30,https://www.canada.ca/en/department-national-defence/services/operations/military-operations/current-operations/operation-calumet.html
2000,NATO-led (Balkans),2600,2600,2000-01,"KFOR 1,400; SFOR 1,200",https://www.canada.ca/en/department-national-defence/services/military-history/history-heritage/past-operations/europe/kinetic.html | https://www.canada.ca/en/department-national-defence/services/operations/military-operations/recently-completed/canadian-armed-forces-operations-bosnia-herzegovina.html
2000,Other non-UN,30,30,2000-01,MFO 30,https://www.canada.ca/en/department-national-defence/services/operations/military-operations/current-operations/operation-calumet.html
2001,NATO-led (Balkans),1200,1200,2001-01,"SFOR 1,200",https://www.canada.ca/en/department-national-defence/services/operations/military-operations/recently-completed/canadian-armed-forces-operations-bosnia-herzegovina.html
2001,Other non-UN,30,30,2001-01,MFO 30,https://www.canada.ca/en/department-national-defence/services/operations/military-operations/current-operations/operation-calumet.html
2002,NATO-led (Balkans),1200,1200,2002-01,"SFOR 1,200",https://www.canada.ca/en/department-national-defence/services/operations/military-operations/recently-completed/canadian-armed-forces-operations-bosnia-herzegovina.html
2002,Other non-UN,30,30,2002-01,MFO 30,https://www.canada.ca/en/department-national-defence/services/operations/military-operations/current-operations/operation-calumet.html
2003,NATO-led (Afghanistan),2000,2000,2003-08,"ISAF Kabul 2,000",https://www.canada.ca/en/department-national-defence/services/military-history/history-heritage/past-operations/asia-pacific/athena.html
2003,NATO-led (Balkans),1200,1200,2003-01,"SFOR 1,200",https://www.canada.ca/en/department-national-defence/services/operations/military-operations/recently-completed/canadian-armed-forces-operations-bosnia-herzegovina.html
2003,Other non-UN,30,30,2003-01,MFO 30,https://www.canada.ca/en/department-national-defence/services/operations/military-operations/current-operations/operation-calumet.html
2004,NATO-led (Afghanistan),2000,2000,2004-01,"ISAF Kabul 2,000",https://www.canada.ca/en/department-national-defence/services/military-history/history-heritage/past-operations/asia-pacific/athena.html
2004,NATO-led (Balkans),1200,1200,2004-01,"SFOR 1,200",https://www.canada.ca/en/department-national-defence/services/operations/military-operations/recently-completed/canadian-armed-forces-operations-bosnia-herzegovina.html
2004,Other non-UN,30,30,2004-01,MFO 30,https://www.canada.ca/en/department-national-defence/services/operations/military-operations/current-operations/operation-calumet.html
2005,NATO-led (Afghanistan),700,700,2005-01,ISAF Kabul 700,https://www.canada.ca/en/department-national-defence/services/military-history/history-heritage/past-operations/asia-pacific/athena.html
2005,Other non-UN,30,30,2005-01,MFO 30,https://www.canada.ca/en/department-national-defence/services/operations/military-operations/current-operations/operation-calumet.html
2006,NATO-led (Afghanistan),2830,2830,2006-08,"ISAF Kandahar 2,830",https://www.canada.ca/en/department-national-defence/services/operations/military-operations/recently-completed/operation-athena/joint-task-force-afghanistan.html | https://www.canada.ca/en/department-national-defence/services/military-history/history-heritage/past-operations/asia-pacific/athena.html
2006,Other non-UN,30,30,2006-01,MFO 30,https://www.canada.ca/en/department-national-defence/services/operations/military-operations/current-operations/operation-calumet.html
2007,NATO-led (Afghanistan),2830,2830,2007-01,"ISAF Kandahar 2,830",https://www.canada.ca/en/department-national-defence/services/operations/military-operations/recently-completed/operation-athena/joint-task-force-afghanistan.html | https://www.canada.ca/en/department-national-defence/services/military-history/history-heritage/past-operations/asia-pacific/athena.html
2007,Other non-UN,30,30,2007-01,MFO 30,https://www.canada.ca/en/department-national-defence/services/operations/military-operations/current-operations/operation-calumet.html
2008,NATO-led (Afghanistan),2830,2830,2008-01,"ISAF Kandahar 2,830",https://www.canada.ca/en/department-national-defence/services/operations/military-operations/recently-completed/operation-athena/joint-task-force-afghanistan.html | https://www.canada.ca/en/department-national-defence/services/military-history/history-heritage/past-operations/asia-pacific/athena.html
2008,Other non-UN,30,30,2008-01,MFO 30,https://www.canada.ca/en/department-national-defence/services/operations/military-operations/current-operations/operation-calumet.html
2009,NATO-led (Afghanistan),2830,2830,2009-01,"ISAF Kandahar 2,830",https://www.canada.ca/en/department-national-defence/services/operations/military-operations/recently-completed/operation-athena/joint-task-force-afghanistan.html | https://www.canada.ca/en/department-national-defence/services/military-history/history-heritage/past-operations/asia-pacific/athena.html
2009,Other non-UN,30,30,2009-01,MFO 30,https://www.canada.ca/en/department-national-defence/services/operations/military-operations/current-operations/operation-calumet.html
2010,NATO-led (Afghanistan),2830,2830,2010-01,"ISAF Kandahar 2,830",https://www.canada.ca/en/department-national-defence/services/operations/military-operations/recently-completed/operation-athena/joint-task-force-afghanistan.html | https://www.canada.ca/en/department-national-defence/services/military-history/history-heritage/past-operations/asia-pacific/athena.html
2010,Other non-UN,30,30,2010-01,MFO 30,https://www.canada.ca/en/department-national-defence/services/operations/military-operations/current-operations/operation-calumet.html
2011,NATO-led (Afghanistan),2830,2830,2011-01,"ISAF Kandahar 2,830",https://www.canada.ca/en/department-national-defence/services/operations/military-operations/recently-completed/operation-athena/joint-task-force-afghanistan.html | https://www.canada.ca/en/department-national-defence/services/military-history/history-heritage/past-operations/asia-pacific/athena.html
2011,Other non-UN,30,30,2011-01,MFO 30,https://www.canada.ca/en/department-national-defence/services/operations/military-operations/current-operations/operation-calumet.html
2012,NATO-led (Afghanistan),950,950,2012-01,NTM-A 950,https://www.canada.ca/en/department-national-defence/services/military-history/history-heritage/past-operations/asia-pacific/operation-attention.html
2012,Other non-UN,30,30,2012-01,MFO 30,https://www.canada.ca/en/department-national-defence/services/operations/military-operations/current-operations/operation-calumet.html
2013,NATO-led (Afghanistan),950,950,2013-01,NTM-A 950,https://www.canada.ca/en/department-national-defence/services/military-history/history-heritage/past-operations/asia-pacific/operation-attention.html
2013,Other non-UN,30,30,2013-01,MFO 30,https://www.canada.ca/en/department-national-defence/services/operations/military-operations/current-operations/operation-calumet.html
2014,NATO-led (Afghanistan),950,950,2014-01,NTM-A 950,https://www.canada.ca/en/department-national-defence/services/military-history/history-heritage/past-operations/asia-pacific/operation-attention.html
2014,Other non-UN,30,30,2014-01,MFO 30,https://www.canada.ca/en/department-national-defence/services/operations/military-operations/current-operations/operation-calumet.html
2015,Other non-UN,30,30,2015-01,MFO 30,https://www.canada.ca/en/department-national-defence/services/operations/military-operations/current-operations/operation-calumet.html
2016,Other non-UN,40,40,2016-01,MFO 40,https://www.canada.ca/en/department-national-defence/services/operations/military-operations/current-operations/operation-calumet.html
2017,Other non-UN,40,40,2017-01,MFO 40,https://www.canada.ca/en/department-national-defence/services/operations/military-operations/current-operations/operation-calumet.html
2018,Other non-UN,40,40,2018-01,MFO 40,https://www.canada.ca/en/department-national-defence/services/operations/military-operations/current-operations/operation-calumet.html
2019,Other non-UN,40,40,2019-01,MFO 40,https://www.canada.ca/en/department-national-defence/services/operations/military-operations/current-operations/operation-calumet.html
2020,Other non-UN,40,40,2020-01,MFO 40,https://www.canada.ca/en/department-national-defence/services/operations/military-operations/current-operations/operation-calumet.html
2021,Other non-UN,40,40,2021-01,MFO 40,https://www.canada.ca/en/department-national-defence/services/operations/military-operations/current-operations/operation-calumet.html
2022,Other non-UN,40,40,2022-01,MFO 40,https://www.canada.ca/en/department-national-defence/services/operations/military-operations/current-operations/operation-calumet.html
2023,Other non-UN,40,40,2023-01,MFO 40,https://www.canada.ca/en/department-national-defence/services/operations/military-operations/current-operations/operation-calumet.html
2024,Other non-UN,40,40,2024-01,MFO 40,https://www.canada.ca/en/department-national-defence/services/operations/military-operations/current-operations/operation-calumet.html
2025,Other non-UN,40,40,2025-01,MFO 40,https://www.canada.ca/en/department-national-defence/services/operations/military-operations/current-operations/operation-calumet.html
2026,Other non-UN,40,40,2026-01,MFO 40,https://www.canada.ca/en/department-national-defence/services/operations/military-operations/current-operations/operation-calumet.html
