country_code,country_name,year,defence_pct_gdp
AUS,Australia,1950,2.8779014908473295
AUS,Australia,1951,3.7350597609561755
AUS,Australia,1952,5.180595834431848
AUS,Australia,1953,4.799860367698394
AUS,Australia,1954,3.968253968253968
AUS,Australia,1955,3.85961403859614
AUS,Australia,1956,3.6706990488503095
AUS,Australia,1957,3.317213879697972
AUS,Australia,1958,3.2545605306799334
AUS,Australia,1959,3.1032885595182953
AUS,Australia,1960,2.3695451396906027
AUS,Australia,1961,2.4151398541152145
AUS,Australia,1962,2.3636953699697103
AUS,Australia,1963,2.4466346391956812
AUS,Australia,1964,2.6482427970509748
AUS,Australia,1965,2.9522929615320006
AUS,Australia,1966,3.4513829037060253
AUS,Australia,1967,3.793763967223582
AUS,Australia,1968,3.837273584598875
AUS,Australia,1969,3.385919880021919
AUS,Australia,1970,2.966035576823052
AUS,Australia,1971,2.7631517088994406
AUS,Australia,1972,2.6856206048578453
AUS,Australia,1973,2.3793467959466357
AUS,Australia,1974,2.262802699483922
AUS,Australia,1975,2.2673155925373525
AUS,Australia,1976,2.216612106752483
AUS,Australia,1977,2.2472022083370704
AUS,Australia,1978,2.2156885699105797
AUS,Australia,1979,2.192729371032891
AUS,Australia,1980,2.2489569040351713
AUS,Australia,1981,2.2966019447106434
AUS,Australia,1982,2.393265216136917
AUS,Australia,1983,2.519811819165262
AUS,Australia,1984,2.5052336507001263
AUS,Australia,1985,2.5232683787051657
AUS,Australia,1986,2.540429751578668
AUS,Australia,1987,2.372988832413927
AUS,Australia,1988,2.1580613848571693
AUS,Australia,1989,2.045936631690318
AUS,Australia,1990,2.073530228369592
AUS,Australia,1991,2.160888081503335
AUS,Australia,1992,2.164693163810747
AUS,Australia,1993,2.172377406836216
AUS,Australia,1994,2.1106525584137525
AUS,Australia,1995,2.0166377735180157
AUS,Australia,1996,1.9267426065250435
AUS,Australia,1997,1.8617525961647268
AUS,Australia,1998,1.8656421080403667
AUS,Australia,1999,1.8839958514078152
AUS,Australia,2000,1.820957998658883
AUS,Australia,2001,1.8597273264857674
AUS,Australia,2002,1.8649042525656536
AUS,Australia,2003,1.8396081848502148
AUS,Australia,2004,1.8191683833542833
AUS,Australia,2005,1.793347817090834
AUS,Australia,2006,1.814417083729927
AUS,Australia,2007,1.8077702699729175
AUS,Australia,2008,1.7911208333299737
AUS,Australia,2009,1.9173286348837797
AUS,Australia,2010,1.8468010962166517
AUS,Australia,2011,1.749593390017852
AUS,Australia,2012,1.6642139448246034
AUS,Australia,2013,1.6309545857001149
AUS,Australia,2014,1.764997713805468
AUS,Australia,2015,1.9445296717651168
AUS,Australia,2016,2.081320129845761
AUS,Australia,2017,1.9974568637306962
AUS,Australia,2018,1.8883162649716019
AUS,Australia,2019,1.8722862730159746
AUS,Australia,2020,2.001473296500921
AUS,Australia,2021,1.9734660404895847
AUS,Australia,2022,1.877107967877591
AUS,Australia,2023,1.8555831996838017
AUS,Australia,2024,1.9021630715704305
AUS,Australia,2025,1.9178730836910949
CAN,Canada,1950,2.4274509803921567
CAN,Canada,1951,4.662253141831239
CAN,Canada,1952,6.7987683750496615
CAN,Canada,1953,7.37355559765107
CAN,Canada,1954,6.862726621687837
CAN,Canada,1955,6.177777777777778
CAN,Canada,1956,5.685824569934959
CAN,Canada,1957,5.349319639075057
CAN,Canada,1958,4.937795959539354
CAN,Canada,1959,4.399767669033978
CAN,Canada,1960,4.185256540255526
CAN,Canada,1961,4.12831224346052
CAN,Canada,1962,3.9992163886712193
CAN,Canada,1963,3.620650111548967
CAN,Canada,1964,3.402062836590611
CAN,Canada,1965,2.930260659416537
CAN,Canada,1966,2.6832824215495696
CAN,Canada,1967,2.7479267697781857
CAN,Canada,1968,2.5436418804429204
CAN,Canada,1969,2.273784670444378
CAN,Canada,1970,2.1889796959380785
CAN,Canada,1971,2.131485639394894
CAN,Canada,1972,2.011818438219319
CAN,Canada,1973,1.8326018176742458
CAN,Canada,1974,1.7838130850829015
CAN,Canada,1975,1.8635418526560725
CAN,Canada,1976,1.7659279778393353
CAN,Canada,1977,1.8057636000778376
CAN,Canada,1978,1.8488874006133693
CAN,Canada,1979,1.711245917940317
CAN,Canada,1980,1.7644486147778238
CAN,Canada,1981,1.7099156381511964
CAN,Canada,1982,1.9543435853829974
CAN,Canada,1983,2.0811962487785194
CAN,Canada,1984,2.117188855425707
CAN,Canada,1985,2.097376233750726
CAN,Canada,1986,2.109197117889105
CAN,Canada,1987,2.062576371010593
CAN,Canada,1988,1.9867671189083564
CAN,Canada,1989,1.9346143086503842
CAN,Canada,1990,1.958793742214169
CAN,Canada,1991,1.8954443385806437
CAN,Canada,1992,1.861687699862951
CAN,Canada,1993,1.8217535039274793
CAN,Canada,1994,1.6966802573186506
CAN,Canada,1995,1.5540900711477668
CAN,Canada,1996,1.4037525810645457
CAN,Canada,1997,1.246243201511669
CAN,Canada,1998,1.25629390156868
CAN,Canada,1999,1.2417030641025772
CAN,Canada,2000,1.1143498021374758
CAN,Canada,2001,1.133356282813315
CAN,Canada,2002,1.1168691473694263
CAN,Canada,2003,1.1119373068833796
CAN,Canada,2004,1.1041893914268666
CAN,Canada,2005,1.107105424208105
CAN,Canada,2006,1.122524729320515
CAN,Canada,2007,1.1857902299670209
CAN,Canada,2008,1.245518366775475
CAN,Canada,2009,1.3775556310752521
CAN,Canada,2010,1.194338338391211
CAN,Canada,2011,1.1932918954963831
CAN,Canada,2012,1.1184045980710386
CAN,Canada,2013,1.0023672004739657
CAN,Canada,2014,1.0915287904444237
CAN,Canada,2015,1.1709557015254408
CAN,Canada,2016,1.143098737494045
CAN,Canada,2017,1.2973776221701818
CAN,Canada,2018,1.2514254539456764
CAN,Canada,2019,1.220374604668211
CAN,Canada,2020,1.4166486927427588
CAN,Canada,2021,1.221379027398654
CAN,Canada,2022,1.1416483557651653
CAN,Canada,2023,1.3146777586915692
CAN,Canada,2024,1.3487460223428858
CAN,Canada,2025,1.627447396350995
CHE,Switzerland,1957,2.8314317853125504
CHE,Switzerland,1958,2.988433885589247
CHE,Switzerland,1959,2.7108167770419427
CHE,Switzerland,1960,2.3414503612523414
CHE,Switzerland,1961,2.4690770694576596
CHE,Switzerland,1962,2.5675675675675675
CHE,Switzerland,1963,2.5163366819467474
CHE,Switzerland,1964,2.535855697316322
CHE,Switzerland,1965,2.467959250739402
CHE,Switzerland,1966,2.5307933593451146
CHE,Switzerland,1967,2.382373845060412
CHE,Switzerland,1968,2.1765175718849843
CHE,Switzerland,1969,2.197923705387309
CHE,Switzerland,1970,2.1033474880052943
CHE,Switzerland,1971,2.0525268216903734
CHE,Switzerland,1972,1.9681261245822979
CHE,Switzerland,1973,1.8614485622020605
CHE,Switzerland,1974,1.8759744861800143
CHE,Switzerland,1975,1.900752738040027
CHE,Switzerland,1976,2.162581008734855
CHE,Switzerland,1977,2.022086562864394
CHE,Switzerland,1978,1.9673644305257951
CHE,Switzerland,1979,2.0397994260304646
CHE,Switzerland,1980,1.678606545863183
CHE,Switzerland,1981,1.6628022214327118
CHE,Switzerland,1982,1.7281945112718893
CHE,Switzerland,1983,1.748805589328219
CHE,Switzerland,1984,1.70124830295676
CHE,Switzerland,1985,1.824971868321086
CHE,Switzerland,1986,1.6610219514038607
CHE,Switzerland,1987,1.5618660554212773
CHE,Switzerland,1988,1.5648052643260957
CHE,Switzerland,1989,1.5241653668033035
CHE,Switzerland,1990,1.5721471875723647
CHE,Switzerland,1991,1.5378248855308299
CHE,Switzerland,1992,1.5237092723954364
CHE,Switzerland,1993,1.366964345184115
CHE,Switzerland,1994,1.3322840940318268
CHE,Switzerland,1995,1.3558108825235409
CHE,Switzerland,1996,1.2837568015836267
CHE,Switzerland,1997,1.220864103421161
CHE,Switzerland,1998,1.1852039013936557
CHE,Switzerland,1999,1.0862122054680572
CHE,Switzerland,2000,1.0292801174595765
CHE,Switzerland,2001,0.9918800801383885
CHE,Switzerland,2002,0.9563883497649466
CHE,Switzerland,2003,0.9266304194008556
CHE,Switzerland,2004,0.8889250746069317
CHE,Switzerland,2005,0.8330640365277803
CHE,Switzerland,2006,0.7538084778749282
CHE,Switzerland,2007,0.7182323236634109
CHE,Switzerland,2008,0.7224844122651889
CHE,Switzerland,2009,0.73179337674355
CHE,Switzerland,2010,0.6872201659332766
CHE,Switzerland,2011,0.6947822576575987
CHE,Switzerland,2012,0.6690017104343241
CHE,Switzerland,2013,0.7126362423908749
CHE,Switzerland,2014,0.6348983384636893
CHE,Switzerland,2015,0.651341082840214
CHE,Switzerland,2016,0.6647504754125171
CHE,Switzerland,2017,0.6656845567608805
CHE,Switzerland,2018,0.6528765697939883
CHE,Switzerland,2019,0.6963243247604625
CHE,Switzerland,2020,0.7725589732276742
CHE,Switzerland,2021,0.67289247365512
CHE,Switzerland,2022,0.6820613026440328
CHE,Switzerland,2023,0.7056590215964239
CHE,Switzerland,2024,0.6978988885209875
CHE,Switzerland,2025,0.7569245382939775
DEU,Germany,1953,3.9479629788511295
DEU,Germany,1954,3.7229016846787526
DEU,Germany,1955,3.826138651899348
DEU,Germany,1956,3.395179393865215
DEU,Germany,1957,3.880059796043596
DEU,Germany,1958,2.7772655559103336
DEU,Germany,1959,4.148519220408527
DEU,Germany,1960,3.752395297128651
DEU,Germany,1961,3.7225775137167156
DEU,Germany,1962,4.475135268904965
DEU,Germany,1963,4.876583265409494
DEU,Germany,1964,4.363985176733836
DEU,Germany,1965,4.072116568974123
DEU,Germany,1966,3.8911832086571216
DEU,Germany,1967,4.058782482654523
DEU,Germany,1968,3.3906038798747034
DEU,Germany,1969,3.3828754597726065
DEU,Germany,1970,2.998671695643579
DEU,Germany,1971,3.046034139112616
DEU,Germany,1972,3.152830999241273
DEU,Germany,1973,3.144977325381358
DEU,Germany,1974,3.2460309137962446
DEU,Germany,1975,3.2680034610604447
DEU,Germany,1976,3.1210380249017415
DEU,Germany,1977,3.0242158535871986
DEU,Germany,1978,3.035315027215661
DEU,Germany,1979,2.9504479185116694
DEU,Germany,1980,2.947628419803119
DEU,Germany,1981,3.0277852154250318
DEU,Germany,1982,3.020236296785992
DEU,Germany,1983,3.0129485326696948
DEU,Germany,1984,2.912666072996532
DEU,Germany,1985,2.8540935535133447
DEU,Germany,1986,2.7773996495377764
DEU,Germany,1987,2.759453648275436
DEU,Germany,1988,2.6286733401781137
DEU,Germany,1989,2.520696580260114
DEU,Germany,1990,2.5067636118122167
DEU,Germany,1991,1.9738225034875359
DEU,Germany,1992,1.836079729995405
DEU,Germany,1993,1.6772597330502976
DEU,Germany,1994,1.5366036133542
DEU,Germany,1995,1.4872724687462073
DEU,Germany,1996,1.4573717528316714
DEU,Germany,1997,1.402707590519294
DEU,Germany,1998,1.381656989091395
DEU,Germany,1999,1.3803477990625905
DEU,Germany,2000,1.3442158195397242
DEU,Germany,2001,1.3078982689864689
DEU,Germany,2002,1.313440334269445
DEU,Germany,2003,1.2986963477858027
DEU,Germany,2004,1.2507280811721702
DEU,Germany,2005,1.2327558382168182
DEU,Germany,2006,1.1789865137788622
DEU,Germany,2007,1.1527923625807366
DEU,Germany,2008,1.1890537137737132
DEU,Germany,2009,1.2852535114696648
DEU,Germany,2010,1.2421901455304636
DEU,Germany,2011,1.1827246979333141
DEU,Germany,2012,1.2177379897687977
DEU,Germany,2013,1.1624622533560325
DEU,Germany,2014,1.1279639936069052
DEU,Germany,2015,1.1149197772616397
DEU,Germany,2016,1.1294431038961446
DEU,Germany,2017,1.130582099000633
DEU,Germany,2018,1.1471718651263967
DEU,Germany,2019,1.239307038176226
DEU,Germany,2020,1.3555576807159087
DEU,Germany,2021,1.297748170999962
DEU,Germany,2022,1.3360197924996053
DEU,Germany,2023,1.5033264680717937
DEU,Germany,2024,1.8385782299253632
DEU,Germany,2025,2.268510925145227
DNK,Denmark,1950,1.6645029673590506
DNK,Denmark,1951,2.0529887193672476
DNK,Denmark,1952,2.7395039714702545
DNK,Denmark,1953,3.3633474576271185
DNK,Denmark,1954,3.1943692474282623
DNK,Denmark,1955,3.18118948824343
DNK,Denmark,1956,3.0262860098936275
DNK,Denmark,1957,3.0787952540310317
DNK,Denmark,1958,2.877111240535818
DNK,Denmark,1959,2.5890137590589224
DNK,Denmark,1960,2.728877556024126
DNK,Denmark,1961,2.5868116450368293
DNK,Denmark,1962,3.018273104092475
DNK,Denmark,1963,3.041523893740098
DNK,Denmark,1964,2.8429144708214475
DNK,Denmark,1965,2.832137733142037
DNK,Denmark,1966,2.6367496989288206
DNK,Denmark,1967,2.588210923654107
DNK,Denmark,1968,2.6759341499184104
DNK,Denmark,1969,2.391607631402533
DNK,Denmark,1970,2.42911996594156
DNK,Denmark,1971,2.3622221893622375
DNK,Denmark,1972,2.179973345866356
DNK,Denmark,1973,1.9758075832842188
DNK,Denmark,1974,2.2348439315622874
DNK,Denmark,1975,2.397249542261876
DNK,Denmark,1976,2.204203184792001
DNK,Denmark,1977,2.216303128592116
DNK,Denmark,1978,2.2718211945281936
DNK,Denmark,1979,2.251527372359808
DNK,Denmark,1980,2.3630925227055943
DNK,Denmark,1981,2.438666392047405
DNK,Denmark,1982,2.4198950252068077
DNK,Denmark,1983,2.3647428760569316
DNK,Denmark,1984,2.2354707255297783
DNK,Denmark,1985,2.10467210710106
DNK,Denmark,1986,1.9448192366879873
DNK,Denmark,1987,2.0316474834313993
DNK,Denmark,1988,2.0874706324153984
DNK,Denmark,1989,2.0242201369515596
DNK,Denmark,1990,1.9507570350491528
DNK,Denmark,1991,1.919758739467743
DNK,Denmark,1992,1.85515102127163
DNK,Denmark,1993,1.874085190612736
DNK,Denmark,1994,1.742600262321952
DNK,Denmark,1995,1.686759573695562
DNK,Denmark,1996,1.6461435449497037
DNK,Denmark,1997,1.618724307853553
DNK,Denmark,1998,1.6090711810963239
DNK,Denmark,1999,1.565536515729875
DNK,Denmark,2000,1.4584656168397518
DNK,Denmark,2001,1.5315426212775274
DNK,Denmark,2002,1.5068588204948483
DNK,Denmark,2003,1.464667328605025
DNK,Denmark,2004,1.420240154495792
DNK,Denmark,2005,1.308111467581758
DNK,Denmark,2006,1.3750557467822375
DNK,Denmark,2007,1.3040228017465307
DNK,Denmark,2008,1.3488268123756806
DNK,Denmark,2009,1.3444122547367756
DNK,Denmark,2010,1.3971018103695232
DNK,Denmark,2011,1.3123392890177967
DNK,Denmark,2012,1.353293140518255
DNK,Denmark,2013,1.223524903971636
DNK,Denmark,2014,1.1497978040996004
DNK,Denmark,2015,1.1148130262441875
DNK,Denmark,2016,1.151071465642381
DNK,Denmark,2017,1.1399854112558043
DNK,Denmark,2018,1.283104892940236
DNK,Denmark,2019,1.29920660644454
DNK,Denmark,2020,1.373768853149729
DNK,Denmark,2021,1.2987707220301181
DNK,Denmark,2022,1.367796273518699
DNK,Denmark,2023,2.01224571246448
DNK,Denmark,2024,2.268629043590271
DNK,Denmark,2025,3.252852051205041
FIN,Finland,1958,1.7079654550212806
FIN,Finland,1959,1.8749287400394412
FIN,Finland,1960,1.7690410476246403
FIN,Finland,1961,1.8361815196588007
FIN,Finland,1962,2.513178308640071
FIN,Finland,1963,1.9271417869505765
FIN,Finland,1964,1.8592730316520862
FIN,Finland,1965,1.7973403827776835
FIN,Finland,1966,1.7139513137863747
FIN,Finland,1967,1.6155211526961737
FIN,Finland,1968,1.7550744002529957
FIN,Finland,1969,1.4374776980629589
FIN,Finland,1970,1.3758540167930626
FIN,Finland,1971,1.4490468749275476
FIN,Finland,1972,1.5308455436489792
FIN,Finland,1973,1.4537020400829754
FIN,Finland,1974,1.2701786674788897
FIN,Finland,1975,1.5081598199212156
FIN,Finland,1976,1.3401246167540304
FIN,Finland,1977,1.405352011494253
FIN,Finland,1978,1.4294441050702504
FIN,Finland,1979,1.4790093096785526
FIN,Finland,1980,1.6709354799365777
FIN,Finland,1981,1.5455867305724595
FIN,Finland,1982,1.6437501499772034
FIN,Finland,1983,1.8232638142334983
FIN,Finland,1984,1.6040418011372368
FIN,Finland,1985,1.676579072763532
FIN,Finland,1986,1.7239099533899707
FIN,Finland,1987,1.645533009605285
FIN,Finland,1988,1.6076911731184382
FIN,Finland,1989,1.5343144923524952
FIN,Finland,1990,1.563351498637602
FIN,Finland,1991,1.7812310364932238
FIN,Finland,1992,1.9071310116086235
FIN,Finland,1993,1.8680115065657235
FIN,Finland,1994,1.755603595403345
FIN,Finland,1995,1.4225414992491578
FIN,Finland,1996,1.530472271213012
FIN,Finland,1997,1.5351550506601168
FIN,Finland,1998,1.4631755578076455
FIN,Finland,1999,1.2231037715780433
FIN,Finland,2000,1.2400099716979749
FIN,Finland,2001,1.143119913147504
FIN,Finland,2002,1.153462678523309
FIN,Finland,2003,1.4454744350718145
FIN,Finland,2004,1.4677185555270635
FIN,Finland,2005,1.4647045110485102
FIN,Finland,2006,1.442702256782654
FIN,Finland,2007,1.2876099847886406
FIN,Finland,2008,1.3910253297168844
FIN,Finland,2009,1.5608454120772302
FIN,Finland,2010,1.4917264448632546
FIN,Finland,2011,1.491993625256128
FIN,Finland,2012,1.5316052660471708
FIN,Finland,2013,1.5400718438109653
FIN,Finland,2014,1.4592795900026718
FIN,Finland,2015,1.4581906066834132
FIN,Finland,2016,1.4315051664912826
FIN,Finland,2017,1.3608893398485133
FIN,Finland,2018,1.371682369935965
FIN,Finland,2019,1.3613228351738653
FIN,Finland,2020,1.435781155478093
FIN,Finland,2021,1.3024392596999566
FIN,Finland,2022,1.5896067785146635
FIN,Finland,2023,2.008945640063332
FIN,Finland,2024,2.1771063512137494
FIN,Finland,2025,2.5711701623670273
FRA,France,1950,4.654181148916357
FRA,France,1951,5.98686277465438
FRA,France,1952,7.227919985773449
FRA,France,1953,7.571529048962207
FRA,France,1954,6.120785647087235
FRA,France,1955,5.384834805784858
FRA,France,1956,6.460392924756595
FRA,France,1957,6.160596439253867
FRA,France,1958,5.687529766452304
FRA,France,1959,5.63524691636675
FRA,France,1960,5.428485884930528
FRA,France,1961,5.295607538767162
FRA,France,1962,5.158871349531874
FRA,France,1963,4.740085717498635
FRA,France,1964,4.540250266698753
FRA,France,1965,4.395319513766133
FRA,France,1966,4.290103274243857
FRA,France,1967,4.295245946918958
FRA,France,1968,4.136846037776816
FRA,France,1969,3.6797517267576607
FRA,France,1970,3.4585577173322593
FRA,France,1971,3.3160930482422266
FRA,France,1972,3.2303045904312864
FRA,France,1973,3.143719204796976
FRA,France,1974,3.0864405807862436
FRA,France,1975,3.197145464028503
FRA,France,1976,3.156139584233468
FRA,France,1977,3.231568610344183
FRA,France,1978,3.1514873141178095
FRA,France,1979,3.1393954430751427
FRA,France,1980,3.155205084919151
FRA,France,1981,3.2461326104641635
FRA,France,1982,3.223839133837304
FRA,France,1983,3.2371317747522528
FRA,France,1984,3.1873692509231404
FRA,France,1985,3.143932802297262
FRA,France,1986,3.0857650157534593
FRA,France,1987,3.1204516051351696
FRA,France,1988,3.000340589070423
FRA,France,1989,2.9178346587350723
FRA,France,1990,2.8446395949775853
FRA,France,1991,2.849219253422084
FRA,France,1992,2.7275681658862894
FRA,France,1993,2.721684413845939
FRA,France,1994,2.6907323830696317
FRA,France,1995,2.515422262801582
FRA,France,1996,2.437663264349122
FRA,France,1997,2.3939569675418926
FRA,France,1998,2.2468089386267014
FRA,France,1999,2.198153299223077
FRA,France,2000,2.092189010263088
FRA,France,2001,2.041484152809439
FRA,France,2002,2.0585726401816538
FRA,France,2003,2.1064709567845976
FRA,France,2004,2.1141663385940346
FRA,France,2005,2.028137017327435
FRA,France,2006,1.9773774477567914
FRA,France,2007,1.9109577778942854
FRA,France,2008,1.899345046791716
FRA,France,2009,2.0987779145303422
FRA,France,2010,1.968643750394963
FRA,France,2011,1.8879461498149448
FRA,France,2012,1.871544094632217
FRA,France,2013,1.8471164836185918
FRA,France,2014,1.8595290655689882
FRA,France,2015,1.8697326820440212
FRA,France,2016,1.851718096161194
FRA,France,2017,1.8523088187904029
FRA,France,2018,1.8460425714458935
FRA,France,2019,1.8528852069651314
FRA,France,2020,2.0216745528423226
FRA,France,2021,1.9802222580793456
FRA,France,2022,1.958781267742106
FRA,France,2023,1.9481758891564127
FRA,France,2024,2.0115758077871093
FRA,France,2025,2.0266296920856375
GBR,United Kingdom,1950,7.208432633398426
GBR,United Kingdom,1951,8.295196344942386
GBR,United Kingdom,1952,10.373948836923274
GBR,United Kingdom,1953,10.960455111675001
GBR,United Kingdom,1954,10.056821525260501
GBR,United Kingdom,1955,9.085132371176291
GBR,United Kingdom,1956,8.562547861516613
GBR,United Kingdom,1957,7.986622128696867
GBR,United Kingdom,1958,7.624530162895601
GBR,United Kingdom,1959,7.290602542221393
GBR,United Kingdom,1960,7.092486370822149
GBR,United Kingdom,1961,6.9213875228592165
GBR,United Kingdom,1962,6.944166041059026
GBR,United Kingdom,1963,6.80074341068238
GBR,United Kingdom,1964,6.596056013135159
GBR,United Kingdom,1965,6.436978573401444
GBR,United Kingdom,1966,6.24903679676674
GBR,United Kingdom,1967,6.235703712061695
GBR,United Kingdom,1968,5.941105200312196
GBR,United Kingdom,1969,5.502195638985295
GBR,United Kingdom,1970,5.197413238095656
GBR,United Kingdom,1971,5.07633062254603
GBR,United Kingdom,1972,5.171047755933202
GBR,United Kingdom,1973,4.906161057465107
GBR,United Kingdom,1974,5.069427114905353
GBR,United Kingdom,1975,5.339603439156155
GBR,United Kingdom,1976,5.175503336815538
GBR,United Kingdom,1977,4.9232776210388565
GBR,United Kingdom,1978,4.733043085869931
GBR,United Kingdom,1979,4.679757567475337
GBR,United Kingdom,1980,5.019903458887417
GBR,United Kingdom,1981,4.983763369217456
GBR,United Kingdom,1982,5.381326521154768
GBR,United Kingdom,1983,5.39688559001511
GBR,United Kingdom,1984,5.5080794980595185
GBR,United Kingdom,1985,5.320704619055466
GBR,United Kingdom,1986,5.059823736797281
GBR,United Kingdom,1987,4.686668442605329
GBR,United Kingdom,1988,4.21428762838849
GBR,United Kingdom,1989,4.040954331564308
GBR,United Kingdom,1990,3.983217694585004
GBR,United Kingdom,1991,4.116802422731712
GBR,United Kingdom,1992,3.8647177664126264
GBR,United Kingdom,1993,3.5906495124797875
GBR,United Kingdom,1994,3.3819337177653197
GBR,United Kingdom,1995,2.8383747469804566
GBR,United Kingdom,1996,2.7056730537944795
GBR,United Kingdom,1997,2.5420161245340025
GBR,United Kingdom,1998,2.4821309955641224
GBR,United Kingdom,1999,2.406764223601331
GBR,United Kingdom,2000,2.3537693230013392
GBR,United Kingdom,2001,2.3856244466308927
GBR,United Kingdom,2002,2.4711470272524245
GBR,United Kingdom,2003,2.5392986931727637
GBR,United Kingdom,2004,2.479595070784836
GBR,United Kingdom,2005,2.4164902995750577
GBR,United Kingdom,2006,2.3612687665479544
GBR,United Kingdom,2007,2.3655722008020725
GBR,United Kingdom,2008,2.4755387471533505
GBR,United Kingdom,2009,2.634951178877328
GBR,United Kingdom,2010,2.562503919376064
GBR,United Kingdom,2011,2.488033265320056
GBR,United Kingdom,2012,2.406592807186236
GBR,United Kingdom,2013,2.2824404450323965
GBR,United Kingdom,2014,2.169862186917687
GBR,United Kingdom,2015,2.0366178462082263
GBR,United Kingdom,2016,1.9715134838795765
GBR,United Kingdom,2017,1.9363233839812855
GBR,United Kingdom,2018,1.9273135107082051
GBR,United Kingdom,2019,1.9684761520505683
GBR,United Kingdom,2020,2.1414233404872176
GBR,United Kingdom,2021,2.0391788845251035
GBR,United Kingdom,2022,2.0117668908714936
GBR,United Kingdom,2023,2.1518152555732177
GBR,United Kingdom,2024,2.4367191195539086
GBR,United Kingdom,2025,2.3532641541251778
ISR,Israel,1960,7.460248311914616
ISR,Israel,1961,7.865016263100831
ISR,Israel,1962,9.16079196040198
ISR,Israel,1963,9.7535741158766
ISR,Israel,1964,8.984626961943668
ISR,Israel,1965,8.569153776160146
ISR,Israel,1966,9.43467336683417
ISR,Israel,1967,15.44251447477254
ISR,Israel,1968,17.428014721801254
ISR,Israel,1969,19.089316987740805
ISR,Israel,1970,23.447056320799874
ISR,Israel,1971,22.799803477592175
ISR,Israel,1972,20.371018842754708
ISR,Israel,1973,27.856092653735036
ISR,Israel,1974,27.655286442041287
ISR,Israel,1975,30.463802786270772
ISR,Israel,1976,29.24559309863571
ISR,Israel,1977,23.08721334259903
ISR,Israel,1978,22.891134975784375
ISR,Israel,1979,19.38469318948078
ISR,Israel,1980,18.91933663046984
ISR,Israel,1981,20.2622686197897
ISR,Israel,1982,18.388210080059565
ISR,Israel,1983,15.54688867707989
ISR,Israel,1984,16.182228915662648
ISR,Israel,1985,16.600643527798294
ISR,Israel,1986,14.767712882713674
ISR,Israel,1987,16.900144948030828
ISR,Israel,1988,15.947094557291393
ISR,Israel,1989,12.445732654721883
ISR,Israel,1990,12.362686187266993
ISR,Israel,1991,15.586982913660233
ISR,Israel,1992,10.925077527679026
ISR,Israel,1993,11.523243990746943
ISR,Israel,1994,10.119965835375838
ISR,Israel,1995,7.427868713255796
ISR,Israel,1996,7.280816636642941
ISR,Israel,1997,7.083353450063916
ISR,Israel,1998,6.623157075695128
ISR,Israel,1999,6.216333227526226
ISR,Israel,2000,6.016783246001534
ISR,Israel,2001,6.213620789157972
ISR,Israel,2002,6.323570276559062
ISR,Israel,2003,6.196221619030383
ISR,Israel,2004,6.123490895488142
ISR,Israel,2005,5.980995721255032
ISR,Israel,2006,5.814409532718342
ISR,Israel,2007,6.088161331400027
ISR,Israel,2008,6.174837703414705
ISR,Israel,2009,5.916355597092489
ISR,Israel,2010,5.711404216693614
ISR,Israel,2011,5.433352525981839
ISR,Israel,2012,5.313002714306436
ISR,Israel,2013,5.280080182573555
ISR,Israel,2014,5.456453780998608
ISR,Israel,2015,5.275251587309139
ISR,Israel,2016,5.170846267115451
ISR,Israel,2017,5.268895961490771
ISR,Israel,2018,5.130340240707905
ISR,Israel,2019,4.958315439699209
ISR,Israel,2020,5.119175433144256
ISR,Israel,2021,4.811993052086719
ISR,Israel,2022,4.3363233594757995
ISR,Israel,2023,5.279164113965233
ISR,Israel,2024,8.468134053430076
ISR,Israel,2025,7.8090640879594035
ITA,Italy,1951,3.777089896114113
ITA,Italy,1952,3.9941207381585535
ITA,Italy,1953,3.3275570628035114
ITA,Italy,1954,3.5321933089725435
ITA,Italy,1955,3.2516790367082384
ITA,Italy,1956,3.166196209595431
ITA,Italy,1957,3.085873779290685
ITA,Italy,1958,3.0421335309775484
ITA,Italy,1959,2.9538941038853066
ITA,Italy,1960,2.7138259882857474
ITA,Italy,1961,2.573869075304956
ITA,Italy,1962,2.6338383568595503
ITA,Italy,1963,2.753437953608758
ITA,Italy,1964,2.7273558982660924
ITA,Italy,1965,2.7475801622298435
ITA,Italy,1966,2.9887199805542055
ITA,Italy,1967,2.7677469403359964
ITA,Italy,1968,2.6489615918823235
ITA,Italy,1969,2.4224008269415154
ITA,Italy,1970,2.0582100542782604
ITA,Italy,1971,2.238970947217304
ITA,Italy,1972,2.391176016295481
ITA,Italy,1973,2.195817414277639
ITA,Italy,1974,2.0706267739895687
ITA,Italy,1975,1.9752321680361746
ITA,Italy,1976,1.8281436688527202
ITA,Italy,1977,1.890808512188237
ITA,Italy,1978,1.8797551045681822
ITA,Italy,1979,1.8739594666396784
ITA,Italy,1980,1.7636432370897224
ITA,Italy,1981,1.8211125060357314
ITA,Italy,1982,2.0053729031431047
ITA,Italy,1983,2.0165014199204596
ITA,Italy,1984,2.008607773606453
ITA,Italy,1985,1.9363689201663477
ITA,Italy,1986,1.9771426421066667
ITA,Italy,1987,2.0603536440041372
ITA,Italy,1988,2.072857459244836
ITA,Italy,1989,2.0264273198953564
ITA,Italy,1990,1.8807984132591955
ITA,Italy,1991,1.8588526837555372
ITA,Italy,1992,1.7519769834748697
ITA,Italy,1993,1.7867679733127004
ITA,Italy,1994,1.7137427595510124
ITA,Italy,1995,1.459637176762247
ITA,Italy,1996,1.581427835426431
ITA,Italy,1997,1.6189352379289548
ITA,Italy,1998,1.6362128225654384
ITA,Italy,1999,1.67522558920443
ITA,Italy,2000,1.7333974080779007
ITA,Italy,2001,1.6668744423050454
ITA,Italy,2002,1.6939425489348274
ITA,Italy,2003,1.6983995123575624
ITA,Italy,2004,1.6722893140331787
ITA,Italy,2005,1.5951612366334904
ITA,Italy,2006,1.5143431716684055
ITA,Italy,2007,1.4409182380745809
ITA,Italy,2008,1.530051247208464
ITA,Italy,2009,1.5474890960634724
ITA,Italy,2010,1.4943131245462222
ITA,Italy,2011,1.468292205529968
ITA,Italy,2012,1.4194623854452681
ITA,Italy,2013,1.3916774766698532
ITA,Italy,2014,1.250777338331202
ITA,Italy,2015,1.1790274107564842
ITA,Italy,2016,1.2965312568499159
ITA,Italy,2017,1.284728571567785
ITA,Italy,2018,1.320364164837195
ITA,Italy,2019,1.2479803962913125
ITA,Italy,2020,1.6623953398176385
ITA,Italy,2021,1.6080586704834945
ITA,Italy,2022,1.6019037546483545
ITA,Italy,2023,1.533952857406955
ITA,Italy,2024,1.5897659385982865
ITA,Italy,2025,1.8887272002891593
JPN,Japan,1952,2.070934534341322
JPN,Japan,1953,2.0310718358038766
JPN,Japan,1954,2.1931512120046173
JPN,Japan,1955,2.1028735288846403
JPN,Japan,1956,1.7458767591433
JPN,Japan,1957,1.4965510254828105
JPN,Japan,1958,1.4321867172807086
JPN,Japan,1959,1.2641865613367398
JPN,Japan,1960,1.0805948893483326
JPN,Japan,1961,0.9166602022082591
JPN,Japan,1962,0.8829815838524885
JPN,Japan,1963,0.9029116162018381
JPN,Japan,1964,0.8750461218700598
JPN,Japan,1965,0.8997139901417879
JPN,Japan,1966,0.8794210112653916
JPN,Japan,1967,0.8362303126502052
JPN,Japan,1968,0.7938665292430943
JPN,Japan,1969,0.7725510172926084
JPN,Japan,1970,0.7732303132187787
JPN,Japan,1971,0.8241193140630944
JPN,Japan,1972,0.8424753015334263
JPN,Japan,1973,0.8150144891464737
JPN,Japan,1974,0.8620683233515092
JPN,Japan,1975,0.9073870569754663
JPN,Japan,1976,0.8916511079226525
JPN,Japan,1977,0.8906810615121052
JPN,Japan,1978,0.8912863740435608
JPN,Japan,1979,0.9073921109290579
JPN,Japan,1980,0.9067942134500637
JPN,Japan,1981,0.9166481529716396
JPN,Japan,1982,0.9263755668820484
JPN,Japan,1983,0.952297427190256
JPN,Japan,1984,0.9584041587589736
JPN,Japan,1985,0.9593979139648804
JPN,Japan,1986,0.962811252055438
JPN,Japan,1987,0.9655109128384675
JPN,Japan,1988,0.9497088587314804
JPN,Japan,1989,0.9407810358868824
JPN,Japan,1990,0.9417917661326932
JPN,Japan,1991,0.940821904384541
JPN,Japan,1992,0.9483124403317089
JPN,Japan,1993,0.9506638247552263
JPN,Japan,1994,0.8872478075430105
JPN,Japan,1995,0.8859002848830985
JPN,Japan,1996,0.8771796534010804
JPN,Japan,1997,0.8872666333280335
JPN,Japan,1998,0.9119432376821748
JPN,Japan,1999,0.9196659096398287
JPN,Japan,2000,0.9025390011093223
JPN,Japan,2001,0.9182226583934201
JPN,Japan,2002,0.9263824619058029
JPN,Japan,2003,0.9289778160350259
JPN,Japan,2004,0.9175340667570586
JPN,Japan,2005,0.9086078461766631
JPN,Japan,2006,0.8939750187766157
JPN,Japan,2007,0.8763916918087816
JPN,Japan,2008,0.8984392211198723
JPN,Japan,2009,0.9643510906022628
JPN,Japan,2010,0.9404584432297439
JPN,Japan,2011,0.9676399104445446
JPN,Japan,2012,0.9474807915674833
JPN,Japan,2013,0.9298405043753485
JPN,Japan,2014,0.9407477854217512
JPN,Japan,2015,0.9285848783657085
JPN,Japan,2016,0.9101129628077456
JPN,Japan,2017,0.8937632162429506
JPN,Japan,2018,0.9413191592987058
JPN,Japan,2019,0.9680656934306568
JPN,Japan,2020,0.9902895694674883
JPN,Japan,2021,1.025969726735485
JPN,Japan,2022,0.9699722055337265
JPN,Japan,2023,1.0968772934042972
JPN,Japan,2024,1.2946292015779863
JPN,Japan,2025,1.4116699864430389
KOR,South Korea,1953,2.3628691983122363
KOR,South Korea,1954,5.853658536585367
KOR,South Korea,1955,6.242263483642794
KOR,South Korea,1956,8.327781479013991
KOR,South Korea,1957,6.796116504854369
KOR,South Korea,1958,7.427447122479094
KOR,South Korea,1959,7.638888888888889
KOR,South Korea,1960,7.157548334018922
KOR,South Korea,1961,6.72614962251201
KOR,South Korea,1962,6.8671963677639045
KOR,South Korea,1963,4.823859087269816
KOR,South Korea,1964,4.13443960061876
KOR,South Korea,1965,4.410474877834858
KOR,South Korea,1966,4.688873693464882
KOR,South Korea,1967,4.685142539506075
KOR,South Korea,1968,4.7306417965394525
KOR,South Korea,1969,4.694394892498358
KOR,South Korea,1970,4.4033465433729635
KOR,South Korea,1971,4.7349886064336655
KOR,South Korea,1972,5.010068079393997
KOR,South Korea,1973,4.034732164438577
KOR,South Korea,1974,4.541445627706767
KOR,South Korea,1975,4.87871647715607
KOR,South Korea,1976,5.908155683831514
KOR,South Korea,1977,6.034939121228163
KOR,South Korea,1978,6.371450619194407
KOR,South Korea,1979,5.525876568350099
KOR,South Korea,1980,6.398772113209045
KOR,South Korea,1981,6.415857297826628
KOR,South Korea,1982,6.240894485342073
KOR,South Korea,1983,5.726813608425009
KOR,South Korea,1984,5.254535392775151
KOR,South Korea,1985,5.225531684628279
KOR,South Korea,1986,4.948256250942161
KOR,South Korea,1987,4.468605550459541
KOR,South Korea,1988,4.281215937992007
KOR,South Korea,1989,4.290235294911502
KOR,South Korea,1990,4.002304289221855
KOR,South Korea,1991,3.711127841079668
KOR,South Korea,1992,3.6902726902726903
KOR,South Korea,1993,3.417894838239139
KOR,South Korea,1994,3.1927526689554626
KOR,South Korea,1995,2.892332986188096
KOR,South Korea,1996,2.7434796633334773
KOR,South Korea,1997,2.6633878077206417
KOR,South Korea,1998,2.7944420039170463
KOR,South Korea,1999,2.4925772197961145
KOR,South Korea,2000,2.309863371281914
KOR,South Korea,2001,2.280233816675173
KOR,South Korea,2002,2.169447753790747
KOR,South Korea,2003,2.175241245295323
KOR,South Korea,2004,2.165788324423491
KOR,South Korea,2005,2.2804017893109236
KOR,South Korea,2006,2.29892381866626
KOR,South Korea,2007,2.270935375158909
KOR,South Korea,2008,2.38850767922871
KOR,South Korea,2009,2.4999015379077782
KOR,South Korea,2010,2.3612279233069065
KOR,South Korea,2011,2.371142889906469
KOR,South Korea,2012,2.392059497332536
KOR,South Korea,2013,2.391287073185478
KOR,South Korea,2014,2.4132723111010854
KOR,South Korea,2015,2.3763712275444977
KOR,South Korea,2016,2.335799842142598
KOR,South Korea,2017,2.298131072760938
KOR,South Korea,2018,2.361509678958452
KOR,South Korea,2019,2.519319979440656
KOR,South Korea,2020,2.6429770690201226
KOR,South Korea,2021,2.619049412440007
KOR,South Korea,2022,2.576425603950086
KOR,South Korea,2023,2.5992577105255354
KOR,South Korea,2024,2.538385597882776
KOR,South Korea,2025,2.6014689512730267
NLD,Netherlands,1956,5.793746987122099
NLD,Netherlands,1957,5.316838348299907
NLD,Netherlands,1958,4.718195345216196
NLD,Netherlands,1959,4.023828322943305
NLD,Netherlands,1960,3.703901796588332
NLD,Netherlands,1961,4.087283879140009
NLD,Netherlands,1962,4.122775250127955
NLD,Netherlands,1963,4.010834481972993
NLD,Netherlands,1964,3.9326526841830747
NLD,Netherlands,1965,3.5712903313516264
NLD,Netherlands,1966,3.37028428544947
NLD,Netherlands,1967,3.5233358058518682
NLD,Netherlands,1968,3.256334920172651
NLD,Netherlands,1969,3.228928603229253
NLD,Netherlands,1970,2.866235554356591
NLD,Netherlands,1971,2.8388295348652837
NLD,Netherlands,1972,2.818539999636501
NLD,Netherlands,1973,2.7029972496202754
NLD,Netherlands,1974,2.653471661463248
NLD,Netherlands,1975,2.843860128566021
NLD,Netherlands,1976,2.688909449366515
NLD,Netherlands,1977,2.9544575220689366
NLD,Netherlands,1978,2.747070530605609
NLD,Netherlands,1979,2.840232828240927
NLD,Netherlands,1980,2.784298566207478
NLD,Netherlands,1981,2.8631194423343316
NLD,Netherlands,1982,3.1414705898142032
NLD,Netherlands,1983,2.8485847447993633
NLD,Netherlands,1984,2.8617244173864917
NLD,Netherlands,1985,2.7682181209481795
NLD,Netherlands,1986,2.7251197859884746
NLD,Netherlands,1987,2.713467177983307
NLD,Netherlands,1988,2.6109094684565037
NLD,Netherlands,1989,2.5174039055058888
NLD,Netherlands,1990,2.3690198851014346
NLD,Netherlands,1991,2.2485315309384304
NLD,Netherlands,1992,2.213002596309031
NLD,Netherlands,1993,2.027829408454547
NLD,Netherlands,1994,1.9130609754514416
NLD,Netherlands,1995,1.768737576962234
NLD,Netherlands,1996,1.7345496669562699
NLD,Netherlands,1997,1.638181031217876
NLD,Netherlands,1998,1.558533984738083
NLD,Netherlands,1999,1.569751251359656
NLD,Netherlands,2000,1.433420833231975
NLD,Netherlands,2001,1.4347508287761859
NLD,Netherlands,2002,1.4215521544001701
NLD,Netherlands,2003,1.4379463236622188
NLD,Netherlands,2004,1.4206891621658737
NLD,Netherlands,2005,1.390832402254837
NLD,Netherlands,2006,1.386515140166552
NLD,Netherlands,2007,1.34687487455341
NLD,Netherlands,2008,1.297100103024878
NLD,Netherlands,2009,1.3858099283847451
NLD,Netherlands,2010,1.3175287937271196
NLD,Netherlands,2011,1.2772612737857327
NLD,Netherlands,2012,1.2255253466862748
NLD,Netherlands,2013,1.1572088159418963
NLD,Netherlands,2014,1.1476112798341356
NLD,Netherlands,2015,1.1178603353952872
NLD,Netherlands,2016,1.1444996007914743
NLD,Netherlands,2017,1.137214477779509
NLD,Netherlands,2018,1.1961416179647975
NLD,Netherlands,2019,1.2918084233284766
NLD,Netherlands,2020,1.4060771890459214
NLD,Netherlands,2021,1.3653749088665807
NLD,Netherlands,2022,1.3041999557263892
NLD,Netherlands,2023,1.4414119908317637
NLD,Netherlands,2024,1.9406499480159187
NLD,Netherlands,2025,2.1945445152637935
NOR,Norway,1949,2.709233360181592
NOR,Norway,1950,2.368473429310688
NOR,Norway,1951,3.0482280841993075
NOR,Norway,1952,4.008296353463246
NOR,Norway,1953,5.0778089753961835
NOR,Norway,1954,5.004605465151981
NOR,Norway,1955,3.925364527555812
NOR,Norway,1956,3.521229335081203
NOR,Norway,1957,3.586570021881838
NOR,Norway,1958,3.5060088334988184
NOR,Norway,1959,3.5758123909813295
NOR,Norway,1960,3.200435598039809
NOR,Norway,1961,3.0042043572429606
NOR,Norway,1962,3.2415179099184304
NOR,Norway,1963,3.2084273230984865
NOR,Norway,1964,3.1191639845829857
NOR,Norway,1965,3.397936519309307
NOR,Norway,1966,3.5679598306730926
NOR,Norway,1967,3.5125628140703515
NOR,Norway,1968,3.607843137254902
NOR,Norway,1969,3.604252499351753
NOR,Norway,1970,3.4728394907169773
NOR,Norway,1971,3.391504404915549
NOR,Norway,1972,3.2914659675223055
NOR,Norway,1973,3.1336051210528195
NOR,Norway,1974,3.035535342634703
NOR,Norway,1975,3.2084302833855634
NOR,Norway,1976,3.1240297816752487
NOR,Norway,1977,3.0981768059645387
NOR,Norway,1978,2.841318929136992
NOR,Norway,1979,2.766545913689179
NOR,Norway,1980,2.6190188688838187
NOR,Norway,1981,2.6239721528599578
NOR,Norway,1982,2.744592106416824
NOR,Norway,1983,2.794971531653419
NOR,Norway,1984,2.5444343506658886
NOR,Norway,1985,2.7960002317027253
NOR,Norway,1986,2.8084170183099753
NOR,Norway,1987,2.978324425599687
NOR,Norway,1988,2.840755085200065
NOR,Norway,1989,2.857320260331115
NOR,Norway,1990,2.8339918998321023
NOR,Norway,1991,2.697551029190456
NOR,Norway,1992,2.9071705204693683
NOR,Norway,1993,2.633618618636172
NOR,Norway,1994,2.6769812380606344
NOR,Norway,1995,2.307457498302424
NOR,Norway,1996,2.1630421590788416
NOR,Norway,1997,2.016051308111518
NOR,Norway,1998,2.155827660969525
NOR,Norway,1999,2.0378803012800217
NOR,Norway,2000,1.7044234699151566
NOR,Norway,2001,1.702231685802332
NOR,Norway,2002,2.075319104047259
NOR,Norway,2003,1.9694044991210489
NOR,Norway,2004,1.8424347765785685
NOR,Norway,2005,1.5758846731432616
NOR,Norway,2006,1.444668027944092
NOR,Norway,2007,1.4591720779908601
NOR,Norway,2008,1.3703337166087939
NOR,Norway,2009,1.5969097991894123
NOR,Norway,2010,1.507627954928146
NOR,Norway,2011,1.4425275514078826
NOR,Norway,2012,1.3931899961181087
NOR,Norway,2013,1.4052521813978096
NOR,Norway,2014,1.4622794277646487
NOR,Norway,2015,1.498123272664889
NOR,Norway,2016,1.6173438359967072
NOR,Norway,2017,1.7051532859499088
NOR,Norway,2018,1.7152973747833473
NOR,Norway,2019,1.843735378184272
NOR,Norway,2020,1.965983692394358
NOR,Norway,2021,1.676321846948992
NOR,Norway,2022,1.4580566048103012
NOR,Norway,2023,1.8220116634934538
NOR,Norway,2024,2.2316488877548153
NOR,Norway,2025,3.2784814370343565
NZL,New Zealand,1956,3.108758421559191
NZL,New Zealand,1957,2.858426966292135
NZL,New Zealand,1958,2.825290822921155
NZL,New Zealand,1959,2.8172844480257857
NZL,New Zealand,1960,2.690733159657611
NZL,New Zealand,1961,2.485627021200144
NZL,New Zealand,1962,2.3099366455485164
NZL,New Zealand,1963,2.1982890314695998
NZL,New Zealand,1964,2.4728336584006687
NZL,New Zealand,1965,2.3555584214598917
NZL,New Zealand,1966,2.639267145333003
NZL,New Zealand,1967,2.6237150370547453
NZL,New Zealand,1968,2.727682596934175
NZL,New Zealand,1969,2.566225165562914
NZL,New Zealand,1970,2.6320301783264743
NZL,New Zealand,1971,2.3167006109979633
NZL,New Zealand,1972,2.1832679407669917
NZL,New Zealand,1973,1.9730405478856399
NZL,New Zealand,1974,2.065378900445765
NZL,New Zealand,1975,2.0847617415152553
NZL,New Zealand,1976,1.9360329054676975
NZL,New Zealand,1977,2.1158984635938545
NZL,New Zealand,1978,2.2098714471046113
NZL,New Zealand,1979,2.1596362717858044
NZL,New Zealand,1980,3.0227905358385527
NZL,New Zealand,1981,2.7293750672259867
NZL,New Zealand,1982,2.5828584163774715
NZL,New Zealand,1983,2.438359309968713
NZL,New Zealand,1984,2.377624154933157
NZL,New Zealand,1985,2.3646261207543837
NZL,New Zealand,1986,2.3675870219166306
NZL,New Zealand,1987,2.4072766891217947
NZL,New Zealand,1988,2.115672824739891
NZL,New Zealand,1989,2.181289252603246
NZL,New Zealand,1990,2.3111817921109576
NZL,New Zealand,1991,2.2787989951752463
NZL,New Zealand,1992,2.0969202898550727
NZL,New Zealand,1993,1.9357018729484456
NZL,New Zealand,1994,1.8533684860043753
NZL,New Zealand,1995,1.8424965987112014
NZL,New Zealand,1996,1.7926621754749086
NZL,New Zealand,1997,1.719473567666965
NZL,New Zealand,1998,1.7105723002521938
NZL,New Zealand,1999,1.6484751492483636
NZL,New Zealand,2000,1.5966166430068276
NZL,New Zealand,2001,1.5003721239568653
NZL,New Zealand,2002,1.4002752677876846
NZL,New Zealand,2003,1.3275820223331694
NZL,New Zealand,2004,1.176795455185282
NZL,New Zealand,2005,1.1399060116135256
NZL,New Zealand,2006,1.2408278930330312
NZL,New Zealand,2007,1.1820711264270463
NZL,New Zealand,2008,1.152764411163517
NZL,New Zealand,2009,1.2198116487463075
NZL,New Zealand,2010,1.2099190675148617
NZL,New Zealand,2011,1.1623493005269743
NZL,New Zealand,2012,1.1163722121369295
NZL,New Zealand,2013,1.043923362945164
NZL,New Zealand,2014,0.9981467798509787
NZL,New Zealand,2015,0.9879504124354143
NZL,New Zealand,2016,1.0355284369962132
NZL,New Zealand,2017,1.0519530118168647
NZL,New Zealand,2018,1.1054339632622294
NZL,New Zealand,2019,1.2932632951610183
NZL,New Zealand,2020,1.3399501211387976
NZL,New Zealand,2021,1.1647754495686466
NZL,New Zealand,2022,1.1565339524416929
NZL,New Zealand,2023,1.1996095257746975
NZL,New Zealand,2024,1.1617702876207792
NZL,New Zealand,2025,1.1022496023962065
SWE,Sweden,1960,3.7769709399814304
SWE,Sweden,1961,3.720613331295688
SWE,Sweden,1962,3.863444293159303
SWE,Sweden,1963,3.9672772424099243
SWE,Sweden,1964,3.8661977381093116
SWE,Sweden,1965,3.91263074939103
SWE,Sweden,1966,3.8580132711709716
SWE,Sweden,1967,3.6114518498326595
SWE,Sweden,1968,3.4765468776781128
SWE,Sweden,1969,3.459280732545834
SWE,Sweden,1970,3.3586682614703935
SWE,Sweden,1971,3.4100367854361893
SWE,Sweden,1972,3.4079643498660177
SWE,Sweden,1973,3.2785873055075325
SWE,Sweden,1974,3.2153970491201633
SWE,Sweden,1975,3.0816031384543776
SWE,Sweden,1976,3.0031129022301783
SWE,Sweden,1977,3.101082115367984
SWE,Sweden,1978,3.1477754879379316
SWE,Sweden,1979,3.1233574226650256
SWE,Sweden,1980,2.9234515960268403
SWE,Sweden,1981,2.948237146870506
SWE,Sweden,1982,2.853754784074576
SWE,Sweden,1983,2.7378226181065464
SWE,Sweden,1984,2.671961322622973
SWE,Sweden,1985,2.673008400073798
SWE,Sweden,1986,2.586568256394486
SWE,Sweden,1987,2.653290514666642
SWE,Sweden,1988,2.5852867488073583
SWE,Sweden,1989,2.508833922261484
SWE,Sweden,1990,2.568980315459189
SWE,Sweden,1991,2.45430639025377
SWE,Sweden,1992,2.4441930717022586
SWE,Sweden,1993,2.3565705626852966
SWE,Sweden,1994,2.253802711227419
SWE,Sweden,1995,2.1455478517224438
SWE,Sweden,1996,2.124798182480324
SWE,Sweden,1997,1.939673166585045
SWE,Sweden,1998,1.8945970481229786
SWE,Sweden,1999,1.8769095694107112
SWE,Sweden,2000,1.8217445273353012
SWE,Sweden,2001,1.7022922797398117
SWE,Sweden,2002,1.6286522337168385
SWE,Sweden,2003,1.5881629792890637
SWE,Sweden,2004,1.4340769405792428
SWE,Sweden,2005,1.408883275523796
SWE,Sweden,2006,1.3199619953591226
SWE,Sweden,2007,1.3031712624213088
SWE,Sweden,2008,1.170734065884821
SWE,Sweden,2009,1.1657412674694982
SWE,Sweden,2010,1.194498935811063
SWE,Sweden,2011,1.1085513929770152
SWE,Sweden,2012,1.1357461057985583
SWE,Sweden,2013,1.11769430345947
SWE,Sweden,2014,1.1347071120523273
SWE,Sweden,2015,1.0739467578805257
SWE,Sweden,2016,1.0583452334854229
SWE,Sweden,2017,1.0343567395260533
SWE,Sweden,2018,1.0431498604912641
SWE,Sweden,2019,1.0995578508068098
SWE,Sweden,2020,1.1519583151716937
SWE,Sweden,2021,1.2002746522548065
SWE,Sweden,2022,1.3426468560738876
SWE,Sweden,2023,1.5173720090239806
SWE,Sweden,2024,1.9932278351101382
SWE,Sweden,2025,2.4711848495400415
USA,United States,1949,5.272020054522638
USA,United States,1950,5.081963440097969
USA,United States,1951,10.16702117011775
USA,United States,1952,13.860080995553655
USA,United States,1953,13.580272460420412
USA,United States,1954,11.736595527128474
USA,United States,1955,10.156244863598452
USA,United States,1956,9.90101162224892
USA,United States,1957,9.992439485157588
USA,United States,1958,10.071763987009115
USA,United States,1959,9.438772963973731
USA,United States,1960,8.993124587152781
USA,United States,1961,9.156031500171231
USA,United States,1962,9.331672945458426
USA,United States,1963,8.831891186180178
USA,United States,1964,8.051281105728403
USA,United States,1965,7.587247177226024
USA,United States,1966,8.435300285945074
USA,United States,1967,9.417795932551371
USA,United States,1968,9.268454274687926
USA,United States,1969,8.633263795091036
USA,United States,1970,8.032743584040851
USA,United States,1971,6.9430696093606095
USA,United States,1972,6.5197569243471625
USA,United States,1973,5.893870591167396
USA,United States,1974,5.954111196760147
USA,United States,1975,5.622679096133358
USA,United States,1976,5.191071429025547
USA,United States,1977,5.155617351271249
USA,United States,1978,4.943087247916881
USA,United States,1979,4.951991535272649
USA,United States,1980,5.153537466516365
USA,United States,1981,5.646541256242576
USA,United States,1982,6.814057094412844
USA,United States,1983,6.321144259767165
USA,United States,1984,6.236416529638966
USA,United States,1985,6.453219204668603
USA,United States,1986,6.626522657898423
USA,United States,1987,6.420274022884877
USA,United States,1988,6.071277702094799
USA,United States,1989,5.871206008046527
USA,United States,1990,5.605175294387942
USA,United States,1991,4.883429397763131
USA,United States,1992,4.9704668076828415
USA,United States,1993,4.604350295076444
USA,United States,1994,4.215264675177903
USA,United States,1995,3.8602457917389046
USA,United States,1996,3.554982206352185
USA,United States,1997,3.4055622441885482
USA,United States,1998,3.2015584989699613
USA,United States,1999,3.085676783247462
USA,United States,2000,3.1122421469767914
USA,United States,2001,3.1238098026670253
USA,United States,2002,3.4476180992877845
USA,United States,2003,3.827161044736226
USA,United States,2004,4.016312736406917
USA,United States,2005,4.089231875245079
USA,United States,2006,4.041342301660379
USA,United States,2007,4.07335051467688
USA,United States,2008,4.4465955215626085
USA,United States,2009,4.875768358797736
USA,United States,2010,4.904023005958347
USA,United States,2011,4.822441976004523
USA,United States,2012,4.4617099699335
USA,United States,2013,4.023705604381548
USA,United States,2014,3.6789181738764505
USA,United States,2015,3.4644929256427663
USA,United States,2016,3.4026023357511765
USA,United States,2017,3.2977234873791965
USA,United States,2018,3.3040005391034963
USA,United States,2019,3.40921408383721
USA,United States,2020,3.641576369415299
USA,United States,2021,3.398138103344754
USA,United States,2022,3.303415625692068
USA,United States,2023,3.2936524102586713
USA,United States,2024,3.4299288721725185
USA,United States,2025,3.1173079810605935
