date,personnel_type,count
1990-11-30,Experts and staff officers,0.0
1990-11-30,Police,0.0
1990-11-30,Troops,1002.0
1990-12-31,Experts and staff officers,0.0
1990-12-31,Police,0.0
1990-12-31,Troops,1002.0
1991-01-31,Experts and staff officers,0.0
1991-01-31,Police,0.0
1991-01-31,Troops,1002.0
1991-02-28,Experts and staff officers,0.0
1991-02-28,Police,0.0
1991-02-28,Troops,1002.0
1991-03-31,Experts and staff officers,0.0
1991-03-31,Police,0.0
1991-03-31,Troops,850.0
1991-04-30,Experts and staff officers,0.0
1991-04-30,Police,0.0
1991-04-30,Troops,1141.0
1991-05-31,Experts and staff officers,0.0
1991-05-31,Police,0.0
1991-05-31,Troops,1140.0
1991-06-30,Experts and staff officers,0.0
1991-06-30,Police,0.0
1991-06-30,Troops,1147.0
1991-07-31,Experts and staff officers,0.0
1991-07-31,Police,0.0
1991-07-31,Troops,1151.0
1991-08-31,Experts and staff officers,0.0
1991-08-31,Police,0.0
1991-08-31,Troops,1149.0
1991-09-30,Experts and staff officers,0.0
1991-09-30,Police,0.0
1991-09-30,Troops,1176.0
1991-10-31,Experts and staff officers,0.0
1991-10-31,Police,0.0
1991-10-31,Troops,978.0
1991-11-30,Experts and staff officers,0.0
1991-11-30,Police,0.0
1991-11-30,Troops,976.0
1991-12-31,Experts and staff officers,0.0
1991-12-31,Police,0.0
1991-12-31,Troops,956.0
1992-01-31,Experts and staff officers,0.0
1992-01-31,Police,0.0
1992-01-31,Troops,1024.0
1992-02-29,Experts and staff officers,0.0
1992-02-29,Police,0.0
1992-02-29,Troops,814.0
1992-03-31,Experts and staff officers,0.0
1992-03-31,Police,0.0
1992-03-31,Troops,1043.0
1992-04-30,Experts and staff officers,0.0
1992-04-30,Police,0.0
1992-04-30,Troops,2122.0
1992-05-31,Experts and staff officers,0.0
1992-05-31,Police,0.0
1992-05-31,Troops,2122.0
1992-06-30,Experts and staff officers,0.0
1992-06-30,Police,0.0
1992-06-30,Troops,2122.0
1992-07-31,Experts and staff officers,0.0
1992-07-31,Police,0.0
1992-07-31,Troops,2122.0
1992-08-31,Experts and staff officers,70.0
1992-08-31,Police,30.0
1992-08-31,Troops,2212.0
1992-09-30,Experts and staff officers,69.0
1992-09-30,Police,30.0
1992-09-30,Troops,2179.0
1992-10-31,Experts and staff officers,69.0
1992-10-31,Police,45.0
1992-10-31,Troops,2169.0
1992-11-30,Experts and staff officers,68.0
1992-11-30,Police,45.0
1992-11-30,Troops,3102.0
1992-12-31,Experts and staff officers,68.0
1992-12-31,Police,45.0
1992-12-31,Troops,3172.0
1993-01-31,Experts and staff officers,68.0
1993-01-31,Police,45.0
1993-01-31,Troops,3220.0
1993-02-28,Experts and staff officers,64.0
1993-02-28,Police,45.0
1993-02-28,Troops,3171.0
1993-03-31,Experts and staff officers,65.0
1993-03-31,Police,45.0
1993-03-31,Troops,3155.0
1993-04-30,Experts and staff officers,69.0
1993-04-30,Police,45.0
1993-04-30,Troops,3222.0
1993-05-31,Experts and staff officers,67.0
1993-05-31,Police,45.0
1993-05-31,Troops,3093.0
1993-06-30,Experts and staff officers,65.0
1993-06-30,Police,45.0
1993-06-30,Troops,2829.0
1993-07-31,Experts and staff officers,62.0
1993-07-31,Police,45.0
1993-07-31,Troops,2699.0
1993-08-31,Experts and staff officers,65.0
1993-08-31,Police,45.0
1993-08-31,Troops,2495.0
1993-09-30,Experts and staff officers,64.0
1993-09-30,Police,45.0
1993-09-30,Troops,2393.0
1993-10-31,Experts and staff officers,65.0
1993-10-31,Police,45.0
1993-10-31,Troops,2412.0
1993-11-30,Experts and staff officers,65.0
1993-11-30,Police,44.0
1993-11-30,Troops,2190.0
1993-12-31,Experts and staff officers,66.0
1993-12-31,Police,46.0
1993-12-31,Troops,1976.0
1994-01-31,Experts and staff officers,67.0
1994-01-31,Police,46.0
1994-01-31,Troops,2178.0
1994-02-28,Experts and staff officers,66.0
1994-02-28,Police,46.0
1994-02-28,Troops,2205.0
1994-03-31,Experts and staff officers,67.0
1994-03-31,Police,46.0
1994-03-31,Troops,2199.0
1994-04-30,Experts and staff officers,66.0
1994-04-30,Police,45.0
1994-04-30,Troops,2194.0
1994-05-31,Experts and staff officers,67.0
1994-05-31,Police,45.0
1994-05-31,Troops,2294.0
1994-06-30,Experts and staff officers,60.0
1994-06-30,Police,46.0
1994-06-30,Troops,2272.0
1994-07-31,Experts and staff officers,47.0
1994-07-31,Police,46.0
1994-07-31,Troops,2587.0
1994-08-31,Experts and staff officers,59.0
1994-08-31,Police,46.0
1994-08-31,Troops,2640.0
1994-09-30,Experts and staff officers,59.0
1994-09-30,Police,45.0
1994-09-30,Troops,2608.0
1994-10-31,Experts and staff officers,58.0
1994-10-31,Police,58.0
1994-10-31,Troops,2623.0
1994-11-30,Experts and staff officers,58.0
1994-11-30,Police,58.0
1994-11-30,Troops,2692.0
1994-12-31,Experts and staff officers,58.0
1994-12-31,Police,65.0
1994-12-31,Troops,2688.0
1995-01-31,Experts and staff officers,54.0
1995-01-31,Police,68.0
1995-01-31,Troops,2463.0
1995-02-28,Experts and staff officers,54.0
1995-02-28,Police,136.0
1995-02-28,Troops,2439.0
1995-03-31,Experts and staff officers,54.0
1995-03-31,Police,145.0
1995-03-31,Troops,2899.0
1995-04-30,Experts and staff officers,53.0
1995-04-30,Police,145.0
1995-04-30,Troops,2847.0
1995-05-31,Experts and staff officers,51.0
1995-05-31,Police,103.0
1995-05-31,Troops,2879.0
1995-06-30,Experts and staff officers,54.0
1995-06-30,Police,103.0
1995-06-30,Troops,2860.0
1995-07-31,Experts and staff officers,53.0
1995-07-31,Police,99.0
1995-07-31,Troops,2885.0
1995-08-31,Experts and staff officers,42.0
1995-08-31,Police,87.0
1995-08-31,Troops,2870.0
1995-09-30,Experts and staff officers,41.0
1995-09-30,Police,97.0
1995-09-30,Troops,2133.0
1995-10-31,Experts and staff officers,41.0
1995-10-31,Police,96.0
1995-10-31,Troops,2067.0
1995-11-30,Experts and staff officers,41.0
1995-11-30,Police,95.0
1995-11-30,Troops,1270.0
1995-12-31,Experts and staff officers,41.0
1995-12-31,Police,93.0
1995-12-31,Troops,1029.0
1996-01-31,Experts and staff officers,32.0
1996-01-31,Police,93.0
1996-01-31,Troops,831.0
1996-02-29,Experts and staff officers,19.0
1996-02-29,Police,93.0
1996-02-29,Troops,612.0
1996-03-31,Experts and staff officers,19.0
1996-03-31,Police,50.0
1996-03-31,Troops,626.0
1996-04-30,Experts and staff officers,19.0
1996-04-30,Police,98.0
1996-04-30,Troops,953.0
1996-05-31,Experts and staff officers,19.0
1996-05-31,Police,98.0
1996-05-31,Troops,944.0
1996-06-30,Experts and staff officers,19.0
1996-06-30,Police,79.0
1996-06-30,Troops,939.0
1996-07-31,Experts and staff officers,19.0
1996-07-31,Police,103.0
1996-07-31,Troops,912.0
1996-08-31,Experts and staff officers,18.0
1996-08-31,Police,103.0
1996-08-31,Troops,858.0
1996-09-30,Experts and staff officers,18.0
1996-09-30,Police,101.0
1996-09-30,Troops,915.0
1996-10-31,Experts and staff officers,18.0
1996-10-31,Police,101.0
1996-10-31,Troops,939.0
1996-11-30,Experts and staff officers,18.0
1996-11-30,Police,98.0
1996-11-30,Troops,944.0
1996-12-31,Experts and staff officers,18.0
1996-12-31,Police,98.0
1996-12-31,Troops,928.0
1997-01-31,Experts and staff officers,18.0
1997-01-31,Police,106.0
1997-01-31,Troops,936.0
1997-02-28,Experts and staff officers,33.0
1997-02-28,Police,106.0
1997-02-28,Troops,945.0
1997-03-31,Experts and staff officers,33.0
1997-03-31,Police,106.0
1997-03-31,Troops,928.0
1997-04-30,Experts and staff officers,33.0
1997-04-30,Police,107.0
1997-04-30,Troops,943.0
1997-05-31,Experts and staff officers,18.0
1997-05-31,Police,119.0
1997-05-31,Troops,953.0
1997-06-30,Experts and staff officers,18.0
1997-06-30,Police,77.0
1997-06-30,Troops,946.0
1997-07-31,Experts and staff officers,18.0
1997-07-31,Police,75.0
1997-07-31,Troops,934.0
1997-08-31,Experts and staff officers,17.0
1997-08-31,Police,73.0
1997-08-31,Troops,824.0
1997-09-30,Experts and staff officers,17.0
1997-09-30,Police,73.0
1997-09-30,Troops,781.0
1997-10-31,Experts and staff officers,17.0
1997-10-31,Police,79.0
1997-10-31,Troops,815.0
1997-11-30,Experts and staff officers,17.0
1997-11-30,Police,31.0
1997-11-30,Troops,841.0
1997-12-31,Experts and staff officers,17.0
1997-12-31,Police,48.0
1997-12-31,Troops,189.0
1998-01-31,Experts and staff officers,17.0
1998-01-31,Police,48.0
1998-01-31,Troops,189.0
1998-02-28,Experts and staff officers,16.0
1998-02-28,Police,59.0
1998-02-28,Troops,190.0
1998-03-31,Experts and staff officers,17.0
1998-03-31,Police,59.0
1998-03-31,Troops,190.0
1998-04-30,Experts and staff officers,17.0
1998-04-30,Police,59.0
1998-04-30,Troops,345.0
1998-05-31,Experts and staff officers,17.0
1998-05-31,Police,59.0
1998-05-31,Troops,352.0
1998-06-30,Experts and staff officers,18.0
1998-06-30,Police,59.0
1998-06-30,Troops,344.0
1998-07-31,Experts and staff officers,18.0
1998-07-31,Police,58.0
1998-07-31,Troops,343.0
1998-08-31,Experts and staff officers,18.0
1998-08-31,Police,55.0
1998-08-31,Troops,342.0
1998-09-30,Experts and staff officers,18.0
1998-09-30,Police,64.0
1998-09-30,Troops,345.0
1998-10-31,Experts and staff officers,18.0
1998-10-31,Police,60.0
1998-10-31,Troops,343.0
1998-11-30,Experts and staff officers,18.0
1998-11-30,Police,54.0
1998-11-30,Troops,350.0
1998-12-31,Experts and staff officers,18.0
1998-12-31,Police,54.0
1998-12-31,Troops,350.0
1999-01-31,Experts and staff officers,18.0
1999-01-31,Police,55.0
1999-01-31,Troops,343.0
1999-02-28,Experts and staff officers,18.0
1999-02-28,Police,60.0
1999-02-28,Troops,240.0
1999-03-31,Experts and staff officers,17.0
1999-03-31,Police,50.0
1999-03-31,Troops,238.0
1999-04-30,Experts and staff officers,17.0
1999-04-30,Police,53.0
1999-04-30,Troops,215.0
1999-05-31,Experts and staff officers,17.0
1999-05-31,Police,54.0
1999-05-31,Troops,368.0
1999-06-30,Experts and staff officers,12.0
1999-06-30,Police,54.0
1999-06-30,Troops,345.0
1999-07-31,Experts and staff officers,17.0
1999-07-31,Police,56.0
1999-07-31,Troops,349.0
1999-08-31,Experts and staff officers,16.0
1999-08-31,Police,93.0
1999-08-31,Troops,259.0
1999-09-30,Experts and staff officers,19.0
1999-09-30,Police,109.0
1999-09-30,Troops,248.0
1999-10-31,Experts and staff officers,19.0
1999-10-31,Police,109.0
1999-10-31,Troops,216.0
1999-11-30,Experts and staff officers,19.0
1999-11-30,Police,109.0
1999-11-30,Troops,216.0
1999-12-31,Experts and staff officers,23.0
1999-12-31,Police,138.0
1999-12-31,Troops,193.0
2000-01-31,Experts and staff officers,26.0
2000-01-31,Police,138.0
2000-01-31,Troops,192.0
2000-02-28,Experts and staff officers,25.0
2000-02-28,Police,148.0
2000-02-28,Troops,356.0
2000-03-31,Experts and staff officers,26.0
2000-03-31,Police,126.0
2000-03-31,Troops,189.0
2000-04-30,Experts and staff officers,26.0
2000-04-30,Police,126.0
2000-04-30,Troops,195.0
2000-05-31,Experts and staff officers,26.0
2000-05-31,Police,118.0
2000-05-31,Troops,187.0
2000-06-30,Experts and staff officers,27.0
2000-06-30,Police,129.0
2000-06-30,Troops,196.0
2000-07-31,Experts and staff officers,27.0
2000-07-31,Police,131.0
2000-07-31,Troops,191.0
2000-08-31,Experts and staff officers,29.0
2000-08-31,Police,115.0
2000-08-31,Troops,196.0
2000-09-30,Experts and staff officers,27.0
2000-09-30,Police,116.0
2000-09-30,Troops,189.0
2000-10-31,Experts and staff officers,27.0
2000-10-31,Police,114.0
2000-10-31,Troops,189.0
2000-11-30,Experts and staff officers,33.0
2000-11-30,Police,123.0
2000-11-30,Troops,245.0
2000-12-31,Experts and staff officers,31.0
2000-12-31,Police,112.0
2000-12-31,Troops,425.0
2001-01-31,Experts and staff officers,30.0
2001-01-31,Police,105.0
2001-01-31,Troops,436.0
2001-02-28,Experts and staff officers,30.0
2001-02-28,Police,105.0
2001-02-28,Troops,436.0
2001-03-31,Experts and staff officers,31.0
2001-03-31,Police,96.0
2001-03-31,Troops,429.0
2001-04-30,Experts and staff officers,31.0
2001-04-30,Police,94.0
2001-04-30,Troops,431.0
2001-05-31,Experts and staff officers,30.0
2001-05-31,Police,102.0
2001-05-31,Troops,417.0
2001-06-30,Experts and staff officers,29.0
2001-06-30,Police,101.0
2001-06-30,Troops,198.0
2001-07-31,Experts and staff officers,28.0
2001-07-31,Police,99.0
2001-07-31,Troops,196.0
2001-08-31,Experts and staff officers,27.0
2001-08-31,Police,99.0
2001-08-31,Troops,202.0
2001-09-30,Experts and staff officers,24.0
2001-09-30,Police,100.0
2001-09-30,Troops,193.0
2001-10-31,Experts and staff officers,24.0
2001-10-31,Police,93.0
2001-10-31,Troops,193.0
2001-11-30,Experts and staff officers,23.0
2001-11-30,Police,86.0
2001-11-30,Troops,205.0
2001-12-31,Experts and staff officers,19.0
2001-12-31,Police,85.0
2001-12-31,Troops,191.0
2002-01-31,Experts and staff officers,20.0
2002-01-31,Police,95.0
2002-01-31,Troops,190.0
2002-02-28,Experts and staff officers,20.0
2002-02-28,Police,78.0
2002-02-28,Troops,197.0
2002-03-31,Experts and staff officers,21.0
2002-03-31,Police,66.0
2002-03-31,Troops,197.0
2002-04-30,Experts and staff officers,19.0
2002-04-30,Police,68.0
2002-04-30,Troops,194.0
2002-05-31,Experts and staff officers,18.0
2002-05-31,Police,48.0
2002-05-31,Troops,196.0
2002-06-30,Experts and staff officers,18.0
2002-06-30,Police,47.0
2002-06-30,Troops,202.0
2002-07-31,Experts and staff officers,18.0
2002-07-31,Police,49.0
2002-07-31,Troops,200.0
2002-08-30,Experts and staff officers,18.0
2002-08-30,Police,49.0
2002-08-30,Troops,208.0
2002-09-30,Experts and staff officers,18.0
2002-09-30,Police,49.0
2002-09-30,Troops,199.0
2002-10-31,Experts and staff officers,18.0
2002-10-31,Police,43.0
2002-10-31,Troops,198.0
2002-11-30,Experts and staff officers,19.0
2002-11-30,Police,43.0
2002-11-30,Troops,198.0
2002-12-31,Experts and staff officers,20.0
2002-12-31,Police,45.0
2002-12-31,Troops,198.0
2003-01-31,Experts and staff officers,20.0
2003-01-31,Police,44.0
2003-01-31,Troops,198.0
2003-02-28,Experts and staff officers,19.0
2003-02-28,Police,44.0
2003-02-28,Troops,199.0
2003-03-30,Experts and staff officers,20.0
2003-03-30,Police,49.0
2003-03-30,Troops,199.0
2003-04-30,Experts and staff officers,20.0
2003-04-30,Police,43.0
2003-04-30,Troops,199.0
2003-05-31,Experts and staff officers,20.0
2003-05-31,Police,43.0
2003-05-31,Troops,199.0
2003-06-30,Experts and staff officers,14.0
2003-06-30,Police,42.0
2003-06-30,Troops,199.0
2003-07-31,Experts and staff officers,14.0
2003-07-31,Police,38.0
2003-07-31,Troops,198.0
2003-08-31,Experts and staff officers,14.0
2003-08-31,Police,26.0
2003-08-31,Troops,197.0
2003-09-30,Experts and staff officers,14.0
2003-09-30,Police,28.0
2003-09-30,Troops,197.0
2003-10-31,Experts and staff officers,14.0
2003-10-31,Police,28.0
2003-10-31,Troops,197.0
2003-11-30,Experts and staff officers,14.0
2003-11-30,Police,27.0
2003-11-30,Troops,198.0
2003-12-31,Experts and staff officers,14.0
2003-12-31,Police,27.0
2003-12-31,Troops,192.0
2004-01-31,Experts and staff officers,14.0
2004-01-31,Police,24.0
2004-01-31,Troops,193.0
2004-02-28,Experts and staff officers,14.0
2004-02-28,Police,27.0
2004-02-28,Troops,204.0
2004-03-31,Experts and staff officers,14.0
2004-03-31,Police,17.0
2004-03-31,Troops,204.0
2004-04-30,Experts and staff officers,14.0
2004-04-30,Police,18.0
2004-04-30,Troops,195.0
2004-05-31,Experts and staff officers,6.0
2004-05-31,Police,19.0
2004-05-31,Troops,205.0
2004-06-30,Experts and staff officers,14.0
2004-06-30,Police,18.0
2004-06-30,Troops,694.0
2004-07-31,Experts and staff officers,15.0
2004-07-31,Police,45.0
2004-07-31,Troops,504.0
2004-08-31,Experts and staff officers,15.0
2004-08-31,Police,45.0
2004-08-31,Troops,205.0
2004-09-30,Experts and staff officers,15.0
2004-09-30,Police,73.0
2004-09-30,Troops,196.0
2004-10-31,Experts and staff officers,15.0
2004-10-31,Police,113.0
2004-10-31,Troops,195.0
2004-11-30,Experts and staff officers,14.0
2004-11-30,Police,109.0
2004-11-30,Troops,207.0
2004-12-31,Experts and staff officers,12.0
2004-12-31,Police,106.0
2004-12-31,Troops,196.0
2005-01-31,Experts and staff officers,12.0
2005-01-31,Police,106.0
2005-01-31,Troops,196.0
2005-02-28,Experts and staff officers,13.0
2005-02-28,Police,109.0
2005-02-28,Troops,205.0
2005-03-31,Experts and staff officers,13.0
2005-03-31,Police,109.0
2005-03-31,Troops,205.0
2005-04-30,Experts and staff officers,11.0
2005-04-30,Police,109.0
2005-04-30,Troops,200.0
2005-05-31,Experts and staff officers,12.0
2005-05-31,Police,108.0
2005-05-31,Troops,202.0
2005-06-30,Experts and staff officers,10.0
2005-06-30,Police,108.0
2005-06-30,Troops,207.0
2005-07-31,Experts and staff officers,0.0
2005-07-31,Police,91.0
2005-07-31,Troops,208.0
2005-08-31,Experts and staff officers,0.0
2005-08-31,Police,91.0
2005-08-31,Troops,213.0
2005-09-30,Experts and staff officers,5.0
2005-09-30,Police,112.0
2005-09-30,Troops,207.0
2005-10-31,Experts and staff officers,31.0
2005-10-31,Police,132.0
2005-10-31,Troops,198.0
2005-11-30,Experts and staff officers,28.0
2005-11-30,Police,134.0
2005-11-30,Troops,212.0
2005-12-31,Experts and staff officers,40.0
2005-12-31,Police,136.0
2005-12-31,Troops,211.0
2006-01-31,Experts and staff officers,43.0
2006-01-31,Police,129.0
2006-01-31,Troops,198.0
2006-02-28,Experts and staff officers,43.0
2006-02-28,Police,111.0
2006-02-28,Troops,198.0
2006-03-31,Experts and staff officers,41.0
2006-03-31,Police,110.0
2006-03-31,Troops,18.0
2006-04-30,Experts and staff officers,38.0
2006-04-30,Police,101.0
2006-04-30,Troops,19.0
2006-05-31,Experts and staff officers,34.0
2006-05-31,Police,76.0
2006-05-31,Troops,17.0
2006-06-30,Experts and staff officers,40.0
2006-06-30,Police,78.0
2006-06-30,Troops,15.0
2006-07-31,Experts and staff officers,35.0
2006-07-31,Police,77.0
2006-07-31,Troops,20.0
2006-08-31,Experts and staff officers,42.0
2006-08-31,Police,70.0
2006-08-31,Troops,14.0
2006-09-30,Experts and staff officers,42.0
2006-09-30,Police,69.0
2006-09-30,Troops,13.0
2006-10-31,Experts and staff officers,41.0
2006-10-31,Police,70.0
2006-10-31,Troops,13.0
2006-11-30,Experts and staff officers,41.0
2006-11-30,Police,84.0
2006-11-30,Troops,17.0
2006-12-31,Experts and staff officers,32.0
2006-12-31,Police,85.0
2006-12-31,Troops,15.0
2007-01-31,Experts and staff officers,41.0
2007-01-31,Police,85.0
2007-01-31,Troops,15.0
2007-02-28,Experts and staff officers,41.0
2007-02-28,Police,86.0
2007-02-28,Troops,14.0
2007-03-31,Experts and staff officers,40.0
2007-03-31,Police,85.0
2007-03-31,Troops,14.0
2007-04-30,Experts and staff officers,41.0
2007-04-30,Police,74.0
2007-04-30,Troops,14.0
2007-05-31,Experts and staff officers,40.0
2007-05-31,Police,76.0
2007-05-31,Troops,15.0
2007-06-30,Experts and staff officers,40.0
2007-06-30,Police,77.0
2007-06-30,Troops,15.0
2007-07-31,Experts and staff officers,40.0
2007-07-31,Police,70.0
2007-07-31,Troops,15.0
2007-08-31,Experts and staff officers,38.0
2007-08-31,Police,74.0
2007-08-31,Troops,16.0
2007-09-30,Experts and staff officers,40.0
2007-09-30,Police,75.0
2007-09-30,Troops,16.0
2007-10-31,Experts and staff officers,41.0
2007-10-31,Police,101.0
2007-10-31,Troops,15.0
2007-11-30,Experts and staff officers,42.0
2007-11-30,Police,107.0
2007-11-30,Troops,15.0
2007-12-31,Experts and staff officers,42.0
2007-12-31,Police,92.0
2007-12-31,Troops,15.0
2008-01-31,Experts and staff officers,39.0
2008-01-31,Police,109.0
2008-01-31,Troops,20.0
2008-02-28,Experts and staff officers,42.0
2008-02-28,Police,107.0
2008-02-28,Troops,22.0
2008-03-31,Experts and staff officers,43.0
2008-03-31,Police,104.0
2008-03-31,Troops,22.0
2008-04-30,Experts and staff officers,43.0
2008-04-30,Police,107.0
2008-04-30,Troops,21.0
2008-05-31,Experts and staff officers,42.0
2008-05-31,Police,108.0
2008-05-31,Troops,18.0
2008-06-30,Experts and staff officers,43.0
2008-06-30,Police,106.0
2008-06-30,Troops,19.0
2008-07-31,Experts and staff officers,39.0
2008-07-31,Police,112.0
2008-07-31,Troops,16.0
2008-08-31,Experts and staff officers,43.0
2008-08-31,Police,105.0
2008-08-31,Troops,20.0
2008-09-30,Experts and staff officers,43.0
2008-09-30,Police,96.0
2008-09-30,Troops,21.0
2008-10-31,Experts and staff officers,41.0
2008-10-31,Police,115.0
2008-10-31,Troops,21.0
2008-11-30,Experts and staff officers,44.0
2008-11-30,Police,112.0
2008-11-30,Troops,19.0
2008-12-31,Experts and staff officers,43.0
2008-12-31,Police,112.0
2008-12-31,Troops,24.0
2009-01-31,Experts and staff officers,42.0
2009-01-31,Police,112.0
2009-01-31,Troops,25.0
2009-02-28,Experts and staff officers,40.0
2009-02-28,Police,107.0
2009-02-28,Troops,24.0
2009-03-31,Experts and staff officers,41.0
2009-03-31,Police,127.0
2009-03-31,Troops,24.0
2009-04-30,Experts and staff officers,40.0
2009-04-30,Police,119.0
2009-04-30,Troops,25.0
2009-05-31,Experts and staff officers,40.0
2009-05-31,Police,121.0
2009-05-31,Troops,22.0
2009-06-30,Experts and staff officers,40.0
2009-06-30,Police,121.0
2009-06-30,Troops,15.0
2009-07-31,Experts and staff officers,39.0
2009-07-31,Police,127.0
2009-07-31,Troops,16.0
2009-08-31,Experts and staff officers,37.0
2009-08-31,Police,124.0
2009-08-31,Troops,16.0
2009-09-30,Experts and staff officers,39.0
2009-09-30,Police,123.0
2009-09-30,Troops,16.0
2009-10-31,Experts and staff officers,39.0
2009-10-31,Police,124.0
2009-10-31,Troops,16.0
2009-11-30,Experts and staff officers,39.0
2009-11-30,Police,240.0
2009-11-30,Troops,17.0
2009-12-31,Experts and staff officers,39.0
2009-12-31,Police,230.0
2009-12-31,Troops,16.0
2010-01-31,Experts and staff officers,39.0
2010-01-31,Police,86.0
2010-01-31,Troops,17.0
2010-02-28,Experts and staff officers,38.0
2010-02-28,Police,106.0
2010-02-28,Troops,16.0
2010-03-31,Experts and staff officers,36.0
2010-03-31,Police,106.0
2010-03-31,Troops,26.0
2010-04-30,Experts and staff officers,37.0
2010-04-30,Police,99.0
2010-04-30,Troops,24.0
2010-05-31,Experts and staff officers,35.0
2010-05-31,Police,126.0
2010-05-31,Troops,25.0
2010-06-30,Experts and staff officers,37.0
2010-06-30,Police,152.0
2010-06-30,Troops,26.0
2010-07-31,Experts and staff officers,37.0
2010-07-31,Police,125.0
2010-07-31,Troops,24.0
2010-08-31,Experts and staff officers,40.0
2010-08-31,Police,157.0
2010-08-31,Troops,24.0
2010-09-30,Experts and staff officers,38.0
2010-09-30,Police,139.0
2010-09-30,Troops,23.0
2010-10-31,Experts and staff officers,37.0
2010-10-31,Police,141.0
2010-10-31,Troops,22.0
2010-11-30,Experts and staff officers,37.0
2010-11-30,Police,139.0
2010-11-30,Troops,21.0
2010-12-31,Experts and staff officers,35.0
2010-12-31,Police,142.0
2010-12-31,Troops,21.0
2011-01-31,Experts and staff officers,39.0
2011-01-31,Police,161.0
2011-01-31,Troops,24.0
2011-02-28,Experts and staff officers,40.0
2011-02-28,Police,158.0
2011-02-28,Troops,22.0
2011-03-31,Experts and staff officers,39.0
2011-03-31,Police,159.0
2011-03-31,Troops,23.0
2011-04-30,Experts and staff officers,38.0
2011-04-30,Police,155.0
2011-04-30,Troops,20.0
2011-05-31,Experts and staff officers,38.0
2011-05-31,Police,154.0
2011-05-31,Troops,21.0
2011-06-30,Experts and staff officers,36.0
2011-06-30,Police,153.0
2011-06-30,Troops,21.0
2011-07-31,Experts and staff officers,16.0
2011-07-31,Police,142.0
2011-07-31,Troops,14.0
2011-08-31,Experts and staff officers,24.0
2011-08-31,Police,150.0
2011-08-31,Troops,17.0
2011-09-30,Experts and staff officers,20.0
2011-09-30,Police,155.0
2011-09-30,Troops,22.0
2011-10-31,Experts and staff officers,19.0
2011-10-31,Police,163.0
2011-10-31,Troops,16.0
2011-11-30,Experts and staff officers,17.0
2011-11-30,Police,156.0
2011-11-30,Troops,15.0
2011-12-31,Experts and staff officers,21.0
2011-12-31,Police,152.0
2011-12-31,Troops,17.0
2012-01-31,Experts and staff officers,21.0
2012-01-31,Police,160.0
2012-01-31,Troops,18.0
2012-02-29,Experts and staff officers,20.0
2012-02-29,Police,157.0
2012-02-29,Troops,18.0
2012-03-31,Experts and staff officers,21.0
2012-03-31,Police,130.0
2012-03-31,Troops,17.0
2012-04-30,Experts and staff officers,19.0
2012-04-30,Police,130.0
2012-04-30,Troops,14.0
2012-05-31,Experts and staff officers,24.0
2012-05-31,Police,119.0
2012-05-31,Troops,15.0
2012-06-30,Experts and staff officers,21.0
2012-06-30,Police,118.0
2012-06-30,Troops,14.0
2012-07-31,Experts and staff officers,22.0
2012-07-31,Police,116.0
2012-07-31,Troops,15.0
2012-08-31,Experts and staff officers,22.0
2012-08-31,Police,116.0
2012-08-31,Troops,14.0
2012-09-30,Experts and staff officers,21.0
2012-09-30,Police,116.0
2012-09-30,Troops,11.0
2012-10-31,Experts and staff officers,19.0
2012-10-31,Police,119.0
2012-10-31,Troops,11.0
2012-11-30,Experts and staff officers,19.0
2012-11-30,Police,119.0
2012-11-30,Troops,11.0
2012-12-31,Experts and staff officers,20.0
2012-12-31,Police,119.0
2012-12-31,Troops,11.0
2013-01-31,Experts and staff officers,20.0
2013-01-31,Police,99.0
2013-01-31,Troops,11.0
2013-02-28,Experts and staff officers,12.0
2013-02-28,Police,100.0
2013-02-28,Troops,20.0
2013-03-31,Experts and staff officers,12.0
2013-03-31,Police,100.0
2013-03-31,Troops,20.0
2013-04-30,Experts and staff officers,12.0
2013-04-30,Police,99.0
2013-04-30,Troops,19.0
2013-05-31,Experts and staff officers,12.0
2013-05-31,Police,92.0
2013-05-31,Troops,19.0
2013-06-30,Experts and staff officers,12.0
2013-06-30,Police,92.0
2013-06-30,Troops,56.0
2013-07-31,Experts and staff officers,12.0
2013-07-31,Police,92.0
2013-07-31,Troops,53.0
2013-08-31,Experts and staff officers,12.0
2013-08-31,Police,93.0
2013-08-31,Troops,53.0
2013-09-30,Experts and staff officers,13.0
2013-09-30,Police,91.0
2013-09-30,Troops,53.0
2013-10-31,Experts and staff officers,17.0
2013-10-31,Police,82.0
2013-10-31,Troops,54.0
2013-11-30,Experts and staff officers,13.0
2013-11-30,Police,82.0
2013-11-30,Troops,21.0
2013-12-31,Experts and staff officers,13.0
2013-12-31,Police,82.0
2013-12-31,Troops,20.0
2014-01-31,Experts and staff officers,13.0
2014-01-31,Police,81.0
2014-01-31,Troops,21.0
2014-02-28,Experts and staff officers,13.0
2014-02-28,Police,88.0
2014-02-28,Troops,21.0
2014-03-31,Experts and staff officers,13.0
2014-03-31,Police,87.0
2014-03-31,Troops,22.0
2014-04-30,Experts and staff officers,13.0
2014-04-30,Police,86.0
2014-04-30,Troops,21.0
2014-05-31,Experts and staff officers,13.0
2014-05-31,Police,84.0
2014-05-31,Troops,23.0
2014-06-30,Experts and staff officers,13.0
2014-06-30,Police,84.0
2014-06-30,Troops,21.0
2014-07-31,Experts and staff officers,13.0
2014-07-31,Police,84.0
2014-07-31,Troops,21.0
2014-08-31,Experts and staff officers,13.0
2014-08-31,Police,84.0
2014-08-31,Troops,21.0
2014-09-30,Experts and staff officers,13.0
2014-09-30,Police,84.0
2014-09-30,Troops,21.0
2014-10-31,Experts and staff officers,13.0
2014-10-31,Police,54.0
2014-10-31,Troops,21.0
2014-11-30,Experts and staff officers,12.0
2014-11-30,Police,81.0
2014-11-30,Troops,20.0
2014-12-31,Experts and staff officers,11.0
2014-12-31,Police,81.0
2014-12-31,Troops,21.0
2015-01-31,Experts and staff officers,11.0
2015-01-31,Police,80.0
2015-01-31,Troops,22.0
2015-02-28,Experts and staff officers,11.0
2015-02-28,Police,57.0
2015-02-28,Troops,22.0
2015-03-31,Experts and staff officers,12.0
2015-03-31,Police,89.0
2015-03-31,Troops,21.0
2015-04-30,Experts and staff officers,11.0
2015-04-30,Police,89.0
2015-04-30,Troops,22.0
2015-05-31,Experts and staff officers,11.0
2015-05-31,Police,86.0
2015-05-31,Troops,18.0
2015-06-30,Experts and staff officers,11.0
2015-06-30,Police,85.0
2015-06-30,Troops,15.0
2015-07-31,Experts and staff officers,9.0
2015-07-31,Police,85.0
2015-07-31,Troops,18.0
2015-08-31,Experts and staff officers,10.0
2015-08-31,Police,88.0
2015-08-31,Troops,18.0
2015-09-30,Experts and staff officers,9.0
2015-09-30,Police,88.0
2015-09-30,Troops,18.0
2015-10-31,Experts and staff officers,9.0
2015-10-31,Police,89.0
2015-10-31,Troops,18.0
2015-11-30,Experts and staff officers,9.0
2015-11-30,Police,85.0
2015-11-30,Troops,18.0
2015-12-31,Experts and staff officers,9.0
2015-12-31,Police,84.0
2015-12-31,Troops,20.0
2016-01-31,Experts and staff officers,9.0
2016-01-31,Police,84.0
2016-01-31,Troops,18.0
2016-02-29,Experts and staff officers,9.0
2016-02-29,Police,81.0
2016-02-29,Troops,19.0
2016-03-31,Experts and staff officers,9.0
2016-03-31,Police,49.0
2016-03-31,Troops,18.0
2016-04-30,Experts and staff officers,8.0
2016-04-30,Police,52.0
2016-04-30,Troops,19.0
2016-05-31,Experts and staff officers,9.0
2016-05-31,Police,75.0
2016-05-31,Troops,20.0
2016-06-30,Experts and staff officers,10.0
2016-06-30,Police,75.0
2016-06-30,Troops,21.0
2016-07-31,Experts and staff officers,9.0
2016-07-31,Police,75.0
2016-07-31,Troops,19.0
2016-08-31,Experts and staff officers,9.0
2016-08-31,Police,84.0
2016-08-31,Troops,19.0
2016-09-30,Experts and staff officers,8.0
2016-09-30,Police,85.0
2016-09-30,Troops,19.0
2016-10-31,Experts and staff officers,8.0
2016-10-31,Police,89.0
2016-10-31,Troops,19.0
2016-11-30,Experts and staff officers,9.0
2016-11-30,Police,79.0
2016-11-30,Troops,18.0
2016-12-31,Experts and staff officers,9.0
2016-12-31,Police,105.0
2016-12-31,Troops,19.0
2017-01-31,Experts and staff officers,9.0
2017-01-31,Police,104.0
2017-01-31,Troops,19.0
2017-02-28,Experts and staff officers,11.0
2017-02-28,Police,91.0
2017-02-28,Troops,19.0
2017-03-31,Experts and staff officers,12.0
2017-03-31,Police,90.0
2017-03-31,Troops,20.0
2017-04-30,Experts and staff officers,11.0
2017-04-30,Police,82.0
2017-04-30,Troops,12.0
2017-05-31,Experts and staff officers,30.0
2017-05-31,Police,58.0
2017-05-31,Troops,0.0
2017-06-30,Experts and staff officers,30.0
2017-06-30,Police,58.0
2017-06-30,Troops,0.0
2017-07-31,Experts and staff officers,27.0
2017-07-31,Police,61.0
2017-07-31,Troops,0.0
2017-08-31,Experts and staff officers,29.0
2017-08-31,Police,44.0
2017-08-31,Troops,0.0
2017-09-30,Experts and staff officers,28.0
2017-09-30,Police,40.0
2017-09-30,Troops,0.0
2017-10-31,Experts and staff officers,23.0
2017-10-31,Police,39.0
2017-10-31,Troops,0.0
2017-11-30,Experts and staff officers,24.0
2017-11-30,Police,38.0
2017-11-30,Troops,0.0
2017-12-31,Experts and staff officers,23.0
2017-12-31,Police,20.0
2017-12-31,Troops,0.0
2018-01-31,Experts and staff officers,21.0
2018-01-31,Police,19.0
2018-01-31,Troops,0.0
2018-02-28,Experts and staff officers,22.0
2018-02-28,Police,19.0
2018-02-28,Troops,0.0
2018-03-31,Experts and staff officers,23.0
2018-03-31,Police,24.0
2018-03-31,Troops,0.0
2018-04-30,Experts and staff officers,22.0
2018-04-30,Police,26.0
2018-04-30,Troops,0.0
2018-05-31,Experts and staff officers,19.0
2018-05-31,Police,21.0
2018-05-31,Troops,0.0
2018-06-30,Experts and staff officers,22.0
2018-06-30,Police,22.0
2018-06-30,Troops,0.0
2018-07-31,Experts and staff officers,22.0
2018-07-31,Police,22.0
2018-07-31,Troops,134.0
2018-08-31,Experts and staff officers,21.0
2018-08-31,Police,17.0
2018-08-31,Troops,135.0
2018-09-30,Experts and staff officers,26.0
2018-09-30,Police,17.0
2018-09-30,Troops,135.0
2018-10-31,Experts and staff officers,26.0
2018-10-31,Police,17.0
2018-10-31,Troops,136.0
2018-11-30,Experts and staff officers,26.0
2018-11-30,Police,15.0
2018-11-30,Troops,136.0
2018-12-31,Experts and staff officers,28.0
2018-12-31,Police,19.0
2018-12-31,Troops,134.0
2019-01-31,Experts and staff officers,27.0
2019-01-31,Police,20.0
2019-01-31,Troops,138.0
2019-02-28,Experts and staff officers,31.0
2019-02-28,Police,23.0
2019-02-28,Troops,136.0
2019-03-31,Experts and staff officers,30.0
2019-03-31,Police,27.0
2019-03-31,Troops,135.0
2019-04-30,Experts and staff officers,30.0
2019-04-30,Police,27.0
2019-04-30,Troops,135.0
2019-05-31,Experts and staff officers,29.0
2019-05-31,Police,25.0
2019-05-31,Troops,136.0
2019-06-30,Experts and staff officers,30.0
2019-06-30,Police,24.0
2019-06-30,Troops,122.0
2019-07-31,Experts and staff officers,30.0
2019-07-31,Police,28.0
2019-07-31,Troops,92.0
2019-08-31,Experts and staff officers,32.0
2019-08-31,Police,27.0
2019-08-31,Troops,69.0
2019-09-30,Experts and staff officers,29.0
2019-09-30,Police,20.0
2019-09-30,Troops,0.0
2019-10-30,Experts and staff officers,29.0
2019-10-30,Police,16.0
2019-10-30,Troops,0.0
2019-11-30,Experts and staff officers,29.0
2019-11-30,Police,21.0
2019-11-30,Troops,0.0
2019-12-31,Experts and staff officers,29.0
2019-12-31,Police,19.0
2019-12-31,Troops,0.0
2020-01-31,Experts and staff officers,28.0
2020-01-31,Police,17.0
2020-01-31,Troops,0.0
2020-02-29,Experts and staff officers,29.0
2020-02-29,Police,17.0
2020-02-29,Troops,0.0
2020-03-31,Experts and staff officers,29.0
2020-03-31,Police,14.0
2020-03-31,Troops,0.0
2020-04-30,Experts and staff officers,25.0
2020-04-30,Police,10.0
2020-04-30,Troops,0.0
2020-05-31,Experts and staff officers,24.0
2020-05-31,Police,10.0
2020-05-31,Troops,0.0
2020-06-30,Experts and staff officers,24.0
2020-06-30,Police,10.0
2020-06-30,Troops,0.0
2020-07-31,Experts and staff officers,33.0
2020-07-31,Police,7.0
2020-07-31,Troops,0.0
2020-08-31,Experts and staff officers,27.0
2020-08-31,Police,7.0
2020-08-31,Troops,0.0
2020-09-30,Experts and staff officers,25.0
2020-09-30,Police,9.0
2020-09-30,Troops,0.0
2020-10-31,Experts and staff officers,27.0
2020-10-31,Police,11.0
2020-10-31,Troops,0.0
2020-11-30,Experts and staff officers,24.0
2020-11-30,Police,14.0
2020-11-30,Troops,0.0
2020-12-31,Experts and staff officers,25.0
2020-12-31,Police,14.0
2020-12-31,Troops,0.0
2021-01-31,Experts and staff officers,25.0
2021-01-31,Police,17.0
2021-01-31,Troops,0.0
2021-02-28,Experts and staff officers,27.0
2021-02-28,Police,20.0
2021-02-28,Troops,0.0
2021-03-31,Experts and staff officers,28.0
2021-03-31,Police,27.0
2021-03-31,Troops,0.0
2021-04-30,Experts and staff officers,28.0
2021-04-30,Police,30.0
2021-04-30,Troops,0.0
2021-05-31,Experts and staff officers,27.0
2021-05-31,Police,29.0
2021-05-31,Troops,0.0
2021-06-30,Experts and staff officers,26.0
2021-06-30,Police,31.0
2021-06-30,Troops,0.0
2021-07-31,Experts and staff officers,23.0
2021-07-31,Police,30.0
2021-07-31,Troops,0.0
2021-08-31,Experts and staff officers,26.0
2021-08-31,Police,32.0
2021-08-31,Troops,0.0
2021-09-30,Experts and staff officers,25.0
2021-09-30,Police,32.0
2021-09-30,Troops,0.0
2021-10-31,Experts and staff officers,27.0
2021-10-31,Police,31.0
2021-10-31,Troops,0.0
2021-11-30,Experts and staff officers,28.0
2021-11-30,Police,31.0
2021-11-30,Troops,0.0
2021-12-31,Experts and staff officers,28.0
2021-12-31,Police,34.0
2021-12-31,Troops,0.0
2022-01-31,Experts and staff officers,27.0
2022-01-31,Police,32.0
2022-01-31,Troops,0.0
2022-02-28,Experts and staff officers,28.0
2022-02-28,Police,32.0
2022-02-28,Troops,0.0
2022-03-31,Experts and staff officers,28.0
2022-03-31,Police,32.0
2022-03-31,Troops,0.0
2022-04-30,Experts and staff officers,27.0
2022-04-30,Police,31.0
2022-04-30,Troops,0.0
2022-05-31,Experts and staff officers,28.0
2022-05-31,Police,26.0
2022-05-31,Troops,0.0
2022-06-30,Experts and staff officers,27.0
2022-06-30,Police,32.0
2022-06-30,Troops,0.0
2022-07-31,Experts and staff officers,28.0
2022-07-31,Police,34.0
2022-07-31,Troops,0.0
2022-08-31,Experts and staff officers,25.0
2022-08-31,Police,30.0
2022-08-31,Troops,0.0
2022-09-30,Experts and staff officers,26.0
2022-09-30,Police,29.0
2022-09-30,Troops,0.0
2022-10-31,Experts and staff officers,27.0
2022-10-31,Police,32.0
2022-10-31,Troops,0.0
2022-11-30,Experts and staff officers,27.0
2022-11-30,Police,32.0
2022-11-30,Troops,0.0
2022-12-31,Experts and staff officers,28.0
2022-12-31,Police,30.0
2022-12-31,Troops,0.0
2023-01-31,Experts and staff officers,29.0
2023-01-31,Police,30.0
2023-01-31,Troops,0.0
2023-02-28,Experts and staff officers,27.0
2023-02-28,Police,31.0
2023-02-28,Troops,0.0
2023-03-31,Experts and staff officers,26.0
2023-03-31,Police,32.0
2023-03-31,Troops,0.0
2023-04-30,Experts and staff officers,27.0
2023-04-30,Police,31.0
2023-04-30,Troops,0.0
2023-05-31,Experts and staff officers,27.0
2023-05-31,Police,31.0
2023-05-31,Troops,0.0
2023-06-30,Experts and staff officers,27.0
2023-06-30,Police,27.0
2023-06-30,Troops,0.0
2023-07-31,Experts and staff officers,29.0
2023-07-31,Police,28.0
2023-07-31,Troops,0.0
2023-08-31,Experts and staff officers,29.0
2023-08-31,Police,28.0
2023-08-31,Troops,0.0
2023-09-30,Experts and staff officers,29.0
2023-09-30,Police,23.0
2023-09-30,Troops,0.0
2023-10-31,Experts and staff officers,29.0
2023-10-31,Police,20.0
2023-10-31,Troops,0.0
2023-11-30,Experts and staff officers,24.0
2023-11-30,Police,23.0
2023-11-30,Troops,0.0
2023-12-31,Experts and staff officers,22.0
2023-12-31,Police,23.0
2023-12-31,Troops,0.0
2024-01-31,Experts and staff officers,22.0
2024-01-31,Police,22.0
2024-01-31,Troops,0.0
2024-02-29,Experts and staff officers,22.0
2024-02-29,Police,21.0
2024-02-29,Troops,0.0
2024-03-31,Experts and staff officers,22.0
2024-03-31,Police,19.0
2024-03-31,Troops,0.0
2024-04-30,Experts and staff officers,22.0
2024-04-30,Police,18.0
2024-04-30,Troops,0.0
2024-05-31,Experts and staff officers,22.0
2024-05-31,Police,16.0
2024-05-31,Troops,0.0
2024-06-30,Experts and staff officers,22.0
2024-06-30,Police,11.0
2024-06-30,Troops,0.0
2024-07-31,Experts and staff officers,17.0
2024-07-31,Police,9.0
2024-07-31,Troops,0.0
2024-08-31,Experts and staff officers,21.0
2024-08-31,Police,10.0
2024-08-31,Troops,0.0
2024-09-30,Experts and staff officers,22.0
2024-09-30,Police,10.0
2024-09-30,Troops,0.0
2024-10-30,Experts and staff officers,22.0
2024-10-30,Police,8.0
2024-10-30,Troops,0.0
2024-11-30,Experts and staff officers,22.0
2024-11-30,Police,5.0
2024-11-30,Troops,0.0
2024-12-31,Experts and staff officers,21.0
2024-12-31,Police,5.0
2024-12-31,Troops,0.0
2025-01-31,Experts and staff officers,21.0
2025-01-31,Police,5.0
2025-01-31,Troops,0.0
2025-02-28,Experts and staff officers,22.0
2025-02-28,Police,4.0
2025-02-28,Troops,0.0
2025-03-31,Experts and staff officers,20.0
2025-03-31,Police,4.0
2025-03-31,Troops,0.0
2025-04-30,Experts and staff officers,23.0
2025-04-30,Police,3.0
2025-04-30,Troops,0.0
2025-05-31,Experts and staff officers,23.0
2025-05-31,Police,6.0
2025-05-31,Troops,0.0
2025-06-30,Experts and staff officers,22.0
2025-06-30,Police,6.0
2025-06-30,Troops,0.0
2025-07-31,Experts and staff officers,23.0
2025-07-31,Police,9.0
2025-07-31,Troops,0.0
2025-08-31,Experts and staff officers,21.0
2025-08-31,Police,7.0
2025-08-31,Troops,0.0
2025-09-30,Experts and staff officers,21.0
2025-09-30,Police,6.0
2025-09-30,Troops,0.0
2025-10-31,Experts and staff officers,21.0
2025-10-31,Police,6.0
2025-10-31,Troops,0.0
2025-11-30,Experts and staff officers,21.0
2025-11-30,Police,6.0
2025-11-30,Troops,0.0
2025-12-31,Experts and staff officers,21.0
2025-12-31,Police,6.0
2025-12-31,Troops,0.0
2026-01-31,Experts and staff officers,21.0
2026-01-31,Police,6.0
2026-01-31,Troops,0.0
2026-02-28,Experts and staff officers,21.0
2026-02-28,Police,6.0
2026-02-28,Troops,0.0
2026-03-31,Experts and staff officers,22.0
2026-03-31,Police,7.0
2026-03-31,Troops,0.0
2026-04-30,Experts and staff officers,20.0
2026-04-30,Police,6.0
2026-04-30,Troops,0.0
2026-05-31,Experts and staff officers,20.0
2026-05-31,Police,5.0
2026-05-31,Troops,0.0
