country_code,country_name,period,year,rate_pct,source
FRA,France,2024,2024,5.2894,"UN General Assembly, A/79/318/Add.1 (effective rates of assessment for peacekeeping operations, 2025–2027; 'rate in 2024' column) — https://peacekeeping.un.org/sites/default/files/scale_of_assessments_for_the_apportionment_of_the_expenses_of_un_peacekeeping_operations_1_january_2025_to_31_december_2027.pdf"
FRA,France,2025–2027,2025,4.5872,"UN General Assembly, A/79/318/Add.1 (effective rates of assessment for peacekeeping operations, 2025–2027; 'rate in 2024' column) — https://peacekeeping.un.org/sites/default/files/scale_of_assessments_for_the_apportionment_of_the_expenses_of_un_peacekeeping_operations_1_january_2025_to_31_december_2027.pdf"
GBR,United Kingdom,2024,2024,5.3592,"UN General Assembly, A/79/318/Add.1 (effective rates of assessment for peacekeeping operations, 2025–2027; 'rate in 2024' column) — https://peacekeeping.un.org/sites/default/files/scale_of_assessments_for_the_apportionment_of_the_expenses_of_un_peacekeeping_operations_1_january_2025_to_31_december_2027.pdf"
GBR,United Kingdom,2025–2027,2025,4.7454,"UN General Assembly, A/79/318/Add.1 (effective rates of assessment for peacekeeping operations, 2025–2027; 'rate in 2024' column) — https://peacekeeping.un.org/sites/default/files/scale_of_assessments_for_the_apportionment_of_the_expenses_of_un_peacekeeping_operations_1_january_2025_to_31_december_2027.pdf"
USA,United States,2024,2024,26.9493,"UN General Assembly, A/79/318/Add.1 (effective rates of assessment for peacekeeping operations, 2025–2027; 'rate in 2024' column) — https://peacekeeping.un.org/sites/default/files/scale_of_assessments_for_the_apportionment_of_the_expenses_of_un_peacekeeping_operations_1_january_2025_to_31_december_2027.pdf"
USA,United States,2025–2027,2025,26.1584,"UN General Assembly, A/79/318/Add.1 (effective rates of assessment for peacekeeping operations, 2025–2027; 'rate in 2024' column) — https://peacekeeping.un.org/sites/default/files/scale_of_assessments_for_the_apportionment_of_the_expenses_of_un_peacekeeping_operations_1_january_2025_to_31_december_2027.pdf"
AUS,Australia,2024,2024,2.111,"UN General Assembly, A/79/318/Add.1 (effective rates of assessment for peacekeeping operations, 2025–2027; 'rate in 2024' column) — https://peacekeeping.un.org/sites/default/files/scale_of_assessments_for_the_apportionment_of_the_expenses_of_un_peacekeeping_operations_1_january_2025_to_31_december_2027.pdf"
AUS,Australia,2025–2027,2025,2.04,"UN General Assembly, A/79/318/Add.1 (effective rates of assessment for peacekeeping operations, 2025–2027; 'rate in 2024' column) — https://peacekeeping.un.org/sites/default/files/scale_of_assessments_for_the_apportionment_of_the_expenses_of_un_peacekeeping_operations_1_january_2025_to_31_december_2027.pdf"
CAN,Canada,2024,2024,2.628,"UN General Assembly, A/79/318/Add.1 (effective rates of assessment for peacekeeping operations, 2025–2027; 'rate in 2024' column) — https://peacekeeping.un.org/sites/default/files/scale_of_assessments_for_the_apportionment_of_the_expenses_of_un_peacekeeping_operations_1_january_2025_to_31_december_2027.pdf"
CAN,Canada,2025–2027,2025,2.543,"UN General Assembly, A/79/318/Add.1 (effective rates of assessment for peacekeeping operations, 2025–2027; 'rate in 2024' column) — https://peacekeeping.un.org/sites/default/files/scale_of_assessments_for_the_apportionment_of_the_expenses_of_un_peacekeeping_operations_1_january_2025_to_31_december_2027.pdf"
DNK,Denmark,2024,2024,0.553,"UN General Assembly, A/79/318/Add.1 (effective rates of assessment for peacekeeping operations, 2025–2027; 'rate in 2024' column) — https://peacekeeping.un.org/sites/default/files/scale_of_assessments_for_the_apportionment_of_the_expenses_of_un_peacekeeping_operations_1_january_2025_to_31_december_2027.pdf"
DNK,Denmark,2025–2027,2025,0.531,"UN General Assembly, A/79/318/Add.1 (effective rates of assessment for peacekeeping operations, 2025–2027; 'rate in 2024' column) — https://peacekeeping.un.org/sites/default/files/scale_of_assessments_for_the_apportionment_of_the_expenses_of_un_peacekeeping_operations_1_january_2025_to_31_december_2027.pdf"
FIN,Finland,2024,2024,0.417,"UN General Assembly, A/79/318/Add.1 (effective rates of assessment for peacekeeping operations, 2025–2027; 'rate in 2024' column) — https://peacekeeping.un.org/sites/default/files/scale_of_assessments_for_the_apportionment_of_the_expenses_of_un_peacekeeping_operations_1_january_2025_to_31_december_2027.pdf"
FIN,Finland,2025–2027,2025,0.386,"UN General Assembly, A/79/318/Add.1 (effective rates of assessment for peacekeeping operations, 2025–2027; 'rate in 2024' column) — https://peacekeeping.un.org/sites/default/files/scale_of_assessments_for_the_apportionment_of_the_expenses_of_un_peacekeeping_operations_1_january_2025_to_31_december_2027.pdf"
DEU,Germany,2024,2024,6.111,"UN General Assembly, A/79/318/Add.1 (effective rates of assessment for peacekeeping operations, 2025–2027; 'rate in 2024' column) — https://peacekeeping.un.org/sites/default/files/scale_of_assessments_for_the_apportionment_of_the_expenses_of_un_peacekeeping_operations_1_january_2025_to_31_december_2027.pdf"
DEU,Germany,2025–2027,2025,5.692,"UN General Assembly, A/79/318/Add.1 (effective rates of assessment for peacekeeping operations, 2025–2027; 'rate in 2024' column) — https://peacekeeping.un.org/sites/default/files/scale_of_assessments_for_the_apportionment_of_the_expenses_of_un_peacekeeping_operations_1_january_2025_to_31_december_2027.pdf"
ISR,Israel,2024,2024,0.561,"UN General Assembly, A/79/318/Add.1 (effective rates of assessment for peacekeeping operations, 2025–2027; 'rate in 2024' column) — https://peacekeeping.un.org/sites/default/files/scale_of_assessments_for_the_apportionment_of_the_expenses_of_un_peacekeeping_operations_1_january_2025_to_31_december_2027.pdf"
ISR,Israel,2025–2027,2025,0.609,"UN General Assembly, A/79/318/Add.1 (effective rates of assessment for peacekeeping operations, 2025–2027; 'rate in 2024' column) — https://peacekeeping.un.org/sites/default/files/scale_of_assessments_for_the_apportionment_of_the_expenses_of_un_peacekeeping_operations_1_january_2025_to_31_december_2027.pdf"
ITA,Italy,2024,2024,3.189,"UN General Assembly, A/79/318/Add.1 (effective rates of assessment for peacekeeping operations, 2025–2027; 'rate in 2024' column) — https://peacekeeping.un.org/sites/default/files/scale_of_assessments_for_the_apportionment_of_the_expenses_of_un_peacekeeping_operations_1_january_2025_to_31_december_2027.pdf"
ITA,Italy,2025–2027,2025,2.813,"UN General Assembly, A/79/318/Add.1 (effective rates of assessment for peacekeeping operations, 2025–2027; 'rate in 2024' column) — https://peacekeeping.un.org/sites/default/files/scale_of_assessments_for_the_apportionment_of_the_expenses_of_un_peacekeeping_operations_1_january_2025_to_31_december_2027.pdf"
JPN,Japan,2024,2024,8.033,"UN General Assembly, A/79/318/Add.1 (effective rates of assessment for peacekeeping operations, 2025–2027; 'rate in 2024' column) — https://peacekeeping.un.org/sites/default/files/scale_of_assessments_for_the_apportionment_of_the_expenses_of_un_peacekeeping_operations_1_january_2025_to_31_december_2027.pdf"
JPN,Japan,2025–2027,2025,6.93,"UN General Assembly, A/79/318/Add.1 (effective rates of assessment for peacekeeping operations, 2025–2027; 'rate in 2024' column) — https://peacekeeping.un.org/sites/default/files/scale_of_assessments_for_the_apportionment_of_the_expenses_of_un_peacekeeping_operations_1_january_2025_to_31_december_2027.pdf"
NLD,Netherlands,2024,2024,1.377,"UN General Assembly, A/79/318/Add.1 (effective rates of assessment for peacekeeping operations, 2025–2027; 'rate in 2024' column) — https://peacekeeping.un.org/sites/default/files/scale_of_assessments_for_the_apportionment_of_the_expenses_of_un_peacekeeping_operations_1_january_2025_to_31_december_2027.pdf"
NLD,Netherlands,2025–2027,2025,1.298,"UN General Assembly, A/79/318/Add.1 (effective rates of assessment for peacekeeping operations, 2025–2027; 'rate in 2024' column) — https://peacekeeping.un.org/sites/default/files/scale_of_assessments_for_the_apportionment_of_the_expenses_of_un_peacekeeping_operations_1_january_2025_to_31_december_2027.pdf"
NZL,New Zealand,2024,2024,0.309,"UN General Assembly, A/79/318/Add.1 (effective rates of assessment for peacekeeping operations, 2025–2027; 'rate in 2024' column) — https://peacekeeping.un.org/sites/default/files/scale_of_assessments_for_the_apportionment_of_the_expenses_of_un_peacekeeping_operations_1_january_2025_to_31_december_2027.pdf"
NZL,New Zealand,2025–2027,2025,0.302,"UN General Assembly, A/79/318/Add.1 (effective rates of assessment for peacekeeping operations, 2025–2027; 'rate in 2024' column) — https://peacekeeping.un.org/sites/default/files/scale_of_assessments_for_the_apportionment_of_the_expenses_of_un_peacekeeping_operations_1_january_2025_to_31_december_2027.pdf"
NOR,Norway,2024,2024,0.679,"UN General Assembly, A/79/318/Add.1 (effective rates of assessment for peacekeeping operations, 2025–2027; 'rate in 2024' column) — https://peacekeeping.un.org/sites/default/files/scale_of_assessments_for_the_apportionment_of_the_expenses_of_un_peacekeeping_operations_1_january_2025_to_31_december_2027.pdf"
NOR,Norway,2025–2027,2025,0.653,"UN General Assembly, A/79/318/Add.1 (effective rates of assessment for peacekeeping operations, 2025–2027; 'rate in 2024' column) — https://peacekeeping.un.org/sites/default/files/scale_of_assessments_for_the_apportionment_of_the_expenses_of_un_peacekeeping_operations_1_january_2025_to_31_december_2027.pdf"
KOR,South Korea,2024,2024,2.574,"UN General Assembly, A/79/318/Add.1 (effective rates of assessment for peacekeeping operations, 2025–2027; 'rate in 2024' column) — https://peacekeeping.un.org/sites/default/files/scale_of_assessments_for_the_apportionment_of_the_expenses_of_un_peacekeeping_operations_1_january_2025_to_31_december_2027.pdf"
KOR,South Korea,2025–2027,2025,2.349,"UN General Assembly, A/79/318/Add.1 (effective rates of assessment for peacekeeping operations, 2025–2027; 'rate in 2024' column) — https://peacekeeping.un.org/sites/default/files/scale_of_assessments_for_the_apportionment_of_the_expenses_of_un_peacekeeping_operations_1_january_2025_to_31_december_2027.pdf"
SWE,Sweden,2024,2024,0.871,"UN General Assembly, A/79/318/Add.1 (effective rates of assessment for peacekeeping operations, 2025–2027; 'rate in 2024' column) — https://peacekeeping.un.org/sites/default/files/scale_of_assessments_for_the_apportionment_of_the_expenses_of_un_peacekeeping_operations_1_january_2025_to_31_december_2027.pdf"
SWE,Sweden,2025–2027,2025,0.822,"UN General Assembly, A/79/318/Add.1 (effective rates of assessment for peacekeeping operations, 2025–2027; 'rate in 2024' column) — https://peacekeeping.un.org/sites/default/files/scale_of_assessments_for_the_apportionment_of_the_expenses_of_un_peacekeeping_operations_1_january_2025_to_31_december_2027.pdf"
CHE,Switzerland,2024,2024,1.134,"UN General Assembly, A/79/318/Add.1 (effective rates of assessment for peacekeeping operations, 2025–2027; 'rate in 2024' column) — https://peacekeeping.un.org/sites/default/files/scale_of_assessments_for_the_apportionment_of_the_expenses_of_un_peacekeeping_operations_1_january_2025_to_31_december_2027.pdf"
CHE,Switzerland,2025–2027,2025,1.029,"UN General Assembly, A/79/318/Add.1 (effective rates of assessment for peacekeeping operations, 2025–2027; 'rate in 2024' column) — https://peacekeeping.un.org/sites/default/files/scale_of_assessments_for_the_apportionment_of_the_expenses_of_un_peacekeeping_operations_1_january_2025_to_31_december_2027.pdf"
