country_code,country_name,year,personnel,population,per_million
AUS,Australia,1990,41.0,,
AUS,Australia,1991,54.25,,
AUS,Australia,1992,382.25,,
AUS,Australia,1993,526.9166666666666,,
AUS,Australia,1994,246.0,,
AUS,Australia,1995,211.91666666666666,,
AUS,Australia,1996,32.416666666666664,,
AUS,Australia,1997,39.0,,
AUS,Australia,1998,32.083333333333336,,
AUS,Australia,1999,48.083333333333336,,
AUS,Australia,2000,1608.1666666666667,,
AUS,Australia,2001,1627.25,,
AUS,Australia,2002,1268.5833333333333,,
AUS,Australia,2003,800.0833333333334,,
AUS,Australia,2004,227.33333333333334,,
AUS,Australia,2005,73.0,,
AUS,Australia,2006,92.41666666666667,,
AUS,Australia,2007,108.41666666666667,,
AUS,Australia,2008,109.91666666666667,,
AUS,Australia,2009,113.75,,
AUS,Australia,2010,104.33333333333333,,
AUS,Australia,2011,105.16666666666667,,
AUS,Australia,2012,97.83333333333333,,
AUS,Australia,2013,57.083333333333336,,
AUS,Australia,2014,46.25,,
AUS,Australia,2015,44.5,,
AUS,Australia,2016,39.833333333333336,,
AUS,Australia,2017,51.083333333333336,,
AUS,Australia,2018,32.5,,
AUS,Australia,2019,35.416666666666664,,
AUS,Australia,2020,32.916666666666664,,
AUS,Australia,2021,27.75,,
AUS,Australia,2022,26.75,,
AUS,Australia,2023,25.75,,
AUS,Australia,2024,26.5,,
AUS,Australia,2025,29.916666666666668,,
AUS,Australia,2026,25.428571428571427,,
CAN,Canada,1990,1002.0,,
CAN,Canada,1991,1055.6666666666667,,
CAN,Canada,1992,2061.8333333333335,,
CAN,Canada,1993,2848.3333333333335,,
CAN,Canada,1994,2542.0,,
CAN,Canada,1995,2540.5833333333335,,
CAN,Canada,1996,979.3333333333334,,
CAN,Canada,1997,940.9166666666666,,
CAN,Canada,1998,381.75,,
CAN,Canada,1999,365.1666666666667,,
CAN,Canada,2000,381.3333333333333,,
CAN,Canada,2001,418.1666666666667,,
CAN,Canada,2002,273.6666666666667,,
CAN,Canada,2003,250.66666666666666,,
CAN,Canada,2004,331.1666666666667,,
CAN,Canada,2005,332.0,,
CAN,Canada,2006,174.08333333333334,,
CAN,Canada,2007,138.91666666666666,,
CAN,Canada,2008,170.08333333333334,,
CAN,Canada,2009,198.5,,
CAN,Canada,2010,186.08333333333334,,
CAN,Canada,2011,203.08333333333334,,
CAN,Canada,2012,161.41666666666666,,
CAN,Canada,2013,138.58333333333334,,
CAN,Canada,2014,115.41666666666667,,
CAN,Canada,2015,113.08333333333333,,
CAN,Canada,2016,105.58333333333333,,
CAN,Canada,2017,87.66666666666667,,
CAN,Canada,2018,110.5,,
CAN,Canada,2019,132.91666666666666,,
CAN,Canada,2020,38.333333333333336,,
CAN,Canada,2021,55.166666666666664,,
CAN,Canada,2022,58.166666666666664,,
CAN,Canada,2023,54.333333333333336,,
CAN,Canada,2024,34.25,,
CAN,Canada,2025,27.25,,
CAN,Canada,2026,26.0,,
CHE,Switzerland,1990,5.0,,
CHE,Switzerland,1991,17.166666666666668,,
CHE,Switzerland,1992,62.25,,
CHE,Switzerland,1993,57.583333333333336,,
CHE,Switzerland,1994,43.5,,
CHE,Switzerland,1995,29.083333333333332,,
CHE,Switzerland,1996,32.5,,
CHE,Switzerland,1997,31.333333333333332,,
CHE,Switzerland,1998,25.916666666666668,,
CHE,Switzerland,1999,27.25,,
CHE,Switzerland,2000,27.583333333333332,,
CHE,Switzerland,2001,36.583333333333336,,
CHE,Switzerland,2002,36.333333333333336,,
CHE,Switzerland,2003,30.833333333333332,,
CHE,Switzerland,2004,31.75,,
CHE,Switzerland,2005,22.833333333333332,,
CHE,Switzerland,2006,23.416666666666668,,
CHE,Switzerland,2007,35.0,,
CHE,Switzerland,2008,32.166666666666664,,
CHE,Switzerland,2009,24.416666666666668,,
CHE,Switzerland,2010,26.666666666666668,,
CHE,Switzerland,2011,20.75,,
CHE,Switzerland,2012,23.666666666666668,,
CHE,Switzerland,2013,25.583333333333332,,
CHE,Switzerland,2014,29.75,,
CHE,Switzerland,2015,29.166666666666668,,
CHE,Switzerland,2016,33.666666666666664,,
CHE,Switzerland,2017,34.583333333333336,,
CHE,Switzerland,2018,31.916666666666668,,
CHE,Switzerland,2019,29.5,,
CHE,Switzerland,2020,31.666666666666668,,
CHE,Switzerland,2021,38.25,,
CHE,Switzerland,2022,33.25,,
CHE,Switzerland,2023,25.416666666666668,,
CHE,Switzerland,2024,24.083333333333332,,
CHE,Switzerland,2025,21.75,,
CHE,Switzerland,2026,24.571428571428573,,
DEU,Germany,1990,13.0,,
DEU,Germany,1991,12.916666666666666,,
DEU,Germany,1992,124.41666666666667,,
DEU,Germany,1993,968.4166666666666,,
DEU,Germany,1994,227.33333333333334,,
DEU,Germany,1995,189.58333333333334,,
DEU,Germany,1996,123.91666666666667,,
DEU,Germany,1997,187.91666666666666,,
DEU,Germany,1998,185.41666666666666,,
DEU,Germany,1999,243.33333333333334,,
DEU,Germany,2000,460.5833333333333,,
DEU,Germany,2001,503.5833333333333,,
DEU,Germany,2002,518.0,,
DEU,Germany,2003,382.9166666666667,,
DEU,Germany,2004,297.5,,
DEU,Germany,2005,287.5,,
DEU,Germany,2006,495.6666666666667,,
DEU,Germany,2007,1093.5833333333333,,
DEU,Germany,2008,526.1666666666666,,
DEU,Germany,2009,359.1666666666667,,
DEU,Germany,2010,292.9166666666667,,
DEU,Germany,2011,273.3333333333333,,
DEU,Germany,2012,228.66666666666666,,
DEU,Germany,2013,229.08333333333334,,
DEU,Germany,2014,218.16666666666666,,
DEU,Germany,2015,184.08333333333334,,
DEU,Germany,2016,381.1666666666667,,
DEU,Germany,2017,714.4166666666666,,
DEU,Germany,2018,702.9166666666666,,
DEU,Germany,2019,540.75,,
DEU,Germany,2020,536.1666666666666,,
DEU,Germany,2021,575.0,,
DEU,Germany,2022,641.5833333333334,,
DEU,Germany,2023,548.1666666666666,,
DEU,Germany,2024,156.91666666666666,,
DEU,Germany,2025,224.16666666666666,,
DEU,Germany,2026,201.85714285714286,,
DNK,Denmark,1990,374.0,,
DNK,Denmark,1991,399.25,,
DNK,Denmark,1992,1105.3333333333333,,
DNK,Denmark,1993,1314.3333333333333,,
DNK,Denmark,1994,1391.8333333333333,,
DNK,Denmark,1995,1062.5833333333333,,
DNK,Denmark,1996,157.91666666666666,,
DNK,Denmark,1997,123.33333333333333,,
DNK,Denmark,1998,121.0,,
DNK,Denmark,1999,89.58333333333333,,
DNK,Denmark,2000,113.08333333333333,,
DNK,Denmark,2001,187.16666666666666,,
DNK,Denmark,2002,93.16666666666667,,
DNK,Denmark,2003,63.25,,
DNK,Denmark,2004,57.083333333333336,,
DNK,Denmark,2005,70.33333333333333,,
DNK,Denmark,2006,90.33333333333333,,
DNK,Denmark,2007,106.0,,
DNK,Denmark,2008,75.08333333333333,,
DNK,Denmark,2009,58.166666666666664,,
DNK,Denmark,2010,176.33333333333334,,
DNK,Denmark,2011,150.91666666666666,,
DNK,Denmark,2012,32.583333333333336,,
DNK,Denmark,2013,31.0,,
DNK,Denmark,2014,49.916666666666664,,
DNK,Denmark,2015,45.916666666666664,,
DNK,Denmark,2016,61.916666666666664,,
DNK,Denmark,2017,59.916666666666664,,
DNK,Denmark,2018,22.166666666666668,,
DNK,Denmark,2019,33.333333333333336,,
DNK,Denmark,2020,53.416666666666664,,
DNK,Denmark,2021,12.25,,
DNK,Denmark,2022,12.916666666666666,,
DNK,Denmark,2023,12.5,,
DNK,Denmark,2024,10.083333333333334,,
DNK,Denmark,2025,10.833333333333334,,
DNK,Denmark,2026,9.857142857142858,,
FIN,Finland,1990,992.0,,
FIN,Finland,1991,1005.25,,
FIN,Finland,1992,1207.25,,
FIN,Finland,1993,1240.8333333333333,,
FIN,Finland,1994,905.75,,
FIN,Finland,1995,1042.4166666666667,,
FIN,Finland,1996,970.3333333333334,,
FIN,Finland,1997,913.1666666666666,,
FIN,Finland,1998,761.6666666666666,,
FIN,Finland,1999,576.4166666666666,,
FIN,Finland,2000,645.0833333333334,,
FIN,Finland,2001,462.8333333333333,,
FIN,Finland,2002,75.75,,
FIN,Finland,2003,173.08333333333334,,
FIN,Finland,2004,211.91666666666666,,
FIN,Finland,2005,34.666666666666664,,
FIN,Finland,2006,75.75,,
FIN,Finland,2007,250.0,,
FIN,Finland,2008,42.833333333333336,,
FIN,Finland,2009,88.58333333333333,,
FIN,Finland,2010,52.5,,
FIN,Finland,2011,22.583333333333332,,
FIN,Finland,2012,143.91666666666666,,
FIN,Finland,2013,230.83333333333334,,
FIN,Finland,2014,371.5833333333333,,
FIN,Finland,2015,349.4166666666667,,
FIN,Finland,2016,315.4166666666667,,
FIN,Finland,2017,300.5,,
FIN,Finland,2018,322.3333333333333,,
FIN,Finland,2019,228.08333333333334,,
FIN,Finland,2020,230.25,,
FIN,Finland,2021,202.83333333333334,,
FIN,Finland,2022,205.33333333333334,,
FIN,Finland,2023,198.0,,
FIN,Finland,2024,199.5,,
FIN,Finland,2025,186.75,,
FIN,Finland,2026,170.28571428571428,,
FRA,France,1990,525.0,,
FRA,France,1991,574.4166666666666,,
FRA,France,1992,3435.9166666666665,,
FRA,France,1993,7858.25,,
FRA,France,1994,6207.916666666667,,
FRA,France,1995,5978.75,,
FRA,France,1996,512.5833333333334,,
FRA,France,1997,471.3333333333333,,
FRA,France,1998,612.5833333333334,,
FRA,France,1999,471.75,,
FRA,France,2000,504.9166666666667,,
FRA,France,2001,575.9166666666666,,
FRA,France,2002,452.0,,
FRA,France,2003,326.1666666666667,,
FRA,France,2004,506.4166666666667,,
FRA,France,2005,595.9166666666666,,
FRA,France,2006,1065.5833333333333,,
FRA,France,2007,1977.5,,
FRA,France,2008,2074.5,,
FRA,France,2009,2070.4166666666665,,
FRA,France,2010,1700.0833333333333,,
FRA,France,2011,1454.8333333333333,,
FRA,France,2012,1127.0,,
FRA,France,2013,956.5,,
FRA,France,2014,942.0833333333334,,
FRA,France,2015,922.0,,
FRA,France,2016,894.0,,
FRA,France,2017,845.8333333333334,,
FRA,France,2018,770.0,,
FRA,France,2019,741.4166666666666,,
FRA,France,2020,763.6666666666666,,
FRA,France,2021,695.5833333333334,,
FRA,France,2022,697.0833333333334,,
FRA,France,2023,623.5,,
FRA,France,2024,609.8333333333334,,
FRA,France,2025,673.1666666666666,,
FRA,France,2026,629.4285714285714,,
GBR,United Kingdom,1990,769.0,,
GBR,United Kingdom,1991,800.5,,
GBR,United Kingdom,1992,1444.0833333333333,,
GBR,United Kingdom,1993,3227.1666666666665,,
GBR,United Kingdom,1994,3661.25,,
GBR,United Kingdom,1995,5443.583333333333,,
GBR,United Kingdom,1996,416.0833333333333,,
GBR,United Kingdom,1997,439.8333333333333,,
GBR,United Kingdom,1998,431.0,,
GBR,United Kingdom,1999,423.75,,
GBR,United Kingdom,2000,545.75,,
GBR,United Kingdom,2001,655.5833333333334,,
GBR,United Kingdom,2002,697.0,,
GBR,United Kingdom,2003,593.6666666666666,,
GBR,United Kingdom,2004,556.3333333333334,,
GBR,United Kingdom,2005,392.75,,
GBR,United Kingdom,2006,355.5833333333333,,
GBR,United Kingdom,2007,366.4166666666667,,
GBR,United Kingdom,2008,340.25,,
GBR,United Kingdom,2009,285.3333333333333,,
GBR,United Kingdom,2010,281.0833333333333,,
GBR,United Kingdom,2011,281.5833333333333,,
GBR,United Kingdom,2012,282.4166666666667,,
GBR,United Kingdom,2013,288.1666666666667,,
GBR,United Kingdom,2014,292.4166666666667,,
GBR,United Kingdom,2015,289.0833333333333,,
GBR,United Kingdom,2016,326.6666666666667,,
GBR,United Kingdom,2017,607.6666666666666,,
GBR,United Kingdom,2018,693.5833333333334,,
GBR,United Kingdom,2019,584.5833333333334,,
GBR,United Kingdom,2020,362.5,,
GBR,United Kingdom,2021,538.8333333333334,,
GBR,United Kingdom,2022,518.8333333333334,,
GBR,United Kingdom,2023,304.3333333333333,,
GBR,United Kingdom,2024,272.9166666666667,,
GBR,United Kingdom,2025,260.0,,
GBR,United Kingdom,2026,253.71428571428572,,
ISR,Israel,1990,0.0,,
ISR,Israel,1991,0.0,,
ISR,Israel,1992,0.0,,
ISR,Israel,1993,0.0,,
ISR,Israel,1994,0.0,,
ISR,Israel,1995,0.0,,
ISR,Israel,1996,0.0,,
ISR,Israel,1997,0.0,,
ISR,Israel,1998,0.0,,
ISR,Israel,1999,0.0,,
ISR,Israel,2000,0.0,,
ISR,Israel,2001,0.0,,
ISR,Israel,2002,0.0,,
ISR,Israel,2003,0.0,,
ISR,Israel,2004,0.0,,
ISR,Israel,2005,0.0,,
ISR,Israel,2006,0.0,,
ISR,Israel,2007,0.0,,
ISR,Israel,2008,0.5833333333333334,,
ISR,Israel,2009,0.25,,
ISR,Israel,2010,3.5,,
ISR,Israel,2011,0.0,,
ISR,Israel,2012,0.0,,
ISR,Israel,2013,0.0,,
ISR,Israel,2014,0.0,,
ISR,Israel,2015,0.0,,
ISR,Israel,2016,0.0,,
ISR,Israel,2017,0.0,,
ISR,Israel,2018,0.0,,
ISR,Israel,2019,0.0,,
ISR,Israel,2020,0.0,,
ISR,Israel,2021,0.0,,
ISR,Israel,2022,0.0,,
ISR,Israel,2023,0.0,,
ISR,Israel,2024,0.0,,
ISR,Israel,2025,0.0,,
ISR,Israel,2026,0.0,,
ITA,Italy,1990,79.0,,
ITA,Italy,1991,79.0,,
ITA,Italy,1992,101.5,,
ITA,Italy,1993,2682.5,,
ITA,Italy,1994,816.25,,
ITA,Italy,1995,72.58333333333333,,
ITA,Italy,1996,77.41666666666667,,
ITA,Italy,1997,92.5,,
ITA,Italy,1998,94.25,,
ITA,Italy,1999,111.91666666666667,,
ITA,Italy,2000,178.16666666666666,,
ITA,Italy,2001,318.5833333333333,,
ITA,Italy,2002,317.5833333333333,,
ITA,Italy,2003,176.08333333333334,,
ITA,Italy,2004,175.16666666666666,,
ITA,Italy,2005,240.33333333333334,,
ITA,Italy,2006,687.0,,
ITA,Italy,2007,2480.25,,
ITA,Italy,2008,2734.0833333333335,,
ITA,Italy,2009,2622.3333333333335,,
ITA,Italy,2010,2068.25,,
ITA,Italy,2011,1645.8333333333333,,
ITA,Italy,2012,1175.0833333333333,,
ITA,Italy,2013,1208.75,,
ITA,Italy,2014,1167.5,,
ITA,Italy,2015,1147.75,,
ITA,Italy,2016,1140.0833333333333,,
ITA,Italy,2017,1107.9166666666667,,
ITA,Italy,2018,1078.6666666666667,,
ITA,Italy,2019,1102.1666666666667,,
ITA,Italy,2020,1076.4166666666667,,
ITA,Italy,2021,941.6666666666666,,
ITA,Italy,2022,938.0,,
ITA,Italy,2023,904.6666666666666,,
ITA,Italy,2024,890.9166666666666,,
ITA,Italy,2025,917.4166666666666,,
ITA,Italy,2026,783.2857142857143,,
JPN,Japan,1990,0.0,,
JPN,Japan,1991,0.0,,
JPN,Japan,1992,173.83333333333334,,
JPN,Japan,1993,480.4166666666667,,
JPN,Japan,1994,53.166666666666664,,
JPN,Japan,1995,0.0,,
JPN,Japan,1996,41.083333333333336,,
JPN,Japan,1997,43.5,,
JPN,Japan,1998,41.666666666666664,,
JPN,Japan,1999,31.416666666666668,,
JPN,Japan,2000,30.083333333333332,,
JPN,Japan,2001,30.166666666666668,,
JPN,Japan,2002,560.75,,
JPN,Japan,2003,524.4166666666666,,
JPN,Japan,2004,187.16666666666666,,
JPN,Japan,2005,30.0,,
JPN,Japan,2006,30.25,,
JPN,Japan,2007,37.0,,
JPN,Japan,2008,36.5,,
JPN,Japan,2009,38.75,,
JPN,Japan,2010,212.66666666666666,,
JPN,Japan,2011,259.75,,
JPN,Japan,2012,481.0833333333333,,
JPN,Japan,2013,264.5,,
JPN,Japan,2014,271.5833333333333,,
JPN,Japan,2015,272.0,,
JPN,Japan,2016,276.3333333333333,,
JPN,Japan,2017,82.91666666666667,,
JPN,Japan,2018,4.0,,
JPN,Japan,2019,4.166666666666667,,
JPN,Japan,2020,4.166666666666667,,
JPN,Japan,2021,4.0,,
JPN,Japan,2022,4.0,,
JPN,Japan,2023,4.0,,
JPN,Japan,2024,5.166666666666667,,
JPN,Japan,2025,4.666666666666667,,
JPN,Japan,2026,3.142857142857143,,
KOR,South Korea,1990,0.0,,
KOR,South Korea,1991,0.0,,
KOR,South Korea,1992,0.0,,
KOR,South Korea,1993,67.91666666666667,,
KOR,South Korea,1994,65.16666666666667,,
KOR,South Korea,1995,102.5,,
KOR,South Korea,1996,236.16666666666666,,
KOR,South Korea,1997,35.0,,
KOR,South Korea,1998,30.416666666666668,,
KOR,South Korea,1999,30.333333333333332,,
KOR,South Korea,2000,438.3333333333333,,
KOR,South Korea,2001,472.5833333333333,,
KOR,South Korea,2002,472.0833333333333,,
KOR,South Korea,2003,273.6666666666667,,
KOR,South Korea,2004,41.416666666666664,,
KOR,South Korea,2005,43.5,,
KOR,South Korea,2006,37.5,,
KOR,South Korea,2007,219.75,,
KOR,South Korea,2008,404.6666666666667,,
KOR,South Korea,2009,412.25,,
KOR,South Korea,2010,618.0,,
KOR,South Korea,2011,642.8333333333334,,
KOR,South Korea,2012,628.1666666666666,,
KOR,South Korea,2013,570.3333333333334,,
KOR,South Korea,2014,623.1666666666666,,
KOR,South Korea,2015,616.75,,
KOR,South Korea,2016,613.8333333333334,,
KOR,South Korea,2017,628.6666666666666,,
KOR,South Korea,2018,627.1666666666666,,
KOR,South Korea,2019,618.0,,
KOR,South Korea,2020,545.1666666666666,,
KOR,South Korea,2021,552.5833333333334,,
KOR,South Korea,2022,549.0,,
KOR,South Korea,2023,542.5,,
KOR,South Korea,2024,539.75,,
KOR,South Korea,2025,516.0833333333334,,
KOR,South Korea,2026,429.2857142857143,,
NLD,Netherlands,1990,15.0,,
NLD,Netherlands,1991,22.416666666666668,,
NLD,Netherlands,1992,799.8333333333334,,
NLD,Netherlands,1993,1784.6666666666667,,
NLD,Netherlands,1994,1907.8333333333333,,
NLD,Netherlands,1995,1477.75,,
NLD,Netherlands,1996,99.83333333333333,,
NLD,Netherlands,1997,88.41666666666667,,
NLD,Netherlands,1998,125.08333333333333,,
NLD,Netherlands,1999,166.83333333333334,,
NLD,Netherlands,2000,234.33333333333334,,
NLD,Netherlands,2001,434.4166666666667,,
NLD,Netherlands,2002,63.833333333333336,,
NLD,Netherlands,2003,91.83333333333333,,
NLD,Netherlands,2004,39.583333333333336,,
NLD,Netherlands,2005,14.583333333333334,,
NLD,Netherlands,2006,53.5,,
NLD,Netherlands,2007,208.41666666666666,,
NLD,Netherlands,2008,83.91666666666667,,
NLD,Netherlands,2009,51.25,,
NLD,Netherlands,2010,46.0,,
NLD,Netherlands,2011,26.916666666666668,,
NLD,Netherlands,2012,33.833333333333336,,
NLD,Netherlands,2013,41.25,,
NLD,Netherlands,2014,477.25,,
NLD,Netherlands,2015,624.0833333333334,,
NLD,Netherlands,2016,459.4166666666667,,
NLD,Netherlands,2017,338.9166666666667,,
NLD,Netherlands,2018,273.9166666666667,,
NLD,Netherlands,2019,129.16666666666666,,
NLD,Netherlands,2020,24.0,,
NLD,Netherlands,2021,33.833333333333336,,
NLD,Netherlands,2022,52.166666666666664,,
NLD,Netherlands,2023,18.416666666666668,,
NLD,Netherlands,2024,11.5,,
NLD,Netherlands,2025,11.583333333333334,,
NLD,Netherlands,2026,11.714285714285714,,
NOR,Norway,1990,924.0,,
NOR,Norway,1991,965.3333333333334,,
NOR,Norway,1992,1089.5833333333333,,
NOR,Norway,1993,1464.0,,
NOR,Norway,1994,1674.5833333333333,,
NOR,Norway,1995,1703.5833333333333,,
NOR,Norway,1996,813.1666666666666,,
NOR,Norway,1997,670.8333333333334,,
NOR,Norway,1998,602.5833333333334,,
NOR,Norway,1999,64.58333333333333,,
NOR,Norway,2000,68.08333333333333,,
NOR,Norway,2001,76.91666666666667,,
NOR,Norway,2002,74.16666666666667,,
NOR,Norway,2003,52.083333333333336,,
NOR,Norway,2004,49.166666666666664,,
NOR,Norway,2005,54.333333333333336,,
NOR,Norway,2006,95.91666666666667,,
NOR,Norway,2007,119.75,,
NOR,Norway,2008,75.91666666666667,,
NOR,Norway,2009,184.66666666666666,,
NOR,Norway,2010,111.33333333333333,,
NOR,Norway,2011,54.75,,
NOR,Norway,2012,58.5,,
NOR,Norway,2013,64.91666666666667,,
NOR,Norway,2014,77.66666666666667,,
NOR,Norway,2015,97.91666666666667,,
NOR,Norway,2016,133.16666666666666,,
NOR,Norway,2017,71.66666666666667,,
NOR,Norway,2018,67.25,,
NOR,Norway,2019,102.33333333333333,,
NOR,Norway,2020,61.5,,
NOR,Norway,2021,86.16666666666667,,
NOR,Norway,2022,68.41666666666667,,
NOR,Norway,2023,51.833333333333336,,
NOR,Norway,2024,47.75,,
NOR,Norway,2025,39.833333333333336,,
NOR,Norway,2026,37.142857142857146,,
NZL,New Zealand,1990,22.0,,
NZL,New Zealand,1991,14.75,,
NZL,New Zealand,1992,75.0,,
NZL,New Zealand,1993,109.08333333333333,,
NZL,New Zealand,1994,130.66666666666666,,
NZL,New Zealand,1995,271.4166666666667,,
NZL,New Zealand,1996,27.833333333333332,,
NZL,New Zealand,1997,22.666666666666668,,
NZL,New Zealand,1998,12.916666666666666,,
NZL,New Zealand,1999,17.083333333333332,,
NZL,New Zealand,2000,649.5833333333334,,
NZL,New Zealand,2001,689.3333333333334,,
NZL,New Zealand,2002,564.6666666666666,,
NZL,New Zealand,2003,18.75,,
NZL,New Zealand,2004,15.833333333333334,,
NZL,New Zealand,2005,8.5,,
NZL,New Zealand,2006,18.666666666666668,,
NZL,New Zealand,2007,39.916666666666664,,
NZL,New Zealand,2008,39.666666666666664,,
NZL,New Zealand,2009,42.333333333333336,,
NZL,New Zealand,2010,30.5,,
NZL,New Zealand,2011,20.75,,
NZL,New Zealand,2012,18.0,,
NZL,New Zealand,2013,12.75,,
NZL,New Zealand,2014,11.166666666666666,,
NZL,New Zealand,2015,10.833333333333334,,
NZL,New Zealand,2016,10.583333333333334,,
NZL,New Zealand,2017,10.833333333333334,,
NZL,New Zealand,2018,12.5,,
NZL,New Zealand,2019,12.416666666666666,,
NZL,New Zealand,2020,10.166666666666666,,
NZL,New Zealand,2021,10.916666666666666,,
NZL,New Zealand,2022,11.166666666666666,,
NZL,New Zealand,2023,9.75,,
NZL,New Zealand,2024,10.416666666666666,,
NZL,New Zealand,2025,10.5,,
NZL,New Zealand,2026,10.428571428571429,,
SWE,Sweden,1990,738.0,,
SWE,Sweden,1991,736.8333333333334,,
SWE,Sweden,1992,558.1666666666666,,
SWE,Sweden,1993,1282.25,,
SWE,Sweden,1994,1459.0,,
SWE,Sweden,1995,1135.8333333333333,,
SWE,Sweden,1996,185.08333333333334,,
SWE,Sweden,1997,165.83333333333334,,
SWE,Sweden,1998,209.41666666666666,,
SWE,Sweden,1999,154.0,,
SWE,Sweden,2000,174.33333333333334,,
SWE,Sweden,2001,143.41666666666666,,
SWE,Sweden,2002,119.41666666666667,,
SWE,Sweden,2003,141.5,,
SWE,Sweden,2004,313.5833333333333,,
SWE,Sweden,2005,315.8333333333333,,
SWE,Sweden,2006,287.4166666666667,,
SWE,Sweden,2007,147.75,,
SWE,Sweden,2008,103.08333333333333,,
SWE,Sweden,2009,77.16666666666667,,
SWE,Sweden,2010,57.5,,
SWE,Sweden,2011,52.083333333333336,,
SWE,Sweden,2012,61.416666666666664,,
SWE,Sweden,2013,60.333333333333336,,
SWE,Sweden,2014,98.08333333333333,,
SWE,Sweden,2015,265.9166666666667,,
SWE,Sweden,2016,268.5,,
SWE,Sweden,2017,292.3333333333333,,
SWE,Sweden,2018,333.4166666666667,,
SWE,Sweden,2019,320.5,,
SWE,Sweden,2020,202.66666666666666,,
SWE,Sweden,2021,232.08333333333334,,
SWE,Sweden,2022,224.58333333333334,,
SWE,Sweden,2023,69.58333333333333,,
SWE,Sweden,2024,27.833333333333332,,
SWE,Sweden,2025,23.75,,
SWE,Sweden,2026,11.571428571428571,,
USA,United States,1990,33.0,,
USA,United States,1991,59.666666666666664,,
USA,United States,1992,154.83333333333334,,
USA,United States,1993,2469.5,,
USA,United States,1994,971.1666666666666,,
USA,United States,1995,2860.8333333333335,,
USA,United States,1996,1065.6666666666667,,
USA,United States,1997,781.25,,
USA,United States,1998,608.0,,
USA,United States,1999,448.6666666666667,,
USA,United States,2000,818.0,,
USA,United States,2001,816.0,,
USA,United States,2002,697.0,,
USA,United States,2003,525.0833333333334,,
USA,United States,2004,450.8333333333333,,
USA,United States,2005,371.6666666666667,,
USA,United States,2006,335.4166666666667,,
USA,United States,2007,314.8333333333333,,
USA,United States,2008,271.3333333333333,,
USA,United States,2009,98.08333333333333,,
USA,United States,2010,85.91666666666667,,
USA,United States,2011,111.66666666666667,,
USA,United States,2012,136.75,,
USA,United States,2013,111.41666666666667,,
USA,United States,2014,124.25,,
USA,United States,2015,90.75,,
USA,United States,2016,70.41666666666667,,
USA,United States,2017,66.91666666666667,,
USA,United States,2018,54.583333333333336,,
USA,United States,2019,34.666666666666664,,
USA,United States,2020,30.333333333333332,,
USA,United States,2021,30.833333333333332,,
USA,United States,2022,32.916666666666664,,
USA,United States,2023,32.666666666666664,,
USA,United States,2024,24.416666666666668,,
USA,United States,2025,20.916666666666668,,
USA,United States,2026,17.857142857142858,,
