country_code,year,health_pct_gdp,country_name
AUS,1971,4.534,Australia
AUS,1972,4.534,Australia
AUS,1973,4.498,Australia
AUS,1974,5.098,Australia
AUS,1975,5.744,Australia
AUS,1976,5.761,Australia
AUS,1977,6.059,Australia
AUS,1978,5.921,Australia
AUS,1979,5.812,Australia
AUS,1980,5.813,Australia
AUS,1981,5.823,Australia
AUS,1982,6.089,Australia
AUS,1983,6.036,Australia
AUS,1984,6.003,Australia
AUS,1985,6.052,Australia
AUS,1986,6.252,Australia
AUS,1987,6.091,Australia
AUS,1988,6.047,Australia
AUS,1989,6.099,Australia
AUS,1990,6.458,Australia
AUS,1991,6.753,Australia
AUS,1992,6.818,Australia
AUS,1993,6.834,Australia
AUS,1994,6.861,Australia
AUS,1995,6.906,Australia
AUS,1996,7.045,Australia
AUS,1997,7.062,Australia
AUS,1998,7.212,Australia
AUS,1999,7.301,Australia
AUS,2000,7.574,Australia
AUS,2001,7.661,Australia
AUS,2002,7.859,Australia
AUS,2003,7.864,Australia
AUS,2004,8.07,Australia
AUS,2005,7.951,Australia
AUS,2006,7.957,Australia
AUS,2007,8.034,Australia
AUS,2008,8.221,Australia
AUS,2009,8.515,Australia
AUS,2010,8.393,Australia
AUS,2011,8.506,Australia
AUS,2012,8.634,Australia
AUS,2013,8.709,Australia
AUS,2014,9.788,Australia
AUS,2015,10.097,Australia
AUS,2016,10.06,Australia
AUS,2017,10.093,Australia
AUS,2018,10.082,Australia
AUS,2019,10.262,Australia
AUS,2020,10.743,Australia
AUS,2021,10.561,Australia
AUS,2022,9.957,Australia
AUS,2023,10.362,Australia
AUS,2024,10.838,Australia
AUS,2025,11.148,Australia
CAN,1970,6.264,Canada
CAN,1971,6.518,Canada
CAN,1972,6.437,Canada
CAN,1973,6.131,Canada
CAN,1974,6.041,Canada
CAN,1975,6.498,Canada
CAN,1976,6.501,Canada
CAN,1977,6.479,Canada
CAN,1978,6.456,Canada
CAN,1979,6.35,Canada
CAN,1980,6.536,Canada
CAN,1981,6.766,Canada
CAN,1982,7.495,Canada
CAN,1983,7.664,Canada
CAN,1984,7.551,Canada
CAN,1985,7.558,Canada
CAN,1986,7.798,Canada
CAN,1987,7.739,Canada
CAN,1988,7.738,Canada
CAN,1989,7.946,Canada
CAN,1990,8.364,Canada
CAN,1991,9.048,Canada
CAN,1992,9.3,Canada
CAN,1993,9.186,Canada
CAN,1994,8.835,Canada
CAN,1995,8.532,Canada
CAN,1996,8.335,Canada
CAN,1997,8.317,Canada
CAN,1998,8.547,Canada
CAN,1999,8.329,Canada
CAN,2000,8.248,Canada
CAN,2001,8.625,Canada
CAN,2002,8.857,Canada
CAN,2003,9.011,Canada
CAN,2004,9.066,Canada
CAN,2005,9.035,Canada
CAN,2006,9.346,Canada
CAN,2007,9.449,Canada
CAN,2008,9.609,Canada
CAN,2009,10.722,Canada
CAN,2010,10.705,Canada
CAN,2011,10.414,Canada
CAN,2012,10.527,Canada
CAN,2013,10.426,Canada
CAN,2014,10.268,Canada
CAN,2015,10.757,Canada
CAN,2016,11.045,Canada
CAN,2017,10.935,Canada
CAN,2018,10.9,Canada
CAN,2019,11.023,Canada
CAN,2020,12.991,Canada
CAN,2021,12.366,Canada
CAN,2022,11.02,Canada
CAN,2023,11.389,Canada
CAN,2024,11.524,Canada
CAN,2025,11.484,Canada
CHE,1970,4.688,Switzerland
CHE,1971,4.898,Switzerland
CHE,1972,4.865,Switzerland
CHE,1973,4.937,Switzerland
CHE,1974,5.273,Switzerland
CHE,1975,6.009,Switzerland
CHE,1976,6.22,Switzerland
CHE,1977,6.215,Switzerland
CHE,1978,6.225,Switzerland
CHE,1979,6.312,Switzerland
CHE,1980,6.344,Switzerland
CHE,1981,6.401,Switzerland
CHE,1982,6.532,Switzerland
CHE,1983,6.88,Switzerland
CHE,1984,6.65,Switzerland
CHE,1985,7.184,Switzerland
CHE,1986,7.343,Switzerland
CHE,1987,7.518,Switzerland
CHE,1988,7.56,Switzerland
CHE,1989,7.566,Switzerland
CHE,1990,7.512,Switzerland
CHE,1991,8.111,Switzerland
CHE,1992,8.474,Switzerland
CHE,1993,8.573,Switzerland
CHE,1994,8.696,Switzerland
CHE,1995,8.514,Switzerland
CHE,1996,8.849,Switzerland
CHE,1997,8.886,Switzerland
CHE,1998,9.007,Switzerland
CHE,1999,9.113,Switzerland
CHE,2000,9.034,Switzerland
CHE,2001,9.344,Switzerland
CHE,2002,9.734,Switzerland
CHE,2003,10.013,Switzerland
CHE,2004,10.098,Switzerland
CHE,2005,9.911,Switzerland
CHE,2006,9.436,Switzerland
CHE,2007,9.261,Switzerland
CHE,2008,9.408,Switzerland
CHE,2009,9.972,Switzerland
CHE,2010,9.808,Switzerland
CHE,2011,9.946,Switzerland
CHE,2012,10.165,Switzerland
CHE,2013,10.41,Switzerland
CHE,2014,10.464,Switzerland
CHE,2015,10.792,Switzerland
CHE,2016,11.031,Switzerland
CHE,2017,11.19,Switzerland
CHE,2018,10.93,Switzerland
CHE,2019,11.162,Switzerland
CHE,2020,11.766,Switzerland
CHE,2021,11.597,Switzerland
CHE,2022,11.194,Switzerland
CHE,2023,11.196,Switzerland
CHE,2024,11.382,Switzerland
CHE,2025,11.611,Switzerland
DEU,1970,5.713,Germany
DEU,1971,6.185,Germany
DEU,1972,6.509,Germany
DEU,1973,6.828,Germany
DEU,1974,7.353,Germany
DEU,1975,8.017,Germany
DEU,1976,8.038,Germany
DEU,1977,7.971,Germany
DEU,1978,8.046,Germany
DEU,1979,7.899,Germany
DEU,1980,8.098,Germany
DEU,1981,8.397,Germany
DEU,1982,8.228,Germany
DEU,1983,8.22,Germany
DEU,1984,8.336,Germany
DEU,1985,8.481,Germany
DEU,1986,8.376,Germany
DEU,1987,8.48,Germany
DEU,1988,8.66,Germany
DEU,1989,8.063,Germany
DEU,1990,8.031,Germany
DEU,1992,8.938,Germany
DEU,1993,8.94,Germany
DEU,1994,9.182,Germany
DEU,1995,9.49,Germany
DEU,1996,9.769,Germany
DEU,1997,9.663,Germany
DEU,1998,9.663,Germany
DEU,1999,9.691,Germany
DEU,2000,9.759,Germany
DEU,2001,9.781,Germany
DEU,2002,10.029,Germany
DEU,2003,10.223,Germany
DEU,2004,9.975,Germany
DEU,2005,10.107,Germany
DEU,2006,9.962,Germany
DEU,2007,9.835,Germany
DEU,2008,10.033,Germany
DEU,2009,10.974,Germany
DEU,2010,10.835,Germany
DEU,2011,10.525,Germany
DEU,2012,10.598,Germany
DEU,2013,10.746,Germany
DEU,2014,10.771,Germany
DEU,2015,10.918,Germany
DEU,2016,10.974,Germany
DEU,2017,11.044,Germany
DEU,2018,11.174,Germany
DEU,2019,11.42,Germany
DEU,2020,12.461,Germany
DEU,2021,12.705,Germany
DEU,2022,12.301,Germany
DEU,2023,11.637,Germany
DEU,2024,12.208,Germany
DEU,2025,12.735,Germany
DNK,1971,7.677,Denmark
DNK,1972,7.769,Denmark
DNK,1973,7.588,Denmark
DNK,1974,8.299,Denmark
DNK,1975,8.547,Denmark
DNK,1976,8.455,Denmark
DNK,1977,8.271,Denmark
DNK,1978,8.383,Denmark
DNK,1979,8.471,Denmark
DNK,1980,8.454,Denmark
DNK,1981,8.633,Denmark
DNK,1982,8.671,Denmark
DNK,1983,8.461,Denmark
DNK,1984,8.002,Denmark
DNK,1985,7.973,Denmark
DNK,1986,7.763,Denmark
DNK,1987,8.071,Denmark
DNK,1988,8.192,Denmark
DNK,1989,8.068,Denmark
DNK,1990,8.04,Denmark
DNK,1991,7.942,Denmark
DNK,1992,7.953,Denmark
DNK,1993,8.294,Denmark
DNK,1994,8.085,Denmark
DNK,1995,7.777,Denmark
DNK,1996,7.846,Denmark
DNK,1997,7.763,Denmark
DNK,1998,7.557,Denmark
DNK,1999,8.345,Denmark
DNK,2000,8.11,Denmark
DNK,2001,8.444,Denmark
DNK,2002,8.695,Denmark
DNK,2003,8.89,Denmark
DNK,2004,8.986,Denmark
DNK,2005,9.067,Denmark
DNK,2006,9.153,Denmark
DNK,2007,9.302,Denmark
DNK,2008,9.468,Denmark
DNK,2009,10.629,Denmark
DNK,2010,10.579,Denmark
DNK,2011,10.378,Denmark
DNK,2012,10.517,Denmark
DNK,2013,10.279,Denmark
DNK,2014,10.297,Denmark
DNK,2015,10.359,Denmark
DNK,2016,10.268,Denmark
DNK,2017,10.114,Denmark
DNK,2018,10.142,Denmark
DNK,2019,10.185,Denmark
DNK,2020,10.692,Denmark
DNK,2021,10.715,Denmark
DNK,2022,9.603,Denmark
DNK,2023,9.614,Denmark
DNK,2024,9.593,Denmark
DNK,2025,9.576,Denmark
FIN,1970,4.989,Finland
FIN,1971,5.289,Finland
FIN,1972,5.384,Finland
FIN,1973,5.234,Finland
FIN,1974,5.172,Finland
FIN,1975,5.653,Finland
FIN,1976,5.992,Finland
FIN,1977,6.196,Finland
FIN,1978,6.135,Finland
FIN,1979,5.989,Finland
FIN,1980,5.916,Finland
FIN,1981,6.041,Finland
FIN,1982,6.135,Finland
FIN,1983,6.224,Finland
FIN,1984,6.268,Finland
FIN,1985,6.661,Finland
FIN,1986,6.76,Finland
FIN,1987,6.899,Finland
FIN,1988,6.704,Finland
FIN,1989,6.744,Finland
FIN,1990,7.252,Finland
FIN,1991,8.319,Finland
FIN,1992,8.52,Finland
FIN,1993,7.842,Finland
FIN,1994,7.293,Finland
FIN,1995,7.362,Finland
FIN,1996,7.482,Finland
FIN,1997,7.131,Finland
FIN,1998,6.82,Finland
FIN,1999,6.8,Finland
FIN,2000,7.095,Finland
FIN,2001,7.252,Finland
FIN,2002,7.63,Finland
FIN,2003,7.94,Finland
FIN,2004,8.06,Finland
FIN,2005,8.289,Finland
FIN,2006,8.286,Finland
FIN,2007,8.084,Finland
FIN,2008,8.344,Finland
FIN,2009,9.162,Finland
FIN,2010,9.142,Finland
FIN,2011,9.239,Finland
FIN,2012,9.617,Finland
FIN,2013,9.845,Finland
FIN,2014,9.831,Finland
FIN,2015,9.7,Finland
FIN,2016,9.456,Finland
FIN,2017,9.191,Finland
FIN,2018,9.103,Finland
FIN,2019,9.223,Finland
FIN,2020,9.7,Finland
FIN,2021,9.91,Finland
FIN,2022,9.742,Finland
FIN,2023,10.502,Finland
FIN,2024,10.693,Finland
FIN,2025,10.59,Finland
FRA,1970,5.242,France
FRA,1975,6.217,France
FRA,1980,6.825,France
FRA,1985,7.754,France
FRA,1990,8.07,France
FRA,1991,8.288,France
FRA,1992,8.518,France
FRA,1993,8.914,France
FRA,1994,8.893,France
FRA,1995,9.92,France
FRA,1996,9.928,France
FRA,1997,9.784,France
FRA,1998,9.699,France
FRA,1999,9.7,France
FRA,2000,9.617,France
FRA,2001,9.757,France
FRA,2002,10.083,France
FRA,2003,10.135,France
FRA,2004,10.212,France
FRA,2005,10.237,France
FRA,2006,10.398,France
FRA,2007,10.334,France
FRA,2008,10.513,France
FRA,2009,11.291,France
FRA,2010,11.022,France
FRA,2011,10.974,France
FRA,2012,11.105,France
FRA,2013,11.251,France
FRA,2014,11.342,France
FRA,2015,11.279,France
FRA,2016,11.346,France
FRA,2017,11.245,France
FRA,2018,11.11,France
FRA,2019,10.984,France
FRA,2020,11.916,France
FRA,2021,12.08,France
FRA,2022,11.698,France
FRA,2023,11.327,France
FRA,2024,11.326,France
FRA,2025,11.375,France
GBR,1970,3.971,United Kingdom
GBR,1971,4.017,United Kingdom
GBR,1972,4.088,United Kingdom
GBR,1973,4.019,United Kingdom
GBR,1974,4.647,United Kingdom
GBR,1975,4.933,United Kingdom
GBR,1976,4.949,United Kingdom
GBR,1977,4.846,United Kingdom
GBR,1978,4.798,United Kingdom
GBR,1979,4.74,United Kingdom
GBR,1980,5.063,United Kingdom
GBR,1981,5.285,United Kingdom
GBR,1982,5.123,United Kingdom
GBR,1983,5.321,United Kingdom
GBR,1984,5.237,United Kingdom
GBR,1985,5.14,United Kingdom
GBR,1986,5.125,United Kingdom
GBR,1987,5.178,United Kingdom
GBR,1988,5.089,United Kingdom
GBR,1989,5.037,United Kingdom
GBR,1990,5.09,United Kingdom
GBR,1991,5.486,United Kingdom
GBR,1992,5.935,United Kingdom
GBR,1993,6.003,United Kingdom
GBR,1994,6.078,United Kingdom
GBR,1995,5.542,United Kingdom
GBR,1996,5.524,United Kingdom
GBR,1997,6.912,United Kingdom
GBR,1998,7.013,United Kingdom
GBR,1999,7.154,United Kingdom
GBR,2000,7.195,United Kingdom
GBR,2001,7.505,United Kingdom
GBR,2002,7.951,United Kingdom
GBR,2003,8.121,United Kingdom
GBR,2004,8.399,United Kingdom
GBR,2005,8.453,United Kingdom
GBR,2006,8.599,United Kingdom
GBR,2007,8.817,United Kingdom
GBR,2008,9.052,United Kingdom
GBR,2009,9.829,United Kingdom
GBR,2010,9.835,United Kingdom
GBR,2011,9.802,United Kingdom
GBR,2012,9.976,United Kingdom
GBR,2013,9.931,United Kingdom
GBR,2014,9.91,United Kingdom
GBR,2015,9.896,United Kingdom
GBR,2016,9.837,United Kingdom
GBR,2017,9.677,United Kingdom
GBR,2018,9.726,United Kingdom
GBR,2019,9.902,United Kingdom
GBR,2020,12.044,United Kingdom
GBR,2021,11.969,United Kingdom
GBR,2022,10.938,United Kingdom
GBR,2023,10.792,United Kingdom
GBR,2024,11.081,United Kingdom
GBR,2025,11.363,United Kingdom
ISR,1975,4.236,Israel
ISR,1976,4.86,Israel
ISR,1977,5.481,Israel
ISR,1978,6.019,Israel
ISR,1979,6.532,Israel
ISR,1980,6.621,Israel
ISR,1981,6.419,Israel
ISR,1982,6.47,Israel
ISR,1983,6.92,Israel
ISR,1984,8.374,Israel
ISR,1985,6.237,Israel
ISR,1986,5.809,Israel
ISR,1987,5.9,Israel
ISR,1988,6.128,Israel
ISR,1989,6.578,Israel
ISR,1990,6.185,Israel
ISR,1991,5.899,Israel
ISR,1992,6.146,Israel
ISR,1993,6.308,Israel
ISR,1994,6.76,Israel
ISR,1995,6.583,Israel
ISR,1996,6.697,Israel
ISR,1997,6.862,Israel
ISR,1998,6.82,Israel
ISR,1999,6.554,Israel
ISR,2000,6.599,Israel
ISR,2001,7.005,Israel
ISR,2002,6.914,Israel
ISR,2003,6.857,Israel
ISR,2004,6.803,Israel
ISR,2005,6.891,Israel
ISR,2006,6.708,Israel
ISR,2007,6.681,Israel
ISR,2008,6.815,Israel
ISR,2009,6.879,Israel
ISR,2010,6.859,Israel
ISR,2011,6.815,Israel
ISR,2012,6.953,Israel
ISR,2013,6.951,Israel
ISR,2014,7.044,Israel
ISR,2015,7.036,Israel
ISR,2016,7.118,Israel
ISR,2017,7.194,Israel
ISR,2018,7.252,Israel
ISR,2019,7.233,Israel
ISR,2020,7.745,Israel
ISR,2021,7.842,Israel
ISR,2022,7.12,Israel
ISR,2023,7.081,Israel
ISR,2024,7.089,Israel
ISR,2025,7.023,Israel
ITA,1988,6.633,Italy
ITA,1989,6.619,Italy
ITA,1990,6.976,Italy
ITA,1991,7.21,Italy
ITA,1992,7.079,Italy
ITA,1993,7.048,Italy
ITA,1994,6.895,Italy
ITA,1995,6.832,Italy
ITA,1996,6.933,Italy
ITA,1997,7.19,Italy
ITA,1998,7.232,Italy
ITA,1999,7.301,Italy
ITA,2000,7.547,Italy
ITA,2001,7.711,Italy
ITA,2002,7.836,Italy
ITA,2003,7.807,Italy
ITA,2004,8.137,Italy
ITA,2005,8.309,Italy
ITA,2006,8.398,Italy
ITA,2007,8.102,Italy
ITA,2008,8.502,Italy
ITA,2009,8.913,Italy
ITA,2010,8.879,Italy
ITA,2011,8.729,Italy
ITA,2012,8.798,Italy
ITA,2013,8.79,Italy
ITA,2014,8.859,Italy
ITA,2015,8.846,Italy
ITA,2016,8.72,Italy
ITA,2017,8.691,Italy
ITA,2018,8.655,Italy
ITA,2019,8.615,Italy
ITA,2020,9.564,Italy
ITA,2021,9.282,Italy
ITA,2022,8.85,Italy
ITA,2023,8.366,Italy
ITA,2024,8.457,Italy
ITA,2025,8.42,Italy
JPN,1970,4.182,Japan
JPN,1971,4.289,Japan
JPN,1972,4.39,Japan
JPN,1973,4.274,Japan
JPN,1974,4.693,Japan
JPN,1975,5.188,Japan
JPN,1976,5.189,Japan
JPN,1977,5.319,Japan
JPN,1978,5.498,Japan
JPN,1979,5.615,Japan
JPN,1980,5.988,Japan
JPN,1981,6.069,Japan
JPN,1982,6.213,Japan
JPN,1983,6.275,Japan
JPN,1984,6.109,Japan
JPN,1985,6.222,Japan
JPN,1986,6.16,Japan
JPN,1987,6.14,Japan
JPN,1988,5.876,Japan
JPN,1989,5.673,Japan
JPN,1990,5.544,Japan
JPN,1991,5.557,Japan
JPN,1992,5.794,Japan
JPN,1993,6.088,Japan
JPN,1994,6.33,Japan
JPN,1995,6.07,Japan
JPN,1996,5.895,Japan
JPN,1997,6.169,Japan
JPN,1998,6.428,Japan
JPN,1999,6.787,Japan
JPN,2000,6.931,Japan
JPN,2001,7.135,Japan
JPN,2002,7.243,Japan
JPN,2003,7.398,Japan
JPN,2004,7.461,Japan
JPN,2005,7.589,Japan
JPN,2006,7.61,Japan
JPN,2007,7.704,Japan
JPN,2008,8.005,Japan
JPN,2009,8.879,Japan
JPN,2010,8.981,Japan
JPN,2011,10.411,Japan
JPN,2012,10.568,Japan
JPN,2013,10.553,Japan
JPN,2014,10.538,Japan
JPN,2015,10.538,Japan
JPN,2016,10.436,Japan
JPN,2017,10.429,Japan
JPN,2018,10.504,Japan
JPN,2019,10.703,Japan
JPN,2020,11.157,Japan
JPN,2021,11.708,Japan
JPN,2022,11.691,Japan
JPN,2023,10.754,Japan
JPN,2024,10.3,Japan
JPN,2025,10.095,Japan
KOR,1970,2.605,South Korea
KOR,1971,2.261,South Korea
KOR,1972,2.056,South Korea
KOR,1973,1.754,South Korea
KOR,1974,1.52,South Korea
KOR,1975,2.284,South Korea
KOR,1976,2.302,South Korea
KOR,1977,2.18,South Korea
KOR,1978,2.36,South Korea
KOR,1979,3.065,South Korea
KOR,1980,3.379,South Korea
KOR,1981,3.507,South Korea
KOR,1982,3.46,South Korea
KOR,1983,3.347,South Korea
KOR,1984,3.174,South Korea
KOR,1985,3.202,South Korea
KOR,1986,3.069,South Korea
KOR,1987,2.977,South Korea
KOR,1988,3.101,South Korea
KOR,1989,3.561,South Korea
KOR,1990,3.502,South Korea
KOR,1991,3.343,South Korea
KOR,1992,3.45,South Korea
KOR,1993,3.365,South Korea
KOR,1994,3.181,South Korea
KOR,1995,3.188,South Korea
KOR,1996,3.409,South Korea
KOR,1997,3.349,South Korea
KOR,1998,3.503,South Korea
KOR,1999,3.686,South Korea
KOR,2000,3.718,South Korea
KOR,2001,4.164,South Korea
KOR,2002,3.902,South Korea
KOR,2003,4.459,South Korea
KOR,2004,4.426,South Korea
KOR,2005,4.646,South Korea
KOR,2006,4.953,South Korea
KOR,2007,4.96,South Korea
KOR,2008,5.245,South Korea
KOR,2009,5.683,South Korea
KOR,2010,5.792,South Korea
KOR,2011,5.9,South Korea
KOR,2012,5.955,South Korea
KOR,2013,6.066,South Korea
KOR,2014,6.243,South Korea
KOR,2015,6.46,South Korea
KOR,2016,6.634,South Korea
KOR,2017,6.796,South Korea
KOR,2018,7.14,South Korea
KOR,2019,7.691,South Korea
KOR,2020,8.025,South Korea
KOR,2021,8.327,South Korea
KOR,2022,8.843,South Korea
KOR,2023,8.445,South Korea
KOR,2024,8.462,South Korea
KOR,2025,8.448,South Korea
NLD,1972,5.577,Netherlands
NLD,1973,5.617,Netherlands
NLD,1974,5.812,Netherlands
NLD,1975,6.15,Netherlands
NLD,1976,6.088,Netherlands
NLD,1977,6.176,Netherlands
NLD,1978,6.291,Netherlands
NLD,1979,6.451,Netherlands
NLD,1980,6.504,Netherlands
NLD,1981,6.594,Netherlands
NLD,1982,6.819,Netherlands
NLD,1983,6.819,Netherlands
NLD,1984,6.546,Netherlands
NLD,1985,6.534,Netherlands
NLD,1986,6.621,Netherlands
NLD,1987,6.728,Netherlands
NLD,1988,6.657,Netherlands
NLD,1989,6.824,Netherlands
NLD,1990,6.982,Netherlands
NLD,1991,7.158,Netherlands
NLD,1992,7.365,Netherlands
NLD,1993,7.465,Netherlands
NLD,1994,7.348,Netherlands
NLD,1995,7.259,Netherlands
NLD,1996,7.199,Netherlands
NLD,1997,7.014,Netherlands
NLD,1998,7.785,Netherlands
NLD,1999,7.812,Netherlands
NLD,2000,7.704,Netherlands
NLD,2001,8.042,Netherlands
NLD,2002,8.619,Netherlands
NLD,2003,9.02,Netherlands
NLD,2004,9.072,Netherlands
NLD,2005,9.06,Netherlands
NLD,2006,9.036,Netherlands
NLD,2007,9.001,Netherlands
NLD,2008,9.218,Netherlands
NLD,2009,9.908,Netherlands
NLD,2010,10.095,Netherlands
NLD,2011,10.145,Netherlands
NLD,2012,10.455,Netherlands
NLD,2013,10.502,Netherlands
NLD,2014,10.457,Netherlands
NLD,2015,10.189,Netherlands
NLD,2016,10.125,Netherlands
NLD,2017,9.937,Netherlands
NLD,2018,9.851,Netherlands
NLD,2019,9.936,Netherlands
NLD,2020,10.95,Netherlands
NLD,2021,11.159,Netherlands
NLD,2022,10.076,Netherlands
NLD,2023,10.037,Netherlands
NLD,2024,10.1,Netherlands
NLD,2025,10.191,Netherlands
NOR,1970,4.012,Norway
NOR,1971,4.281,Norway
NOR,1972,4.657,Norway
NOR,1973,4.81,Norway
NOR,1974,4.808,Norway
NOR,1975,5.216,Norway
NOR,1976,5.343,Norway
NOR,1977,5.567,Norway
NOR,1978,6.115,Norway
NOR,1979,5.589,Norway
NOR,1980,5.432,Norway
NOR,1981,5.458,Norway
NOR,1982,5.657,Norway
NOR,1983,5.842,Norway
NOR,1984,5.496,Norway
NOR,1985,5.495,Norway
NOR,1986,5.937,Norway
NOR,1987,6.175,Norway
NOR,1988,6.316,Norway
NOR,1989,6.142,Norway
NOR,1990,7.101,Norway
NOR,1991,7.394,Norway
NOR,1992,7.549,Norway
NOR,1993,7.426,Norway
NOR,1994,7.34,Norway
NOR,1995,7.318,Norway
NOR,1996,7.237,Norway
NOR,1997,7.808,Norway
NOR,1998,8.494,Norway
NOR,1999,8.487,Norway
NOR,2000,7.74,Norway
NOR,2001,8.04,Norway
NOR,2002,9.008,Norway
NOR,2003,9.201,Norway
NOR,2004,8.783,Norway
NOR,2005,8.261,Norway
NOR,2006,7.818,Norway
NOR,2007,7.915,Norway
NOR,2008,7.795,Norway
NOR,2009,8.857,Norway
NOR,2010,8.675,Norway
NOR,2011,8.539,Norway
NOR,2012,8.517,Norway
NOR,2013,8.642,Norway
NOR,2014,9.029,Norway
NOR,2015,9.756,Norway
NOR,2016,10.192,Norway
NOR,2017,9.887,Norway
NOR,2018,9.636,Norway
NOR,2019,10.057,Norway
NOR,2020,10.987,Norway
NOR,2021,9.471,Norway
NOR,2022,7.639,Norway
NOR,2023,8.932,Norway
NOR,2024,9.249,Norway
NOR,2025,9.336,Norway
NZL,1970,5.172,New Zealand
NZL,1971,5.106,New Zealand
NZL,1972,5.145,New Zealand
NZL,1973,5.358,New Zealand
NZL,1974,5.984,New Zealand
NZL,1975,6.534,New Zealand
NZL,1976,6.059,New Zealand
NZL,1977,6.336,New Zealand
NZL,1978,6.768,New Zealand
NZL,1979,6.281,New Zealand
NZL,1980,5.739,New Zealand
NZL,1981,5.66,New Zealand
NZL,1982,5.802,New Zealand
NZL,1983,5.65,New Zealand
NZL,1984,5.37,New Zealand
NZL,1985,4.937,New Zealand
NZL,1986,5.037,New Zealand
NZL,1987,5.57,New Zealand
NZL,1988,6.13,New Zealand
NZL,1989,6.275,New Zealand
NZL,1990,6.668,New Zealand
NZL,1991,7.1,New Zealand
NZL,1992,7.228,New Zealand
NZL,1993,6.925,New Zealand
NZL,1994,6.934,New Zealand
NZL,1995,6.949,New Zealand
NZL,1996,6.891,New Zealand
NZL,1997,7.098,New Zealand
NZL,1998,7.513,New Zealand
NZL,1999,7.397,New Zealand
NZL,2000,7.47,New Zealand
NZL,2001,7.579,New Zealand
NZL,2002,7.9,New Zealand
NZL,2003,7.722,New Zealand
NZL,2004,7.901,New Zealand
NZL,2005,8.273,New Zealand
NZL,2006,8.638,New Zealand
NZL,2007,8.329,New Zealand
NZL,2008,8.651,New Zealand
NZL,2009,9.136,New Zealand
NZL,2010,9.095,New Zealand
NZL,2011,9.109,New Zealand
NZL,2012,9.205,New Zealand
NZL,2013,8.943,New Zealand
NZL,2014,8.976,New Zealand
NZL,2015,8.893,New Zealand
NZL,2016,8.774,New Zealand
NZL,2017,8.626,New Zealand
NZL,2018,8.58,New Zealand
NZL,2019,8.616,New Zealand
NZL,2020,9.24,New Zealand
NZL,2021,9.56,New Zealand
NZL,2022,10.559,New Zealand
NZL,2023,10.083,New Zealand
NZL,2024,10.013,New Zealand
NZL,2025,9.786,New Zealand
SWE,1970,5.436,Sweden
SWE,1971,5.869,Sweden
SWE,1972,5.97,Sweden
SWE,1973,5.943,Sweden
SWE,1974,6.181,Sweden
SWE,1975,6.463,Sweden
SWE,1976,6.744,Sweden
SWE,1977,7.492,Sweden
SWE,1978,7.539,Sweden
SWE,1979,7.431,Sweden
SWE,1980,7.736,Sweden
SWE,1981,7.839,Sweden
SWE,1982,7.925,Sweden
SWE,1983,7.837,Sweden
SWE,1984,7.647,Sweden
SWE,1985,7.259,Sweden
SWE,1986,7.031,Sweden
SWE,1987,7.108,Sweden
SWE,1988,7.026,Sweden
SWE,1989,7.084,Sweden
SWE,1990,7.164,Sweden
SWE,1991,7.152,Sweden
SWE,1992,7.433,Sweden
SWE,1993,7.673,Sweden
SWE,1994,7.292,Sweden
SWE,1995,7.21,Sweden
SWE,1996,7.397,Sweden
SWE,1997,7.215,Sweden
SWE,1998,7.291,Sweden
SWE,1999,7.321,Sweden
SWE,2000,7.325,Sweden
SWE,2001,7.893,Sweden
SWE,2002,8.186,Sweden
SWE,2003,8.317,Sweden
SWE,2004,8.143,Sweden
SWE,2005,8.16,Sweden
SWE,2006,8.042,Sweden
SWE,2007,7.988,Sweden
SWE,2008,8.226,Sweden
SWE,2009,8.777,Sweden
SWE,2010,8.324,Sweden
SWE,2011,10.502,Sweden
SWE,2012,10.834,Sweden
SWE,2013,10.987,Sweden
SWE,2014,11.072,Sweden
SWE,2015,10.933,Sweden
SWE,2016,10.98,Sweden
SWE,2017,10.964,Sweden
SWE,2018,11.122,Sweden
SWE,2019,10.959,Sweden
SWE,2020,11.442,Sweden
SWE,2021,11.325,Sweden
SWE,2022,10.946,Sweden
SWE,2023,11.243,Sweden
SWE,2024,11.158,Sweden
SWE,2025,10.911,Sweden
USA,1970,6.247,United States
USA,1971,6.382,United States
USA,1972,6.516,United States
USA,1973,6.531,United States
USA,1974,6.852,United States
USA,1975,7.188,United States
USA,1976,7.435,United States
USA,1977,7.683,United States
USA,1978,7.656,United States
USA,1979,7.786,United States
USA,1980,8.241,United States
USA,1981,8.526,United States
USA,1982,9.212,United States
USA,1983,9.341,United States
USA,1984,9.291,United States
USA,1985,9.515,United States
USA,1986,9.689,United States
USA,1987,9.861,United States
USA,1988,10.251,United States
USA,1989,10.607,United States
USA,1990,11.238,United States
USA,1991,11.917,United States
USA,1992,12.194,United States
USA,1993,12.451,United States
USA,1994,12.378,United States
USA,1995,12.492,United States
USA,1996,12.461,United States
USA,1997,12.366,United States
USA,1998,12.35,United States
USA,1999,12.336,United States
USA,2000,12.482,United States
USA,2001,13.159,United States
USA,2002,13.991,United States
USA,2003,14.502,United States
USA,2004,14.547,United States
USA,2005,14.577,United States
USA,2006,14.699,United States
USA,2007,14.909,United States
USA,2008,15.198,United States
USA,2009,16.192,United States
USA,2010,16.191,United States
USA,2011,16.139,United States
USA,2012,16.126,United States
USA,2013,15.971,United States
USA,2014,16.188,United States
USA,2015,16.465,United States
USA,2016,16.778,United States
USA,2017,16.729,United States
USA,2018,16.677,United States
USA,2019,16.745,United States
USA,2020,18.734,United States
USA,2021,17.53,United States
USA,2022,16.744,United States
USA,2023,16.87,United States
USA,2024,17.202,United States
USA,2025,17.598,United States
