country_code,country_name,year,land_area
RUS,Russian Federation,2024,16376870.0
CHN,China,2024,9388210.0
USA,United States,2024,9147420.0
CAN,Canada,2024,8788700.0
BRA,Brazil,2024,8358140.0
AUS,Australia,2024,7688287.0
IND,India,2024,2973190.0
ARG,Argentina,2024,2736690.0
KAZ,Kazakhstan,2024,2699700.0
DZA,Algeria,2024,2381740.0
COD,"Congo, Dem. Rep.",2024,2267050.0
SAU,Saudi Arabia,2024,2149690.0
MEX,Mexico,2024,1943950.0
IDN,Indonesia,2024,1892410.1
SDN,Sudan,2024,1868000.0
LBY,Libya,2024,1759540.0
IRN,"Iran, Islamic Rep.",2024,1622500.0
MNG,Mongolia,2024,1558500.846
PER,Peru,2024,1280000.0
NER,Niger,2024,1266700.0
TCD,Chad,2024,1259200.0
AGO,Angola,2024,1246700.0
MLI,Mali,2024,1220190.0
ZAF,South Africa,2024,1213090.0
ETH,Ethiopia,2024,1122134.8
COL,Colombia,2024,1109500.0
BOL,Bolivia,2024,1087959.02
MRT,Mauritania,2024,1030700.0
EGY,"Egypt, Arab Rep.",2024,995450.0
NGA,Nigeria,2024,910770.0
TZA,Tanzania,2024,884000.0
VEN,"Venezuela, RB",2024,882050.0
NAM,Namibia,2024,823290.0
MOZ,Mozambique,2024,786380.0
PAK,Pakistan,2024,770880.0
TUR,Turkiye,2024,769630.0
ZMB,Zambia,2024,743390.0
CHL,Chile,2024,742031.98
MMR,Myanmar,2024,652670.0
AFG,Afghanistan,2024,652230.0
SSD,South Sudan,2024,631930.0
SOM,"Somalia, Fed. Rep.",2024,627340.0
CAF,Central African Republic,2024,622980.0
MDG,Madagascar,2024,581800.0
KEN,Kenya,2024,580880.0
UKR,Ukraine,2024,579400.0
BWA,Botswana,2024,566730.0
FRA,France,2024,538950.0
YEM,"Yemen, Rep.",2024,527968.0
THA,Thailand,2024,510890.0
ESP,Spain,2024,499685.509
CMR,Cameroon,2024,472710.0
TKM,Turkmenistan,2024,469930.0
PNG,Papua New Guinea,2024,452860.0
MAR,Morocco,2024,446300.0
UZB,Uzbekistan,2024,438510.0
IRQ,Iraq,2024,434130.0
GRL,Greenland,2024,410449.0
SWE,Sweden,2024,407270.0
PRY,Paraguay,2024,396012.03
ZWE,Zimbabwe,2024,386850.0
JPN,Japan,2024,364500.0
NOR,Norway,2024,364270.0
DEU,Germany,2024,349430.0
COG,"Congo, Rep.",2024,341500.0
MYS,Malaysia,2024,328550.0
CIV,Cote d'Ivoire,2024,318000.0
VNM,Viet Nam,2024,313429.0
OMN,Oman,2024,309500.0
POL,Poland,2024,306070.0
FIN,Finland,2024,304000.0
PHL,Philippines,2024,298170.0
ITA,Italy,2024,295720.0
BFA,Burkina Faso,2024,273600.0
NZL,New Zealand,2024,263310.0
GAB,Gabon,2024,257670.0
ECU,Ecuador,2024,248360.0
GIN,Guinea,2024,245720.0
GBR,United Kingdom,2024,241930.0
LAO,Lao PDR,2024,230800.0
ROU,Romania,2024,230080.0
GHA,Ghana,2024,227533.0
GUY,Guyana,2024,211140.0
BLR,Belarus,2024,202976.0
UGA,Uganda,2024,200520.0
SEN,Senegal,2024,192530.0
KGZ,Kyrgyz Republic,2024,191800.0
SYR,Syrian Arab Republic,2024,183630.0
KHM,Cambodia,2024,176520.0
URY,Uruguay,2024,175016.0
SUR,Suriname,2024,160507.61
TUN,Tunisia,2024,155360.0
NPL,Nepal,2024,143350.0
TJK,Tajikistan,2024,138790.0
BGD,Bangladesh,2024,130170.0
GRC,Greece,2024,128900.0
ERI,Eritrea,2024,120800.0
PRK,"Korea, Dem. People's Rep.",2024,120410.0
NIC,Nicaragua,2023,120340.0
BEN,Benin,2024,112760.0
HND,Honduras,2024,111890.0
BGR,Bulgaria,2024,108560.0
GTM,Guatemala,2024,107160.0
CUB,Cuba,2024,103800.0
ISL,Iceland,2024,100830.0
KOR,"Korea, Rep.",2024,97600.0
LBR,Liberia,2024,96320.0
MWI,Malawi,2024,94280.0
PRT,Portugal,2024,91605.6
HUN,Hungary,2024,91260.0
JOR,Jordan,2024,88794.0
SRB,Serbia,2024,87588.7
AZE,Azerbaijan,2024,82650.0
AUT,Austria,2024,82520.0
CZE,Czechia,2024,77155.54
PAN,Panama,2024,74180.0
SLE,Sierra Leone,2024,72180.0
ARE,United Arab Emirates,2024,71020.0
GEO,Georgia,2024,69490.0
IRL,Ireland,2024,68890.0
LTU,Lithuania,2024,62590.0
LVA,Latvia,2024,62230.0
LKA,Sri Lanka,2024,61860.0
HRV,Croatia,2024,55960.0
TGO,Togo,2024,54390.0
BIH,Bosnia and Herzegovina,2024,51200.0
CRI,Costa Rica,2024,50560.0
DOM,Dominican Republic,2024,48198.02
SVK,Slovak Republic,2024,48080.0
EST,Estonia,2024,42730.0
DNK,Denmark,2024,40000.0
CHE,Switzerland,2024,39509.63
BTN,Bhutan,2024,38140.0
NLD,Netherlands,2024,33670.0
MDA,Moldova,2024,32930.0
BEL,Belgium,2024,30494.22
LSO,Lesotho,2024,30360.0
ARM,Armenia,2024,28199.4
GNB,Guinea-Bissau,2024,28120.0
GNQ,Equatorial Guinea,2024,28051.5
SLB,Solomon Islands,2024,27990.0
HTI,Haiti,2024,27560.0
ALB,Albania,2024,27400.0
BDI,Burundi,2024,25680.0
MKD,North Macedonia,2024,25220.0
RWA,Rwanda,2024,23762.988
DJI,Djibouti,2024,23180.0
BLZ,Belize,2024,22810.0
ISR,Israel,2024,21640.0
SLV,El Salvador,2024,20720.0
SVN,Slovenia,2024,20134.5
NCL,New Caledonia,2024,18576.0
FJI,Fiji,2024,18333.0
KWT,Kuwait,2024,17820.0
SWZ,Eswatini,2024,17200.0
TLS,Timor-Leste,2024,14870.0
MNE,Montenegro,2024,13450.0
VUT,Vanuatu,2024,12189.0
QAT,Qatar,2024,11490.0
JAM,Jamaica,2024,10830.0
LBN,Lebanon,2024,10230.0
GMB,"Gambia, The",2024,10120.0
BHS,"Bahamas, The",2024,10010.0
CYP,Cyprus,2024,9240.0
PRI,Puerto Rico (US),2024,8870.0
PSE,West Bank and Gaza,2024,6025.0
BRN,Brunei Darussalam,2024,5270.0
TTO,Trinidad and Tobago,2024,5128.0
CPV,Cabo Verde,2024,4030.0
PYF,French Polynesia,2024,3521.0
WSM,Samoa,2024,2780.0
LUX,Luxembourg,2024,2574.46
MUS,Mauritius,2024,2000.0
COM,Comoros,2024,1869.7
FRO,Faroe Islands,2024,1370.0
HKG,"Hong Kong SAR, China",2024,1050.0
STP,Sao Tome and Principe,2024,960.0
TCA,Turks and Caicos Islands,2024,948.23
KIR,Kiribati,2024,811.0
BHR,Bahrain,2024,800.0
DMA,Dominica,2024,751.0
SGP,Singapore,2024,724.8
TON,Tonga,2024,720.0
FSM,"Micronesia, Fed. Sts.",2024,701.0
LCA,St. Lucia,2024,610.0
IMN,Isle of Man,2024,572.387
GUM,Guam,2024,541.0
AND,Andorra,2024,468.0
PLW,Palau,2024,460.0
SYC,Seychelles,2024,457.0
MNP,Northern Mariana Islands,2024,457.0
CUW,Curacao,2024,444.0
ATG,Antigua and Barbuda,2024,440.298
BRB,Barbados,2024,431.0
VCT,St. Vincent and the Grenadines,2024,389.0
VIR,Virgin Islands (U.S.),2024,348.0
GRD,Grenada,2024,344.0
MLT,Malta,2024,315.15
MDV,Maldives,2024,298.0
KNA,St. Kitts and Nevis,2024,261.0
CYM,Cayman Islands,2024,240.0
ASM,American Samoa,2024,199.0
CHI,Channel Islands,2021,198.0
MHL,Marshall Islands,2024,181.0
ABW,Aruba,2024,180.0
LIE,Liechtenstein,2024,160.0
VGB,British Virgin Islands,2024,151.0
SMR,San Marino,2024,61.2
BMU,Bermuda,2024,54.0
MAF,St. Martin (French part),2024,53.0
SXM,Sint Maarten (Dutch part),2024,34.0
MAC,"Macao SAR, China",2024,33.3
TUV,Tuvalu,2024,26.0
NRU,Naoero,2024,21.0
GIB,Gibraltar,2024,10.0
MCO,Monaco,2024,2.084
