date,total,public_sector,private_sector,self_employed,public_share
1976-01-01,9636.7,2273.1,6193.3,1170.3,23.587950231925863
1976-02-01,9659.8,2285.9,6212.6,1161.2,23.664051015548978
1976-03-01,9704.2,2301.4,6236.3,1166.5,23.715504626862593
1976-04-01,9738.2,2309.8,6248.6,1179.7,23.718962436589923
1976-05-01,9726.1,2312.2,6232.8,1181.0,23.773146482145975
1976-06-01,9748.3,2336.9,6224.4,1187.1,23.97238492865423
1976-07-01,9759.5,2272.3,6275.3,1211.9,23.282955069419543
1976-08-01,9780.5,2278.8,6301.8,1199.8,23.299422319922297
1976-09-01,9795.2,2310.8,6290.9,1193.5,23.591146684090166
1976-10-01,9782.5,2335.5,6260.4,1186.6,23.874265269614106
1976-11-01,9829.0,2330.2,6307.8,1191.0,23.707396479804657
1976-12-01,9862.6,2343.3,6329.6,1189.7,23.759454910469856
1977-01-01,9869.3,2333.7,6341.9,1193.7,23.646053924797098
1977-02-01,9874.2,2337.7,6336.6,1199.9,23.67482935326406
1977-03-01,9865.7,2350.8,6310.2,1204.7,23.828010176672716
1977-04-01,9892.6,2370.2,6313.6,1208.7,23.959323130420714
1977-05-01,9912.0,2386.2,6317.9,1207.9,24.073849878934624
1977-06-01,9906.9,2373.5,6318.8,1214.6,23.95804944028909
1977-07-01,9911.4,2380.7,6319.4,1211.3,24.019815565913998
1977-08-01,9936.6,2384.8,6344.6,1207.3,24.000161020872333
1977-09-01,9937.0,2363.7,6354.9,1218.3,23.78685720036228
1977-10-01,9962.1,2364.5,6377.6,1220.0,23.734955481274028
1977-11-01,9976.3,2352.4,6405.0,1218.9,23.579884325852273
1977-12-01,10002.3,2375.7,6412.0,1214.6,23.751537146456315
1978-01-01,10013.0,2391.7,6409.3,1212.0,23.88594826725257
1978-02-01,10067.5,2401.3,6439.5,1226.7,23.851999006704744
1978-03-01,10100.3,2392.6,6478.4,1229.4,23.68840529489223
1978-04-01,10128.7,2383.0,6518.7,1227.0,23.527204873280873
1978-05-01,10146.7,2373.2,6524.8,1248.6,23.388885056225174
1978-06-01,10207.6,2377.2,6564.9,1265.5,23.288530114816407
1978-07-01,10255.0,2394.7,6569.8,1290.5,23.351535836177472
1978-08-01,10287.5,2397.5,6600.3,1289.7,23.30498177399757
1978-09-01,10305.5,2397.1,6625.7,1282.7,23.260394934743584
1978-10-01,10368.9,2399.5,6668.2,1301.2,23.141316822420894
1978-11-01,10387.2,2408.3,6692.5,1286.4,23.18526648182378
1978-12-01,10428.3,2415.6,6719.3,1293.4,23.163890567014757
1979-01-01,10483.1,2401.0,6780.2,1301.9,22.90353044423882
1979-02-01,10490.0,2390.5,6799.4,1300.2,22.78836987607245
1979-03-01,10535.9,2371.4,6855.5,1309.1,22.507806642052415
1979-04-01,10560.8,2370.1,6884.2,1306.6,22.442428603893642
1979-05-01,10611.4,2372.1,6922.3,1316.9,22.354260512279247
1979-06-01,10645.4,2386.9,6941.5,1316.9,22.421891145471285
1979-07-01,10702.1,2384.6,6995.7,1321.9,22.281608282486612
1979-08-01,10742.1,2391.0,7018.9,1332.2,22.25821766693663
1979-09-01,10756.5,2401.5,7021.6,1333.4,22.326035420443453
1979-10-01,10809.0,2401.4,7064.5,1343.0,22.216671292441482
1979-11-01,10841.3,2402.6,7090.1,1348.5,22.161548891738075
1979-12-01,10859.9,2410.6,7081.2,1368.2,22.197257801637214
1980-01-01,10882.6,2413.8,7101.7,1367.1,22.18036131071619
1980-02-01,10902.9,2432.0,7115.9,1355.0,22.305991983784132
1980-03-01,10897.8,2429.9,7117.6,1350.3,22.297160894859516
1980-04-01,10938.3,2446.9,7129.7,1361.7,22.37002093561157
1980-05-01,10891.6,2456.6,7090.2,1344.8,22.55499651107275
1980-06-01,10936.8,2449.4,7139.5,1347.9,22.395947626362375
1980-07-01,10935.0,2473.5,7104.8,1356.7,22.62002743484225
1980-08-01,10970.3,2487.7,7115.3,1367.3,22.676681585736034
1980-09-01,11051.9,2481.0,7198.0,1372.9,22.448628742569152
1980-10-01,11083.1,2492.0,7222.3,1368.7,22.484683888081854
1980-11-01,11127.0,2502.2,7239.1,1385.8,22.487642670980495
1980-12-01,11140.0,2500.2,7248.5,1391.3,22.443447037701976
1981-01-01,11206.5,2512.7,7297.6,1396.3,22.421808771694998
1981-02-01,11283.3,2526.2,7354.6,1402.6,22.388840144284032
1981-03-01,11278.7,2519.7,7354.3,1404.8,22.340340642095274
1981-04-01,11315.8,2518.4,7390.2,1407.2,22.255607204086324
1981-05-01,11345.8,2515.4,7405.9,1424.5,22.170318531967776
1981-06-01,11375.6,2530.6,7428.0,1417.1,22.245859559056225
1981-07-01,11336.4,2511.7,7414.5,1410.2,22.156063653364384
1981-08-01,11353.8,2507.8,7416.9,1429.0,22.08775916433265
1981-09-01,11328.7,2486.0,7378.3,1464.4,21.944265449698552
1981-10-01,11300.1,2496.3,7345.3,1458.6,22.090954947301352
1981-11-01,11291.5,2480.8,7359.0,1451.7,21.970508789797638
1981-12-01,11236.0,2484.5,7303.0,1448.5,22.11196155215379
1982-01-01,11205.6,2483.8,7264.0,1457.8,22.16570286285429
1982-02-01,11166.9,2503.1,7211.1,1452.7,22.415352515022075
1982-03-01,11140.5,2497.7,7173.7,1469.2,22.41999910237422
1982-04-01,11076.3,2504.0,7098.5,1473.9,22.606827189584973
1982-05-01,11021.9,2486.3,7046.2,1489.5,22.557816710367543
1982-06-01,10940.6,2473.1,6984.8,1482.7,22.60479315576842
1982-07-01,10893.6,2464.7,6934.5,1494.4,22.625211133142393
1982-08-01,10836.3,2474.8,6876.9,1484.5,22.838053579173707
1982-09-01,10806.7,2491.4,6818.7,1496.6,23.054216365773083
1982-10-01,10787.2,2494.8,6797.8,1494.6,23.12741026401661
1982-11-01,10764.1,2505.5,6760.1,1498.5,23.276446707109745
1982-12-01,10774.1,2512.3,6748.3,1513.5,23.317956952320845
1983-01-01,10801.1,2510.4,6783.5,1507.2,23.242077195841166
1983-02-01,10818.2,2497.4,6815.2,1505.6,23.08517128542641
1983-03-01,10874.9,2514.7,6832.1,1528.1,23.123890794398108
1983-04-01,10932.6,2527.0,6869.5,1536.1,23.114355231143552
1983-05-01,10952.5,2532.2,6882.7,1537.6,23.11983565396028
1983-06-01,11021.4,2542.9,6924.5,1554.0,23.072386448182627
1983-07-01,11073.4,2533.7,6980.4,1559.2,22.880957971354775
1983-08-01,11126.6,2539.9,7033.0,1553.7,22.827278773389896
1983-09-01,11174.2,2562.6,7055.6,1556.0,22.933185373449554
1983-10-01,11163.3,2560.4,7047.5,1555.4,22.935870217587993
1983-11-01,11162.0,2537.0,7062.2,1562.8,22.728901630532164
1983-12-01,11187.4,2535.2,7091.7,1560.5,22.66120814487727
1984-01-01,11168.6,2546.5,7064.0,1558.1,22.800530057482586
1984-02-01,11203.9,2547.6,7093.6,1562.7,22.73851069716795
1984-03-01,11205.9,2549.3,7102.0,1554.7,22.74962296647302
1984-04-01,11198.5,2524.4,7118.7,1555.4,22.542304772960662
1984-05-01,11245.5,2552.8,7143.3,1549.5,22.70063580987951
1984-06-01,11314.5,2536.8,7217.4,1560.3,22.420787485085512
1984-07-01,11356.6,2560.9,7234.0,1561.7,22.54988288748393
1984-08-01,11349.3,2558.2,7230.7,1560.4,22.540597217449534
1984-09-01,11373.8,2517.3,7285.9,1570.6,22.132444741423274
1984-10-01,11387.7,2526.3,7264.3,1597.1,22.184462182881532
1984-11-01,11391.1,2542.1,7263.7,1585.3,22.316545373142187
1984-12-01,11430.3,2549.0,7257.9,1623.4,22.300377067968473
1985-01-01,11481.7,2541.0,7287.1,1653.6,22.130869122168317
1985-02-01,11506.3,2547.7,7295.5,1663.2,22.14178319703119
1985-03-01,11531.4,2545.7,7331.4,1654.4,22.076243994658064
1985-04-01,11571.5,2553.4,7366.4,1651.7,22.066283541459622
1985-05-01,11613.7,2548.3,7407.1,1658.3,21.942188966479247
1985-06-01,11627.0,2546.3,7415.5,1665.2,21.899888191278922
1985-07-01,11681.1,2558.6,7458.8,1663.8,21.903759063786797
1985-08-01,11712.1,2570.7,7465.3,1676.1,21.949095379991633
1985-09-01,11723.3,2556.9,7495.9,1670.5,21.81041174413348
1985-10-01,11754.0,2555.4,7533.7,1665.0,21.740684022460442
1985-11-01,11819.0,2562.3,7595.7,1661.1,21.679499111599966
1985-12-01,11860.5,2553.1,7629.5,1678.0,21.526073942919773
1986-01-01,11903.5,2563.9,7671.2,1668.5,21.539043138572687
1986-02-01,11917.9,2560.5,7705.4,1652.1,21.484489717148154
1986-03-01,11926.3,2554.1,7715.9,1656.3,21.415694725103343
1986-04-01,12008.1,2582.5,7756.0,1669.6,21.50631656964882
1986-05-01,11977.2,2594.2,7729.9,1653.2,21.659486357412412
1986-06-01,12016.9,2619.5,7745.4,1652.0,21.798467158751425
1986-07-01,12017.1,2616.4,7756.8,1643.9,21.772307794725847
1986-08-01,12024.7,2626.8,7759.2,1638.7,21.845035634984658
1986-09-01,12035.2,2645.3,7753.2,1636.7,21.97969290082425
1986-10-01,12059.6,2630.3,7760.4,1668.9,21.810839497164086
1986-11-01,12082.0,2625.9,7786.9,1669.2,21.733984439662308
1986-12-01,12079.7,2600.9,7812.9,1666.0,21.531163853406955
1987-01-01,12102.0,2614.6,7829.2,1658.2,21.604693439100974
1987-02-01,12131.4,2619.5,7827.5,1684.4,21.592726313533475
1987-03-01,12182.0,2597.2,7899.4,1685.5,21.319980298801507
1987-04-01,12229.5,2607.0,7941.6,1680.8,21.31730651294002
1987-05-01,12285.7,2605.8,7987.8,1692.1,21.210024662819375
1987-06-01,12319.4,2604.8,8027.0,1687.6,21.143886877607677
1987-07-01,12345.5,2617.6,8043.3,1684.5,21.2028674415779
1987-08-01,12376.2,2620.7,8054.7,1700.8,21.17532037297393
1987-09-01,12421.9,2631.4,8065.4,1725.2,21.18355485070722
1987-10-01,12487.4,2653.8,8107.5,1726.1,21.251821836411107
1987-11-01,12519.4,2653.3,8133.2,1732.9,21.193507676086714
1987-12-01,12583.3,2680.1,8165.6,1737.7,21.29886436785263
1988-01-01,12601.9,2691.3,8164.6,1746.0,21.356303414564472
1988-02-01,12642.6,2695.9,8196.0,1750.7,21.32393653204246
1988-03-01,12662.6,2705.9,8192.2,1764.5,21.369229068279814
1988-04-01,12676.0,2693.7,8219.5,1762.9,21.250394446197536
1988-05-01,12679.7,2691.1,8214.6,1774.0,21.223688257608618
1988-06-01,12698.1,2698.0,8233.1,1767.0,21.247273214102897
1988-07-01,12711.8,2693.6,8236.7,1781.6,21.18976069478752
1988-08-01,12720.0,2675.3,8255.3,1789.4,21.032232704402517
1988-09-01,12732.8,2643.4,8301.9,1787.5,20.760555415933656
1988-10-01,12765.0,2656.2,8323.2,1785.6,20.80846063454759
1988-11-01,12795.8,2655.4,8358.5,1781.9,20.752121789962334
1988-12-01,12849.4,2668.9,8390.1,1790.4,20.770619639827544
1989-01-01,12922.0,2672.5,8432.9,1816.6,20.68178300572667
1989-02-01,12936.8,2671.9,8449.7,1815.2,20.653484632984977
1989-03-01,12982.4,2689.9,8477.0,1815.5,20.71958959822529
1989-04-01,12959.9,2679.3,8461.7,1818.8,20.67377063094623
1989-05-01,12962.2,2689.0,8469.2,1804.1,20.74493527333323
1989-06-01,12979.4,2699.1,8486.1,1794.3,20.795260181518405
1989-07-01,12979.8,2697.1,8502.7,1780.1,20.779210773663692
1989-08-01,13029.1,2723.2,8525.2,1780.8,20.900906432524117
1989-09-01,13029.5,2742.0,8483.9,1803.6,21.044552745692467
1989-10-01,13034.5,2731.4,8514.3,1788.8,20.95515746672293
1989-11-01,13059.7,2728.6,8540.3,1790.8,20.893282387803698
1989-12-01,13066.8,2740.6,8530.7,1795.5,20.97376557382068
1990-01-01,13101.4,2737.9,8569.1,1794.5,20.897766650892272
1990-02-01,13134.9,2731.0,8599.2,1804.6,20.79193598733146
1990-03-01,13126.1,2739.6,8584.7,1801.8,20.87139363558102
1990-04-01,13141.3,2757.4,8586.9,1797.0,20.982703385509808
1990-05-01,13101.9,2758.9,8522.1,1820.9,21.057251238370007
1990-06-01,13134.4,2765.2,8526.2,1843.0,21.053112437568522
1990-07-01,13113.6,2766.3,8486.8,1860.4,21.094893850658856
1990-08-01,13100.3,2760.9,8468.6,1870.8,21.075089883437787
1990-09-01,13089.5,2750.2,8471.0,1868.4,21.010733794262578
1990-10-01,13039.3,2765.2,8420.9,1853.3,21.206659866710638
1990-11-01,12985.3,2751.3,8369.2,1864.9,21.187804671436165
1990-12-01,12934.7,2757.7,8319.1,1857.8,21.320169775874195
1991-01-01,12894.2,2761.6,8289.3,1843.4,21.4173814583301
1991-02-01,12845.1,2758.6,8238.1,1848.5,21.475893531385505
1991-03-01,12809.2,2749.9,8190.8,1868.5,21.468163507478998
1991-04-01,12850.7,2745.6,8196.8,1908.3,21.36537309251636
1991-05-01,12879.9,2761.5,8211.7,1906.7,21.44038385391191
1991-06-01,12886.3,2776.5,8209.0,1900.8,21.546138146713954
1991-07-01,12872.3,2777.8,8186.5,1908.0,21.57967107665297
1991-08-01,12876.2,2798.1,8179.7,1898.5,21.73079013994812
1991-09-01,12855.4,2803.0,8157.0,1895.4,21.804066773495965
1991-10-01,12861.0,2823.5,8129.1,1908.5,21.953969364746133
1991-11-01,12823.2,2813.8,8079.1,1930.3,21.943040738661175
1991-12-01,12810.2,2806.4,8071.1,1932.8,21.907542427128384
1992-01-01,12790.2,2820.7,8047.3,1922.3,22.05360354021047
1992-02-01,12771.3,2818.9,8027.6,1924.8,22.072146140173672
1992-03-01,12744.9,2816.6,7993.4,1934.9,22.099820320284977
1992-04-01,12730.9,2806.6,8000.4,1923.8,22.04557415422319
1992-05-01,12736.6,2813.4,8014.0,1909.2,22.089097561358603
1992-06-01,12717.3,2805.8,7982.7,1928.8,22.06285925471602
1992-07-01,12732.5,2815.5,7984.8,1932.2,22.112703710975847
1992-08-01,12693.7,2819.3,7942.2,1932.3,22.210230271709587
1992-09-01,12700.1,2809.2,7972.2,1918.7,22.119510869993146
1992-10-01,12713.0,2816.2,7973.6,1923.2,22.152127743254933
1992-11-01,12704.8,2822.1,7946.7,1936.0,22.212864429192116
1992-12-01,12721.9,2815.6,7960.7,1945.6,22.13191425809038
1993-01-01,12755.0,2839.4,7942.5,1973.2,22.261074088592707
1993-02-01,12763.2,2844.5,7946.2,1972.4,22.286730600476368
1993-03-01,12780.7,2829.2,7966.4,1985.2,22.13650269547051
1993-04-01,12748.8,2827.2,7932.3,1989.3,22.17620481927711
1993-05-01,12755.9,2807.7,7925.1,2023.1,22.010990992403514
1993-06-01,12780.0,2806.2,7954.7,2019.1,21.95774647887324
1993-07-01,12789.6,2798.2,7972.6,2018.8,21.878713955088507
1993-08-01,12808.1,2796.5,7975.5,2036.0,21.833839523426583
1993-09-01,12840.5,2801.4,8001.1,2038.0,21.816907441299016
1993-10-01,12825.3,2803.6,7990.1,2031.7,21.85991750680296
1993-11-01,12873.9,2796.7,8050.8,2026.4,21.723797761362135
1993-12-01,12848.4,2780.5,8052.8,2015.1,21.640826873385013
1994-01-01,12856.4,2782.0,8077.7,1996.7,21.63902803273078
1994-02-01,12889.5,2784.2,8082.1,2023.2,21.600527561193218
1994-03-01,12928.6,2780.6,8136.9,2011.1,21.507355784849093
1994-04-01,12940.7,2779.0,8133.0,2028.7,21.474881575185268
1994-05-01,13012.4,2790.2,8188.7,2033.4,21.442623958685562
1994-06-01,13041.5,2785.5,8243.8,2012.3,21.358739408810337
1994-07-01,13098.5,2798.2,8273.4,2026.9,21.36275146009085
1994-08-01,13115.2,2820.7,8259.3,2035.2,21.507106258387214
1994-09-01,13176.9,2810.1,8305.9,2061.0,21.32595678801539
1994-10-01,13168.8,2795.1,8334.9,2038.8,21.225168580280666
1994-11-01,13259.2,2804.8,8426.0,2028.4,21.153614094364666
1994-12-01,13245.8,2797.0,8414.9,2033.9,21.11612737622492
1995-01-01,13269.5,2785.8,8433.2,2050.5,20.994008817212407
1995-02-01,13262.3,2793.0,8422.9,2046.4,21.059695527925022
1995-03-01,13290.5,2787.5,8437.5,2065.5,20.97362777924081
1995-04-01,13268.9,2767.7,8443.5,2057.7,20.858548937741634
1995-05-01,13265.8,2739.0,8464.0,2062.9,20.647077447270426
1995-06-01,13278.2,2743.8,8466.5,2068.0,20.663945414288083
1995-07-01,13280.6,2727.5,8475.0,2078.2,20.53747571645859
1995-08-01,13297.8,2730.3,8482.8,2084.7,20.531967693904257
1995-09-01,13331.2,2737.4,8503.5,2090.3,20.533785405664908
1995-10-01,13347.0,2723.8,8529.7,2093.4,20.407582228216082
1995-11-01,13315.0,2726.3,8454.3,2134.4,20.475403680060083
1995-12-01,13356.8,2736.6,8460.7,2159.5,20.488440344992814
1996-01-01,13374.5,2736.3,8491.1,2147.2,20.45908258252645
1996-02-01,13399.4,2736.8,8504.9,2157.6,20.4247951400809
1996-03-01,13377.2,2731.6,8502.6,2143.0,20.41981879616063
1996-04-01,13404.1,2721.8,8532.9,2149.4,20.305727352078843
1996-05-01,13425.6,2732.5,8544.1,2149.1,20.352907877487784
1996-06-01,13412.9,2703.2,8543.5,2166.2,20.15373260070529
1996-07-01,13440.4,2699.6,8562.0,2178.8,20.0857117347698
1996-08-01,13456.6,2688.7,8589.6,2178.3,19.980530000148626
1996-09-01,13414.4,2656.6,8570.4,2187.4,19.804091125954198
1996-10-01,13412.8,2648.9,8574.1,2189.8,19.7490456877013
1996-11-01,13441.5,2647.9,8573.2,2220.5,19.6994383067366
1996-12-01,13465.7,2643.7,8598.7,2223.3,19.63284493193818
1997-01-01,13535.9,2656.7,8621.8,2257.4,19.627065802791098
1997-02-01,13538.1,2664.7,8624.7,2248.6,19.682968806553355
1997-03-01,13569.8,2654.8,8625.0,2290.0,19.56403189435364
1997-04-01,13571.2,2654.2,8611.4,2305.6,19.55759254892714
1997-05-01,13637.2,2655.5,8649.1,2332.6,19.47247235502889
1997-06-01,13690.0,2638.0,8685.1,2366.9,19.26953981008035
1997-07-01,13731.5,2651.5,8692.1,2387.8,19.309616575028222
1997-08-01,13798.9,2659.1,8741.4,2398.4,19.27037662422367
1997-09-01,13815.9,2632.8,8785.3,2397.9,19.056304692419605
1997-10-01,13833.1,2643.0,8794.5,2395.5,19.10634637210748
1997-11-01,13859.5,2651.3,8838.9,2369.3,19.12983873877124
1997-12-01,13874.9,2646.6,8856.6,2371.6,19.074732070141046
1998-01-01,13864.8,2640.5,8837.3,2387.0,19.04463100802031
1998-02-01,13914.5,2638.9,8899.6,2375.9,18.965108340220635
1998-03-01,13949.4,2630.7,8942.0,2376.8,18.858875650565615
1998-04-01,13977.6,2630.1,8956.1,2391.5,18.816535027472526
1998-05-01,13993.3,2635.9,8960.7,2396.7,18.836871931567252
1998-06-01,14005.8,2671.5,8936.7,2397.6,19.074240671721714
1998-07-01,14063.8,2650.0,9000.4,2413.4,18.842702541276186
1998-08-01,14101.7,2659.8,9005.1,2436.8,18.86155569895828
1998-09-01,14140.7,2676.9,9008.9,2455.0,18.930463131245272
1998-10-01,14159.4,2669.0,9035.0,2455.4,18.849668771275617
1998-11-01,14198.9,2658.7,9088.4,2451.9,18.72468994077006
1998-12-01,14200.0,2646.7,9120.6,2432.8,18.638732394366194
1999-01-01,14273.3,2655.1,9168.9,2449.3,18.60186502070299
1999-02-01,14263.3,2658.7,9157.0,2447.6,18.640146389685416
1999-03-01,14278.7,2673.7,9166.0,2439.0,18.72509402116439
1999-04-01,14316.6,2690.7,9167.3,2458.5,18.7942667951888
1999-05-01,14352.7,2705.5,9171.6,2475.5,18.850111825649527
1999-06-01,14373.0,2711.6,9202.3,2459.0,18.86592917275447
1999-07-01,14430.9,2715.9,9282.1,2432.8,18.820032014635263
1999-08-01,14451.8,2704.7,9319.0,2428.1,18.715315739215875
1999-09-01,14474.6,2713.9,9346.8,2413.8,18.749395492794275
1999-10-01,14514.7,2726.6,9373.0,2415.1,18.78509373256078
1999-11-01,14549.4,2745.4,9382.2,2421.8,18.869506646322186
1999-12-01,14611.3,2755.1,9402.9,2453.4,18.855953953446992
2000-01-01,14652.7,2758.7,9412.1,2481.9,18.827246855528333
2000-02-01,14672.2,2757.4,9427.8,2487.0,18.79336432164229
2000-03-01,14697.5,2784.5,9464.6,2448.4,18.945398877360095
2000-04-01,14722.7,2782.4,9573.4,2366.8,18.898707438173705
2000-05-01,14736.4,2768.3,9582.0,2386.1,18.785456420835484
2000-06-01,14746.8,2792.4,9581.9,2372.5,18.935633493368055
2000-07-01,14750.4,2803.8,9591.8,2354.8,19.008298080052068
2000-08-01,14770.3,2802.4,9624.0,2343.9,18.973209752002333
2000-09-01,14812.2,2827.0,9646.5,2338.7,19.085618611684964
2000-10-01,14835.3,2835.7,9668.6,2331.0,19.11454436378098
2000-11-01,14871.4,2832.7,9715.4,2323.3,19.047971273720027
2000-12-01,14920.0,2842.9,9746.3,2330.8,19.054289544235925
2001-01-01,14894.4,2833.2,9766.7,2294.5,19.021914276506603
2001-02-01,14883.9,2847.1,9744.5,2292.3,19.128722982551615
2001-03-01,14888.7,2833.7,9758.4,2296.7,19.032554890621746
2001-04-01,14922.3,2836.6,9785.5,2300.1,19.009133980686624
2001-05-01,14946.2,2848.9,9812.4,2285.0,19.061032235618416
2001-06-01,14922.5,2832.4,9813.1,2277.0,18.980733791254817
2001-07-01,14946.3,2845.1,9824.9,2276.2,19.035480352997062
2001-08-01,14948.5,2847.6,9824.9,2276.0,19.049402950128773
2001-09-01,14972.8,2847.6,9854.1,2271.1,19.018486856165847
2001-10-01,14976.9,2844.7,9859.8,2272.4,18.9939172993076
2001-11-01,14990.3,2843.3,9864.1,2283.0,18.967599047383978
2001-12-01,14965.6,2863.1,9859.8,2242.7,19.131207569359063
2002-01-01,15019.4,2880.6,9879.1,2259.7,19.179194907919094
2002-02-01,15042.3,2870.2,9913.2,2258.9,19.08085864528696
2002-03-01,15120.5,2878.0,9976.2,2266.3,19.033762111041302
2002-04-01,15167.8,2877.6,10000.9,2289.3,18.971769142525613
2002-05-01,15222.2,2892.8,10012.8,2316.6,19.003823363245786
2002-06-01,15284.3,2886.4,10066.6,2331.3,18.88473793369667
2002-07-01,15324.2,2906.3,10075.4,2342.4,18.965427232742982
2002-08-01,15406.9,2937.2,10144.2,2325.5,19.064185527263756
2002-09-01,15405.2,2924.7,10135.7,2344.9,18.985147872147063
2002-10-01,15419.1,2906.4,10131.9,2380.8,18.849349183804502
2002-11-01,15467.2,2909.2,10186.8,2371.1,18.808834178131786
2002-12-01,15524.7,2911.3,10214.9,2398.5,18.752697314601892
2003-01-01,15544.2,2933.9,10226.0,2384.3,18.874564146112377
2003-02-01,15601.6,2942.0,10267.4,2392.2,18.85704030355861
2003-03-01,15609.7,2940.0,10272.2,2397.5,18.8344426862784
2003-04-01,15593.2,2932.3,10280.6,2380.3,18.804991919554677
2003-05-01,15574.8,2916.7,10290.2,2367.9,18.72704625420551
2003-06-01,15627.1,2922.8,10307.9,2396.5,18.70340626219836
2003-07-01,15648.4,2923.8,10318.5,2406.1,18.684338334909643
2003-08-01,15638.9,2912.6,10287.6,2438.7,18.624072025526093
2003-09-01,15674.7,2945.8,10298.9,2430.0,18.79334213732958
2003-10-01,15729.5,2963.1,10317.4,2449.1,18.83785244286214
2003-11-01,15778.5,2984.6,10341.2,2452.8,18.915613017713977
2003-12-01,15821.1,2993.3,10384.7,2443.1,18.919670566521923
2004-01-01,15819.7,2984.7,10400.8,2434.2,18.866982306870543
2004-02-01,15826.9,3003.2,10405.8,2417.9,18.975288906861103
2004-03-01,15836.3,2999.7,10409.1,2427.5,18.94192456571295
2004-04-01,15882.7,3016.3,10427.2,2439.3,18.991103527737728
2004-05-01,15900.9,3045.4,10401.3,2454.3,19.15237502279745
2004-06-01,15923.9,3086.8,10390.9,2446.2,19.384698472107964
2004-07-01,15937.6,3056.5,10411.3,2469.8,19.17791888364622
2004-08-01,15945.4,3035.3,10435.5,2474.6,19.03558393016168
2004-09-01,15978.9,3050.6,10464.3,2464.0,19.09142681911771
2004-10-01,15989.6,3050.1,10471.2,2468.2,19.075524090658927
2004-11-01,16008.3,3068.0,10445.7,2494.6,19.165058126097087
2004-12-01,16022.8,3082.4,10462.3,2478.1,19.237586439323966
2005-01-01,16034.0,3074.0,10488.7,2471.3,19.171760009978794
2005-02-01,16047.1,3100.9,10451.0,2495.2,19.32374073820192
2005-03-01,16046.5,3103.0,10443.4,2500.1,19.337550244601626
2005-04-01,16072.3,3133.2,10438.0,2501.2,19.494409636455266
2005-05-01,16076.7,3103.1,10467.5,2506.1,19.301846772036548
2005-06-01,16101.8,3107.9,10477.3,2516.6,19.30156876870909
2005-07-01,16142.2,3123.2,10511.7,2507.3,19.348044256668853
2005-08-01,16186.6,3137.4,10531.2,2518.0,19.382699269766352
2005-09-01,16172.2,3119.7,10511.1,2541.4,19.290510876689627
2005-10-01,16211.7,3113.4,10541.5,2556.8,19.20464849460575
2005-11-01,16241.2,3120.5,10568.7,2552.0,19.213481762431346
2005-12-01,16232.3,3136.2,10548.8,2547.3,19.320737048970262
2006-01-01,16261.0,3136.0,10546.1,2579.0,19.28540680154972
2006-02-01,16292.2,3108.9,10610.8,2572.5,19.08213746455359
2006-03-01,16347.3,3114.5,10670.0,2562.7,19.052075877973735
2006-04-01,16383.5,3107.2,10714.0,2562.4,18.965422528763696
2006-05-01,16450.4,3150.3,10789.0,2511.1,19.15029421776978
2006-06-01,16432.5,3135.4,10812.7,2484.4,19.08048075460216
2006-07-01,16440.4,3163.4,10804.0,2473.0,19.24162429137977
2006-08-01,16435.7,3165.6,10788.8,2481.2,19.260512177759388
2006-09-01,16468.0,3147.9,10825.1,2495.0,19.115253825601165
2006-10-01,16487.5,3147.0,10862.1,2478.4,19.08718726307809
2006-11-01,16487.5,3142.4,10859.6,2485.5,19.059287338893103
2006-12-01,16549.6,3134.7,10905.2,2509.7,18.941243292889254
2007-01-01,16615.0,3150.6,10929.0,2535.4,18.962383388504364
2007-02-01,16636.4,3154.0,10936.6,2545.9,18.9584285061672
2007-03-01,16664.8,3172.6,10934.0,2558.1,19.037732226009314
2007-04-01,16658.6,3176.7,10921.8,2560.1,19.0694296039283
2007-05-01,16682.1,3170.1,10916.0,2596.1,19.00300321901919
2007-06-01,16728.2,3191.0,10940.7,2596.5,19.075572984541072
2007-07-01,16796.2,3193.3,11008.7,2594.2,19.01203843726557
2007-08-01,16817.5,3227.9,10996.8,2592.8,19.193697041771966
2007-09-01,16836.2,3251.7,11019.2,2565.3,19.3137406303085
2007-10-01,16883.7,3265.6,11029.5,2588.6,19.34173196633439
2007-11-01,16904.8,3275.4,11036.7,2592.8,19.375561970564576
2007-12-01,16907.1,3280.4,11043.7,2582.9,19.4024995416127
2008-01-01,16932.2,3276.5,11066.5,2589.3,19.35070457471563
2008-02-01,16967.5,3293.1,11089.7,2584.7,19.408280536319435
2008-03-01,16972.1,3299.6,11093.4,2579.1,19.44131839901957
2008-04-01,16971.8,3288.7,11075.4,2607.8,19.37743786752142
2008-05-01,16986.8,3298.5,11080.1,2608.1,19.41801869687051
2008-06-01,16996.2,3294.5,11094.6,2607.2,19.383744601734502
2008-07-01,16980.9,3301.1,11078.8,2601.0,19.440076792160603
2008-08-01,17003.3,3281.6,11099.1,2622.7,19.299782983303242
2008-09-01,17025.4,3279.2,11099.6,2646.7,19.260634111386512
2008-10-01,17070.5,3324.6,11105.1,2640.9,19.4757036993644
2008-11-01,16982.7,3293.2,11055.1,2634.4,19.391498407202622
2008-12-01,16972.3,3307.9,11018.0,2646.4,19.489992517219235
2009-01-01,16824.7,3303.7,10883.6,2637.4,19.636011340469665
2009-02-01,16782.4,3293.4,10842.0,2647.0,19.62413004099533
2009-03-01,16756.4,3312.0,10811.7,2632.7,19.765582105941608
2009-04-01,16730.8,3333.0,10756.9,2640.9,19.921342673392786
2009-05-01,16740.7,3363.4,10723.0,2654.4,20.091155089094244
2009-06-01,16712.7,3347.1,10683.3,2682.4,20.027284639824803
2009-07-01,16702.8,3363.5,10648.4,2690.9,20.137342242019304
2009-08-01,16702.7,3346.9,10681.9,2673.9,20.038077676064347
2009-09-01,16743.8,3376.8,10689.8,2677.1,20.16746497210908
2009-10-01,16753.2,3363.8,10688.6,2700.9,20.07855215719982
2009-11-01,16824.7,3390.0,10754.3,2680.4,20.1489476781161
2009-12-01,16797.4,3388.4,10729.7,2679.3,20.172169502422992
2010-01-01,16825.0,3386.2,10790.2,2648.6,20.1260029717682
2010-02-01,16818.0,3386.1,10798.4,2633.5,20.133785230110597
2010-03-01,16861.7,3395.3,10841.0,2625.5,20.1361665786961
2010-04-01,16928.5,3397.7,10912.6,2618.2,20.070886375047994
2010-05-01,16946.8,3388.5,10935.8,2622.5,19.994925295631035
2010-06-01,17024.6,3398.3,10979.7,2646.6,19.961115092278238
2010-07-01,17036.5,3396.6,10957.0,2682.9,19.93719367240924
2010-08-01,17062.1,3418.2,10982.2,2661.6,20.033876252044006
2010-09-01,17058.4,3418.3,11010.6,2629.5,20.038807860057215
2010-10-01,17044.3,3385.8,11048.8,2609.7,19.864705502719385
2010-11-01,17089.4,3397.1,11049.4,2642.9,19.87840415696279
2010-12-01,17117.4,3389.5,11102.7,2625.1,19.801488543820906
2011-01-01,17187.2,3423.6,11106.5,2657.1,19.919474958108356
2011-02-01,17174.8,3435.8,11081.8,2657.2,20.004890886647882
2011-03-01,17173.7,3416.2,11098.0,2659.4,19.892044230422094
2011-04-01,17222.1,3424.6,11142.1,2655.5,19.88491531230222
2011-05-01,17187.4,3397.0,11165.7,2624.7,19.764478629693844
2011-06-01,17218.8,3408.3,11197.9,2612.7,19.79406230399331
2011-07-01,17256.4,3397.6,11228.0,2630.7,19.688927006791683
2011-08-01,17269.4,3398.0,11238.7,2632.6,19.676421879161985
2011-09-01,17272.0,3385.0,11255.1,2631.9,19.598193608151924
2011-10-01,17258.0,3389.6,11217.0,2651.4,19.64074632054699
2011-11-01,17241.4,3393.7,11217.6,2630.1,19.68343637987634
2011-12-01,17258.2,3387.5,11205.2,2665.5,19.628350581173006
2012-01-01,17270.1,3393.6,11221.1,2655.4,19.65014678548474
2012-02-01,17245.0,3346.9,11269.4,2628.7,19.407944331690345
2012-03-01,17338.6,3367.6,11313.9,2657.1,19.422560068286945
2012-04-01,17416.2,3377.7,11386.7,2651.8,19.39401247114755
2012-05-01,17412.2,3388.2,11353.0,2671.0,19.458770287499565
2012-06-01,17414.7,3396.0,11351.5,2667.2,19.500766593739773
2012-07-01,17439.8,3419.0,11378.9,2641.9,19.604582621360336
2012-08-01,17486.0,3432.0,11404.9,2649.1,19.62713027564909
2012-09-01,17534.5,3430.2,11416.1,2688.2,19.562576634634578
2012-10-01,17543.2,3454.1,11412.8,2676.3,19.689110310547676
2012-11-01,17563.8,3451.5,11450.2,2662.0,19.65121442967923
2012-12-01,17609.5,3452.8,11508.7,2648.1,19.607598171441552
2013-01-01,17600.7,3444.2,11487.4,2669.0,19.568539887618105
2013-02-01,17676.1,3462.6,11520.9,2692.6,19.589162767805117
2013-03-01,17610.4,3456.9,11445.5,2708.0,19.629877799482124
2013-04-01,17641.3,3467.5,11465.4,2708.4,19.655580937912738
2013-05-01,17692.5,3467.3,11502.2,2722.9,19.597569591634876
2013-06-01,17682.1,3456.4,11527.2,2698.5,19.547451942925335
2013-07-01,17650.1,3426.9,11533.9,2689.3,19.41575401839083
2013-08-01,17677.9,3424.3,11555.4,2698.2,19.37051346596598
2013-09-01,17659.6,3443.7,11538.4,2677.4,19.500441686108406
2013-10-01,17664.4,3438.0,11557.3,2669.1,19.46287448200901
2013-11-01,17691.3,3448.5,11579.9,2663.0,19.492631971647082
2013-12-01,17668.9,3446.4,11586.9,2635.6,19.50545874389464
2014-01-01,17666.4,3444.3,11598.9,2623.3,19.496332020105964
2014-02-01,17662.7,3436.5,11588.5,2637.7,19.45625527241022
2014-03-01,17699.4,3449.6,11612.6,2637.2,19.48992621218798
2014-04-01,17691.2,3437.9,11612.8,2640.5,19.432825359500768
2014-05-01,17687.7,3443.5,11608.7,2635.5,19.468331100143036
2014-06-01,17720.5,3432.5,11640.7,2647.4,19.37022093056065
2014-07-01,17771.9,3462.1,11675.5,2634.3,19.480753324067766
2014-08-01,17723.7,3454.5,11631.5,2637.7,19.49085123309467
2014-09-01,17756.0,3481.2,11662.6,2612.2,19.605767064654202
2014-10-01,17782.2,3468.5,11675.3,2638.4,19.50546051669647
2014-11-01,17784.5,3484.2,11643.6,2656.7,19.591217071045012
2014-12-01,17821.7,3494.7,11645.5,2681.5,19.60924042038638
2015-01-01,17813.1,3494.6,11642.2,2676.3,19.618146195777268
2015-02-01,17827.2,3510.5,11654.7,2662.0,19.691819242505833
2015-03-01,17854.1,3531.0,11662.1,2661.0,19.776969995687267
2015-04-01,17819.4,3515.4,11635.1,2668.8,19.727936967574664
2015-05-01,17843.7,3507.4,11674.0,2662.3,19.656237215375736
2015-06-01,17836.7,3519.5,11682.3,2634.9,19.73178895199224
2015-07-01,17863.3,3534.0,11685.7,2643.6,19.783578622091103
2015-08-01,17889.0,3532.1,11699.6,2657.3,19.744535748225168
2015-09-01,17890.2,3506.2,11711.3,2672.7,19.59843936904003
2015-10-01,17899.1,3525.4,11713.6,2660.1,19.695962366822915
2015-11-01,17872.6,3493.5,11717.8,2661.3,19.546680393451428
2015-12-01,17867.4,3509.7,11671.5,2686.3,19.643037039524494
2016-01-01,17871.6,3516.5,11687.8,2667.3,19.676469929944716
2016-02-01,17889.0,3513.0,11700.1,2675.9,19.637766225054502
2016-03-01,17892.8,3499.1,11721.2,2672.6,19.555910757399626
2016-04-01,17919.7,3504.4,11752.6,2662.8,19.556130962013874
2016-05-01,17947.4,3525.7,11747.7,2674.0,19.64462819127004
2016-06-01,17954.5,3497.2,11761.5,2695.8,19.47812526107661
2016-07-01,17943.2,3489.0,11767.9,2686.3,19.444692139640644
2016-08-01,17994.2,3515.1,11817.8,2661.3,19.534627824521234
2016-09-01,18032.5,3506.4,11843.1,2683.0,19.44489116872314
2016-10-01,18051.2,3526.6,11850.9,2673.8,19.53665130296047
2016-11-01,18076.0,3544.3,11876.3,2655.5,19.60776720513388
2016-12-01,18104.0,3540.9,11912.1,2651.0,19.558661069376935
2017-01-01,18172.5,3540.2,11961.1,2671.2,19.48108405557848
2017-02-01,18216.6,3528.4,12005.2,2683.0,19.369146822129267
2017-03-01,18241.5,3529.3,12033.7,2678.4,19.347641367212127
2017-04-01,18271.6,3568.5,12011.4,2691.7,19.530309332516037
2017-05-01,18312.9,3582.1,12030.0,2700.8,19.560528370711356
2017-06-01,18371.4,3597.6,12056.0,2717.8,19.582612103595803
2017-07-01,18416.9,3603.0,12076.9,2737.1,19.563553040956947
2017-08-01,18436.4,3586.1,12079.7,2770.6,19.45119437634245
2017-09-01,18442.5,3615.1,12066.4,2761.0,19.602006235597123
2017-10-01,18475.1,3597.5,12103.9,2773.6,19.472154413237277
2017-11-01,18550.5,3607.6,12149.6,2793.3,19.447454246516266
2017-12-01,18619.7,3618.1,12207.0,2794.6,19.431569788986934
2018-01-01,18576.8,3613.7,12157.7,2805.3,19.45275827914388
2018-02-01,18570.3,3628.8,12147.9,2793.6,19.540879791925818
2018-03-01,18630.1,3632.2,12195.1,2802.8,19.496406353159674
2018-04-01,18613.0,3609.9,12181.6,2821.5,19.394509213990222
2018-05-01,18621.7,3629.3,12197.4,2795.0,19.489627692423355
2018-06-01,18677.6,3644.9,12227.3,2805.4,19.51481989120658
2018-07-01,18763.9,3718.9,12232.7,2812.4,19.81944052142678
2018-08-01,18704.7,3690.7,12218.8,2795.2,19.731404406379145
2018-09-01,18797.5,3681.8,12305.0,2810.7,19.586647160526667
2018-10-01,18814.9,3663.9,12342.9,2808.2,19.473396085017725
2018-11-01,18869.4,3675.5,12378.7,2815.2,19.478626771386477
2018-12-01,18892.8,3680.7,12364.2,2847.9,19.482024898373986
2019-01-01,18920.5,3688.5,12444.1,2788.0,19.49472794059354
2019-02-01,18965.7,3695.2,12478.5,2792.0,19.48359406718444
2019-03-01,18932.9,3692.1,12440.3,2800.5,19.500974494134546
2019-04-01,19053.7,3725.8,12522.0,2806.0,19.55420731931331
2019-05-01,19067.3,3707.5,12566.0,2793.8,19.444284193357213
2019-06-01,19078.6,3710.7,12558.9,2809.0,19.449540322665186
2019-07-01,19072.4,3751.0,12509.7,2811.7,19.667163020909793
2019-08-01,19133.9,3767.5,12541.2,2825.2,19.690183391781076
2019-09-01,19142.8,3756.6,12539.6,2846.6,19.624088430114718
2019-10-01,19130.9,3765.9,12535.5,2829.6,19.684907662472753
2019-11-01,19096.8,3756.1,12510.0,2830.7,19.66874031251309
2019-12-01,19186.5,3747.5,12610.5,2828.5,19.53196257785422
2020-01-01,19204.7,3764.3,12599.4,2841.0,19.60093102209355
2020-02-01,19202.9,3771.5,12638.6,2792.8,19.64026266865942
2020-03-01,18058.2,3607.7,11681.1,2769.3,19.97818165708653
2020-04-01,16085.8,3548.7,9808.4,2728.7,22.061072498725583
2020-05-01,16410.7,3582.3,10127.5,2700.9,21.829050558477093
2020-06-01,17469.4,3643.2,11106.0,2720.2,20.854751737323546
2020-07-01,17895.5,3680.1,11468.0,2747.4,20.564387695230643
2020-08-01,18129.3,3718.1,11687.1,2724.1,20.508789638871882
2020-09-01,18555.9,3819.4,12037.4,2699.2,20.58321073081877
2020-10-01,18616.4,3864.0,12041.5,2710.9,20.75589265378913
2020-11-01,18650.0,3871.2,12087.0,2691.9,20.757104557640748
2020-12-01,18591.7,3896.9,12023.6,2671.2,20.9604285783441
2021-01-01,18392.1,3916.9,11777.4,2697.9,21.29664366766166
2021-02-01,18632.0,3948.2,12029.1,2654.6,21.190425075139544
2021-03-01,18873.0,3996.9,12207.8,2668.2,21.17787315212208
2021-04-01,18673.8,3959.9,12053.4,2660.4,21.205646413691912
2021-05-01,18623.6,3982.0,11968.4,2673.2,21.38147296978028
2021-06-01,18894.4,4027.0,12216.1,2651.3,21.31319332712338
2021-07-01,19016.5,4027.9,12316.7,2671.9,21.181079588778168
2021-08-01,19081.7,4032.0,12410.2,2639.5,21.130192802528075
2021-09-01,19251.1,4128.9,12504.3,2617.9,21.447605591368806
2021-10-01,19288.1,4092.6,12582.0,2613.6,21.21826411103219
2021-11-01,19437.3,4135.2,12671.0,2631.1,21.27455973823525
2021-12-01,19508.8,4157.2,12726.0,2625.6,21.30935782826212
2022-01-01,19305.4,4138.5,12531.7,2635.2,21.437007262216788
2022-02-01,19629.0,4149.3,12834.2,2645.5,21.13862142747975
2022-03-01,19647.8,4157.7,12867.1,2622.9,21.161147812986695
2022-04-01,19709.7,4165.7,12935.5,2608.4,21.135278568420624
2022-05-01,19763.4,4219.3,12898.6,2645.5,21.349059372375198
2022-06-01,19750.8,4227.3,12891.6,2631.9,21.40318366850963
2022-07-01,19787.5,4208.5,12941.4,2637.6,21.268477574226154
2022-08-01,19781.2,4211.9,12936.1,2633.2,21.2924392857865
2022-09-01,19796.1,4247.1,12933.2,2615.8,21.454225832360923
2022-10-01,19882.8,4262.4,13001.1,2619.3,21.437624479449575
2022-11-01,19923.8,4258.4,13019.5,2645.9,21.37343277888756
2022-12-01,19998.5,4234.4,13097.0,2667.0,21.17358801910143
2023-01-01,20097.5,4244.8,13199.4,2653.3,21.121034954596343
2023-02-01,20143.3,4240.4,13263.0,2639.9,21.05116837856756
2023-03-01,20214.7,4257.7,13315.1,2642.0,21.062395187660464
2023-04-01,20242.1,4264.2,13315.0,2663.0,21.06599611700367
2023-05-01,20253.9,4269.3,13348.5,2636.1,21.078903322323107
2023-06-01,20325.1,4283.5,13409.2,2632.5,21.07492706062947
2023-07-01,20356.9,4298.3,13434.3,2624.3,21.1147080351134
2023-08-01,20423.7,4321.7,13431.3,2670.7,21.160220723962844
2023-09-01,20473.1,4354.8,13443.2,2675.1,21.27083831955102
2023-10-01,20501.8,4368.1,13455.3,2678.4,21.305934113102268
2023-11-01,20522.2,4359.9,13503.6,2658.7,21.24479831597002
2023-12-01,20530.6,4370.2,13515.9,2644.5,21.286275121038837
2024-01-01,20552.1,4412.7,13501.2,2638.2,21.470798604522166
2024-02-01,20593.8,4428.5,13507.1,2658.2,21.5040449067195
2024-03-01,20620.8,4438.8,13526.3,2655.7,21.52583798882682
2024-04-01,20674.9,4434.2,13575.2,2665.5,21.447262139115544
2024-05-01,20707.2,4447.1,13580.3,2679.8,21.476104929686294
2024-06-01,20708.1,4442.3,13594.8,2671.0,21.451992215606456
2024-07-01,20725.1,4490.8,13571.8,2662.6,21.66841173263338
2024-08-01,20760.4,4491.6,13605.5,2663.2,21.63542128282692
2024-09-01,20796.0,4464.3,13643.7,2688.1,21.46710905943451
2024-10-01,20804.9,4451.9,13647.8,2705.3,21.39832443318641
2024-11-01,20842.0,4499.1,13638.3,2704.6,21.586699932827948
2024-12-01,20934.7,4531.3,13686.5,2716.9,21.644924455568983
2025-01-01,20986.9,4522.9,13725.5,2738.5,21.551062805845547
2025-02-01,20985.5,4530.0,13733.2,2722.2,21.58633342069524
2025-03-01,20964.3,4529.3,13694.7,2740.2,21.60482343793974
2025-04-01,20966.7,4544.4,13678.0,2744.3,21.674369357123435
2025-05-01,20974.4,4528.8,13728.7,2716.9,21.592036005797542
2025-06-01,21040.7,4551.1,13762.6,2726.9,21.62998379331486
2025-07-01,21018.3,4554.9,13743.1,2720.3,21.671115171065214
2025-08-01,20956.6,4537.0,13736.4,2683.2,21.649504213469744
2025-09-01,21009.9,4566.6,13753.0,2690.4,21.735467565290648
2025-10-01,21083.6,4567.2,13828.7,2687.6,21.662334705647993
2025-11-01,21135.9,4583.8,13876.6,2675.4,21.687271419717163
2025-12-01,21146.0,4583.7,13880.7,2681.6,21.676439988650333
2026-01-01,21121.2,4597.0,13828.7,2695.6,21.76486184497093
2026-02-01,21037.3,4579.9,13756.1,2701.2,21.77037927870972
2026-03-01,21051.4,4584.5,13771.5,2695.4,21.77764899246606
2026-04-01,21033.7,4575.0,13768.9,2689.7,21.750809415366767
2026-05-01,21121.5,4595.4,13825.2,2700.9,21.756977487394362
2026-06-01,21139.7,4564.9,13856.8,2717.9,21.593967747886676
2026-07-01,21214.8,4537.9,13914.7,2762.3,21.390255859117218
2026-08-01,21173.1,4517.9,13891.9,2763.4,21.337924064024634
