year,geo,age_group,gender,skill,avg_score,pct_level1_below,pct_level2,pct_level3_above
2022,Alberta,16–24,Men,Adaptive problem solving,272.5,8.6,45.1,46.2
2022,Alberta,16–24,Total,Adaptive problem solving,271.0,12.0,41.2,46.8
2022,Alberta,16–24,Women,Adaptive problem solving,269.5,15.6,37.0,47.4
2022,Alberta,16–65 (all),Men,Adaptive problem solving,266.1,18.0,38.0,44.0
2022,Alberta,16–65 (all),Total,Adaptive problem solving,264.4,19.0,38.3,42.8
2022,Alberta,16–65 (all),Women,Adaptive problem solving,262.7,19.9,38.6,41.5
2022,Alberta,25–34,Men,Adaptive problem solving,275.0,12.7,36.5,50.8
2022,Alberta,25–34,Total,Adaptive problem solving,275.4,13.8,33.6,52.6
2022,Alberta,25–34,Women,Adaptive problem solving,275.9,14.9,30.7,54.4
2022,Alberta,35–44,Men,Adaptive problem solving,270.3,13.7,38.9,47.4
2022,Alberta,35–44,Total,Adaptive problem solving,267.1,15.2,41.7,43.1
2022,Alberta,35–44,Women,Adaptive problem solving,263.9,16.7,44.6,38.8
2022,Alberta,45–54,Men,Adaptive problem solving,261.2,22.3,38.7,39.0
2022,Alberta,45–54,Total,Adaptive problem solving,261.4,21.2,37.3,41.5
2022,Alberta,45–54,Women,Adaptive problem solving,261.6,20.1,35.9,44.0
2022,Alberta,55–65,Men,Adaptive problem solving,250.0,33.2,31.7,35.1
2022,Alberta,55–65,Total,Adaptive problem solving,246.3,32.9,37.8,29.3
2022,Alberta,55–65,Women,Adaptive problem solving,242.6,32.7,43.7,23.6
2022,Alberta,16–24,Men,Literacy,277.6,11.4,37.0,51.6
2022,Alberta,16–24,Total,Literacy,278.6,12.7,32.1,55.2
2022,Alberta,16–24,Women,Literacy,279.6,,,59.1
2022,Alberta,16–65 (all),Men,Literacy,276.8,15.7,30.8,53.4
2022,Alberta,16–65 (all),Total,Literacy,275.6,15.7,31.8,52.6
2022,Alberta,16–65 (all),Women,Literacy,274.4,15.6,32.7,51.7
2022,Alberta,25–34,Men,Literacy,288.0,,,55.7
2022,Alberta,25–34,Total,Literacy,287.7,8.3,35.1,56.6
2022,Alberta,25–34,Women,Literacy,287.4,10.5,32.0,57.5
2022,Alberta,35–44,Men,Literacy,283.0,14.1,24.4,61.5
2022,Alberta,35–44,Total,Literacy,279.2,14.1,28.2,57.7
2022,Alberta,35–44,Women,Literacy,275.4,14.1,32.1,53.9
2022,Alberta,45–54,Men,Literacy,270.4,19.8,30.0,50.2
2022,Alberta,45–54,Total,Literacy,271.4,18.1,33.3,48.6
2022,Alberta,45–54,Women,Literacy,272.5,16.3,36.7,47.0
2022,Alberta,55–65,Men,Literacy,262.1,28.5,25.8,45.7
2022,Alberta,55–65,Total,Literacy,259.2,26.0,30.4,43.5
2022,Alberta,55–65,Women,Literacy,256.4,23.6,35.0,41.4
2022,Alberta,16–24,Men,Numeracy,274.5,10.7,39.5,49.8
2022,Alberta,16–24,Total,Numeracy,264.6,19.0,40.3,40.7
2022,Alberta,16–24,Women,Numeracy,254.2,27.7,41.2,31.1
2022,Alberta,16–65 (all),Men,Numeracy,280.6,14.2,30.8,55.0
2022,Alberta,16–65 (all),Total,Numeracy,271.2,18.1,34.7,47.3
2022,Alberta,16–65 (all),Women,Numeracy,261.6,22.0,38.6,39.4
2022,Alberta,25–34,Men,Numeracy,293.1,7.7,31.9,60.5
2022,Alberta,25–34,Total,Numeracy,285.4,12.0,32.5,55.5
2022,Alberta,25–34,Women,Numeracy,277.4,16.5,33.1,50.4
2022,Alberta,35–44,Men,Numeracy,286.3,12.6,31.0,56.5
2022,Alberta,35–44,Total,Numeracy,274.4,15.9,35.1,49.0
2022,Alberta,35–44,Women,Numeracy,262.4,19.4,39.3,41.4
2022,Alberta,45–54,Men,Numeracy,278.7,15.6,25.2,59.1
2022,Alberta,45–54,Total,Numeracy,272.5,15.8,33.1,51.2
2022,Alberta,45–54,Women,Numeracy,266.3,15.9,41.1,43.0
2022,Alberta,55–65,Men,Numeracy,266.7,25.5,27.3,47.2
2022,Alberta,55–65,Total,Numeracy,255.7,28.9,33.4,37.6
2022,Alberta,55–65,Women,Numeracy,245.0,32.3,39.4,28.3
2022,British Columbia,16–24,Men,Adaptive problem solving,286.3,,,63.6
2022,British Columbia,16–24,Total,Adaptive problem solving,275.6,9.3,41.8,49.0
2022,British Columbia,16–24,Women,Adaptive problem solving,264.5,12.6,53.7,33.7
2022,British Columbia,16–65 (all),Men,Adaptive problem solving,272.8,13.4,34.8,51.8
2022,British Columbia,16–65 (all),Total,Adaptive problem solving,268.6,15.8,37.2,47.1
2022,British Columbia,16–65 (all),Women,Adaptive problem solving,264.4,18.1,39.5,42.4
2022,British Columbia,25–34,Men,Adaptive problem solving,284.3,7.3,28.7,64.0
2022,British Columbia,25–34,Total,Adaptive problem solving,283.5,6.7,31.9,61.4
2022,British Columbia,25–34,Women,Adaptive problem solving,282.7,6.0,35.1,58.8
2022,British Columbia,35–44,Men,Adaptive problem solving,279.0,10.6,31.0,58.5
2022,British Columbia,35–44,Total,Adaptive problem solving,274.5,13.9,30.9,55.2
2022,British Columbia,35–44,Women,Adaptive problem solving,270.1,17.2,30.9,52.0
2022,British Columbia,45–54,Men,Adaptive problem solving,264.7,15.3,43.0,41.8
2022,British Columbia,45–54,Total,Adaptive problem solving,259.8,20.8,41.2,38.0
2022,British Columbia,45–54,Women,Adaptive problem solving,255.2,26.0,39.5,34.5
2022,British Columbia,55–65,Men,Adaptive problem solving,252.1,25.9,41.2,32.9
2022,British Columbia,55–65,Total,Adaptive problem solving,251.2,26.5,41.4,32.1
2022,British Columbia,55–65,Women,Adaptive problem solving,250.4,27.1,41.5,31.3
2022,British Columbia,16–24,Men,Literacy,300.0,,,74.3
2022,British Columbia,16–24,Total,Literacy,287.2,7.0,32.8,60.2
2022,British Columbia,16–24,Women,Literacy,273.7,,,45.6
2022,British Columbia,16–65 (all),Men,Literacy,284.9,12.1,25.5,62.4
2022,British Columbia,16–65 (all),Total,Literacy,280.9,13.6,27.6,58.8
2022,British Columbia,16–65 (all),Women,Literacy,277.0,15.0,29.7,55.3
2022,British Columbia,25–34,Men,Literacy,290.4,6.9,27.8,65.3
2022,British Columbia,25–34,Total,Literacy,293.5,5.8,27.2,67.0
2022,British Columbia,25–34,Women,Literacy,296.7,,,68.8
2022,British Columbia,35–44,Men,Literacy,295.1,10.2,17.4,72.4
2022,British Columbia,35–44,Total,Literacy,288.0,12.7,20.4,66.9
2022,British Columbia,35–44,Women,Literacy,280.9,15.2,23.4,61.4
2022,British Columbia,45–54,Men,Literacy,280.4,13.9,28.4,57.7
2022,British Columbia,45–54,Total,Literacy,275.5,17.0,27.3,55.8
2022,British Columbia,45–54,Women,Literacy,271.0,19.8,26.2,54.0
2022,British Columbia,55–65,Men,Literacy,262.2,24.5,30.5,45.0
2022,British Columbia,55–65,Total,Literacy,262.4,23.7,31.2,45.1
2022,British Columbia,55–65,Women,Literacy,262.6,22.9,31.8,45.3
2022,British Columbia,16–24,Men,Numeracy,297.7,,,72.3
2022,British Columbia,16–24,Total,Numeracy,279.0,11.2,36.3,52.5
2022,British Columbia,16–24,Women,Numeracy,259.6,19.3,48.9,31.8
2022,British Columbia,16–65 (all),Men,Numeracy,291.5,10.2,24.9,64.9
2022,British Columbia,16–65 (all),Total,Numeracy,280.0,14.7,28.9,56.4
2022,British Columbia,16–65 (all),Women,Numeracy,268.7,19.1,32.8,48.1
2022,British Columbia,25–34,Men,Numeracy,300.9,5.9,24.3,69.8
2022,British Columbia,25–34,Total,Numeracy,295.2,8.1,23.2,68.7
2022,British Columbia,25–34,Women,Numeracy,289.2,10.4,22.1,67.5
2022,British Columbia,35–44,Men,Numeracy,301.7,8.4,20.4,71.1
2022,British Columbia,35–44,Total,Numeracy,287.0,13.1,23.2,63.7
2022,British Columbia,35–44,Women,Numeracy,272.5,17.8,25.9,56.4
2022,British Columbia,45–54,Men,Numeracy,287.3,12.1,25.5,62.4
2022,British Columbia,45–54,Total,Numeracy,274.2,17.4,30.0,52.7
2022,British Columbia,45–54,Women,Numeracy,262.1,22.2,34.1,43.6
2022,British Columbia,55–65,Men,Numeracy,271.2,19.6,29.7,50.7
2022,British Columbia,55–65,Total,Numeracy,264.4,22.7,33.4,44.0
2022,British Columbia,55–65,Women,Numeracy,258.1,25.5,36.8,37.7
2022,Canada,16–24,Men,Adaptive problem solving,268.8,14.6,38.9,46.5
2022,Canada,16–24,Total,Adaptive problem solving,268.4,14.2,41.3,44.5
2022,Canada,16–24,Women,Adaptive problem solving,268.0,13.8,43.9,42.4
2022,Canada,16–65 (all),Men,Adaptive problem solving,260.8,21.2,38.6,40.2
2022,Canada,16–65 (all),Total,Adaptive problem solving,259.4,22.0,38.9,39.0
2022,Canada,16–65 (all),Women,Adaptive problem solving,257.9,22.9,39.3,37.8
2022,Canada,25–34,Men,Adaptive problem solving,275.5,12.5,36.3,51.2
2022,Canada,25–34,Total,Adaptive problem solving,274.6,13.3,34.3,52.4
2022,Canada,25–34,Women,Adaptive problem solving,273.7,14.1,32.3,53.6
2022,Canada,35–44,Men,Adaptive problem solving,267.3,17.0,35.9,47.1
2022,Canada,35–44,Total,Adaptive problem solving,263.3,19.2,37.4,43.4
2022,Canada,35–44,Women,Adaptive problem solving,259.3,21.5,38.9,39.6
2022,Canada,45–54,Men,Adaptive problem solving,255.4,23.9,40.5,35.7
2022,Canada,45–54,Total,Adaptive problem solving,252.9,26.2,39.6,34.2
2022,Canada,45–54,Women,Adaptive problem solving,250.4,28.5,38.7,32.8
2022,Canada,55–65,Men,Adaptive problem solving,238.6,36.6,41.5,21.9
2022,Canada,55–65,Total,Adaptive problem solving,240.2,35.1,42.5,22.4
2022,Canada,55–65,Women,Adaptive problem solving,241.7,33.7,43.4,22.9
2022,Canada,16–24,Men,Literacy,278.7,12.0,31.7,56.3
2022,Canada,16–24,Total,Literacy,277.7,12.1,33.8,54.1
2022,Canada,16–24,Women,Literacy,276.6,12.1,36.1,51.8
2022,Canada,16–65 (all),Men,Literacy,271.0,19.7,29.1,51.2
2022,Canada,16–65 (all),Total,Literacy,270.8,19.3,29.7,51.0
2022,Canada,16–65 (all),Women,Literacy,270.5,18.9,30.2,50.9
2022,Canada,25–34,Men,Literacy,283.8,12.6,28.3,59.0
2022,Canada,25–34,Total,Literacy,284.7,11.6,26.9,61.5
2022,Canada,25–34,Women,Literacy,285.5,10.5,25.4,64.1
2022,Canada,35–44,Men,Literacy,279.9,14.9,26.6,58.4
2022,Canada,35–44,Total,Literacy,276.0,17.1,27.6,55.3
2022,Canada,35–44,Women,Literacy,272.1,19.2,28.7,52.1
2022,Canada,45–54,Men,Literacy,268.0,22.3,27.8,50.0
2022,Canada,45–54,Total,Literacy,266.6,22.9,27.8,49.3
2022,Canada,45–54,Women,Literacy,265.2,23.5,27.8,48.7
2022,Canada,55–65,Men,Literacy,246.9,34.7,31.4,33.9
2022,Canada,55–65,Total,Literacy,251.3,30.8,32.7,36.4
2022,Canada,55–65,Women,Literacy,255.6,27.1,34.0,38.9
2022,Canada,16–24,Men,Numeracy,281.0,12.0,28.7,59.3
2022,Canada,16–24,Total,Numeracy,273.5,15.8,34.3,49.9
2022,Canada,16–24,Women,Numeracy,265.5,19.8,40.3,39.8
2022,Canada,16–65 (all),Men,Numeracy,278.5,16.9,26.9,56.1
2022,Canada,16–65 (all),Total,Numeracy,270.7,20.1,30.4,49.5
2022,Canada,16–65 (all),Women,Numeracy,262.9,23.3,33.9,42.8
2022,Canada,25–34,Men,Numeracy,294.1,9.5,25.7,64.8
2022,Canada,25–34,Total,Numeracy,286.8,11.7,27.5,60.7
2022,Canada,25–34,Women,Numeracy,279.2,14.1,29.4,56.5
2022,Canada,35–44,Men,Numeracy,286.7,13.7,25.6,60.7
2022,Canada,35–44,Total,Numeracy,275.4,18.1,29.3,52.6
2022,Canada,35–44,Women,Numeracy,264.1,22.5,33.0,44.5
2022,Canada,45–54,Men,Numeracy,276.1,18.2,25.5,56.3
2022,Canada,45–54,Total,Numeracy,267.1,22.3,28.4,49.3
2022,Canada,45–54,Women,Numeracy,258.3,26.2,31.2,42.6
2022,Canada,55–65,Men,Numeracy,255.6,30.0,29.3,40.7
2022,Canada,55–65,Total,Numeracy,252.1,31.2,33.1,35.8
2022,Canada,55–65,Women,Numeracy,248.8,32.3,36.8,30.9
2022,Manitoba,16–24,Men,Adaptive problem solving,268.3,8.6,49.6,41.8
2022,Manitoba,16–24,Total,Adaptive problem solving,271.5,9.5,43.1,47.4
2022,Manitoba,16–24,Women,Adaptive problem solving,274.9,,,53.3
2022,Manitoba,16–65 (all),Men,Adaptive problem solving,256.3,21.4,43.3,35.3
2022,Manitoba,16–65 (all),Total,Adaptive problem solving,256.7,21.3,42.3,36.4
2022,Manitoba,16–65 (all),Women,Adaptive problem solving,257.1,21.2,41.3,37.5
2022,Manitoba,25–34,Men,Adaptive problem solving,266.0,13.0,44.3,42.8
2022,Manitoba,25–34,Total,Adaptive problem solving,265.1,14.1,41.5,44.5
2022,Manitoba,25–34,Women,Adaptive problem solving,264.3,15.2,38.5,46.2
2022,Manitoba,35–44,Men,Adaptive problem solving,257.0,23.7,38.4,37.9
2022,Manitoba,35–44,Total,Adaptive problem solving,256.8,22.3,38.8,38.9
2022,Manitoba,35–44,Women,Adaptive problem solving,256.7,21.0,39.1,39.9
2022,Manitoba,45–54,Men,Adaptive problem solving,253.6,21.5,47.8,30.7
2022,Manitoba,45–54,Total,Adaptive problem solving,252.0,24.5,44.7,30.7
2022,Manitoba,45–54,Women,Adaptive problem solving,250.5,27.6,41.6,30.8
2022,Manitoba,55–65,Men,Adaptive problem solving,236.8,39.6,37.7,22.7
2022,Manitoba,55–65,Total,Adaptive problem solving,239.3,35.2,44.0,20.8
2022,Manitoba,55–65,Women,Adaptive problem solving,241.7,30.9,50.1,19.0
2022,Manitoba,16–24,Men,Literacy,282.8,9.0,31.2,59.7
2022,Manitoba,16–24,Total,Literacy,285.2,8.0,30.6,61.4
2022,Manitoba,16–24,Women,Literacy,287.9,,,63.1
2022,Manitoba,16–65 (all),Men,Literacy,266.6,21.2,30.4,48.4
2022,Manitoba,16–65 (all),Total,Literacy,269.0,19.3,31.1,49.5
2022,Manitoba,16–65 (all),Women,Literacy,271.3,17.4,31.9,50.7
2022,Manitoba,25–34,Men,Literacy,273.3,14.5,34.7,50.8
2022,Manitoba,25–34,Total,Literacy,272.8,14.6,33.5,51.9
2022,Manitoba,25–34,Women,Literacy,272.2,14.8,32.3,53.0
2022,Manitoba,35–44,Men,Literacy,265.0,24.3,27.9,47.7
2022,Manitoba,35–44,Total,Literacy,267.5,21.0,29.7,49.3
2022,Manitoba,35–44,Women,Literacy,270.0,17.8,31.4,50.9
2022,Manitoba,45–54,Men,Literacy,265.6,22.6,28.2,49.2
2022,Manitoba,45–54,Total,Literacy,268.4,21.1,30.3,48.6
2022,Manitoba,45–54,Women,Literacy,271.1,19.5,32.4,48.1
2022,Manitoba,55–65,Men,Literacy,247.4,35.1,29.5,35.4
2022,Manitoba,55–65,Total,Literacy,253.1,30.7,31.4,37.9
2022,Manitoba,55–65,Women,Literacy,258.5,26.4,33.2,40.3
2022,Manitoba,16–24,Men,Numeracy,276.3,13.1,31.5,55.4
2022,Manitoba,16–24,Total,Numeracy,276.5,12.6,31.4,56.0
2022,Manitoba,16–24,Women,Numeracy,276.7,,,56.7
2022,Manitoba,16–65 (all),Men,Numeracy,271.5,19.0,29.6,51.5
2022,Manitoba,16–65 (all),Total,Numeracy,267.5,20.2,32.4,47.4
2022,Manitoba,16–65 (all),Women,Numeracy,263.4,21.5,35.2,43.3
2022,Manitoba,25–34,Men,Numeracy,279.7,14.9,27.4,57.7
2022,Manitoba,25–34,Total,Numeracy,273.2,16.3,32.2,51.5
2022,Manitoba,25–34,Women,Numeracy,266.6,17.7,37.1,45.2
2022,Manitoba,35–44,Men,Numeracy,274.1,17.7,28.1,54.1
2022,Manitoba,35–44,Total,Numeracy,269.5,19.8,31.0,49.1
2022,Manitoba,35–44,Women,Numeracy,264.9,21.9,33.9,44.2
2022,Manitoba,45–54,Men,Numeracy,270.0,20.1,29.3,50.6
2022,Manitoba,45–54,Total,Numeracy,266.0,22.2,31.8,46.1
2022,Manitoba,45–54,Women,Numeracy,262.0,24.2,34.2,41.6
2022,Manitoba,55–65,Men,Numeracy,257.2,28.8,31.9,39.3
2022,Manitoba,55–65,Total,Numeracy,253.0,29.5,35.4,35.2
2022,Manitoba,55–65,Women,Numeracy,249.0,30.1,38.7,31.2
2022,New Brunswick,16–24,Men,Adaptive problem solving,268.5,16.0,31.9,52.1
2022,New Brunswick,16–24,Total,Adaptive problem solving,262.6,16.7,42.4,40.9
2022,New Brunswick,16–24,Women,Adaptive problem solving,256.5,17.5,53.3,29.2
2022,New Brunswick,16–65 (all),Men,Adaptive problem solving,251.4,30.4,32.9,36.7
2022,New Brunswick,16–65 (all),Total,Adaptive problem solving,251.6,27.7,39.7,32.6
2022,New Brunswick,16–65 (all),Women,Adaptive problem solving,251.8,25.0,46.5,28.5
2022,New Brunswick,25–34,Men,Adaptive problem solving,279.6,10.6,32.1,57.3
2022,New Brunswick,25–34,Total,Adaptive problem solving,272.8,11.7,38.5,49.9
2022,New Brunswick,25–34,Women,Adaptive problem solving,265.9,12.7,44.8,42.4
2022,New Brunswick,35–44,Men,Adaptive problem solving,263.0,21.3,35.8,42.9
2022,New Brunswick,35–44,Total,Adaptive problem solving,261.7,20.4,39.7,39.9
2022,New Brunswick,35–44,Women,Adaptive problem solving,260.4,19.6,43.5,37.0
2022,New Brunswick,45–54,Men,Adaptive problem solving,252.6,27.5,39.3,33.1
2022,New Brunswick,45–54,Total,Adaptive problem solving,249.8,28.2,44.3,27.4
2022,New Brunswick,45–54,Women,Adaptive problem solving,247.1,28.9,49.3,21.7
2022,New Brunswick,55–65,Men,Adaptive problem solving,212.2,61.7,27.1,11.3
2022,New Brunswick,55–65,Total,Adaptive problem solving,224.7,49.9,35.5,14.6
2022,New Brunswick,55–65,Women,Adaptive problem solving,237.0,38.4,43.7,17.8
2022,New Brunswick,16–24,Men,Literacy,276.1,18.9,24.9,56.2
2022,New Brunswick,16–24,Total,Literacy,273.3,14.6,37.6,47.8
2022,New Brunswick,16–24,Women,Literacy,270.4,,50.8,
2022,New Brunswick,16–65 (all),Men,Literacy,261.3,29.6,24.2,46.2
2022,New Brunswick,16–65 (all),Total,Literacy,264.1,24.2,29.3,46.5
2022,New Brunswick,16–65 (all),Women,Literacy,266.9,18.9,34.4,46.7
2022,New Brunswick,25–34,Men,Literacy,291.5,12.1,19.1,68.9
2022,New Brunswick,25–34,Total,Literacy,286.0,11.8,22.9,65.3
2022,New Brunswick,25–34,Women,Literacy,280.5,11.5,26.8,61.7
2022,New Brunswick,35–44,Men,Literacy,276.5,19.1,24.7,56.2
2022,New Brunswick,35–44,Total,Literacy,276.7,17.6,25.6,56.8
2022,New Brunswick,35–44,Women,Literacy,277.0,16.1,26.4,57.4
2022,New Brunswick,45–54,Men,Literacy,264.7,26.3,27.1,46.6
2022,New Brunswick,45–54,Total,Literacy,265.5,23.3,30.4,46.3
2022,New Brunswick,45–54,Women,Literacy,266.2,20.3,33.8,45.9
2022,New Brunswick,55–65,Men,Literacy,217.8,58.4,24.8,16.9
2022,New Brunswick,55–65,Total,Literacy,233.6,43.8,30.7,25.5
2022,New Brunswick,55–65,Women,Literacy,249.0,29.7,36.4,33.9
2022,New Brunswick,16–24,Men,Numeracy,282.9,16.0,24.4,59.6
2022,New Brunswick,16–24,Total,Numeracy,267.9,22.4,32.8,44.8
2022,New Brunswick,16–24,Women,Numeracy,252.3,29.0,41.6,29.4
2022,New Brunswick,16–65 (all),Men,Numeracy,268.5,26.1,24.1,49.9
2022,New Brunswick,16–65 (all),Total,Numeracy,262.3,25.7,31.4,42.9
2022,New Brunswick,16–65 (all),Women,Numeracy,256.2,25.4,38.7,35.9
2022,New Brunswick,25–34,Men,Numeracy,304.1,8.1,17.2,74.7
2022,New Brunswick,25–34,Total,Numeracy,284.6,14.1,25.4,60.5
2022,New Brunswick,25–34,Women,Numeracy,264.9,20.2,33.7,46.1
2022,New Brunswick,35–44,Men,Numeracy,278.2,19.2,24.0,56.8
2022,New Brunswick,35–44,Total,Numeracy,272.2,18.0,32.5,49.5
2022,New Brunswick,35–44,Women,Numeracy,266.4,16.9,40.7,42.5
2022,New Brunswick,45–54,Men,Numeracy,271.4,22.6,27.9,49.5
2022,New Brunswick,45–54,Total,Numeracy,264.8,23.6,33.2,43.2
2022,New Brunswick,45–54,Women,Numeracy,258.2,24.5,38.5,36.9
2022,New Brunswick,55–65,Men,Numeracy,225.8,52.4,25.8,21.8
2022,New Brunswick,55–65,Total,Numeracy,234.7,42.8,32.6,24.5
2022,New Brunswick,55–65,Women,Numeracy,243.5,33.6,39.3,27.1
2022,Newfoundland and Labrador,16–24,Men,Adaptive problem solving,262.5,10.8,59.2,30.0
2022,Newfoundland and Labrador,16–24,Total,Adaptive problem solving,262.2,11.8,56.5,31.6
2022,Newfoundland and Labrador,16–24,Women,Adaptive problem solving,261.8,13.0,53.6,33.4
2022,Newfoundland and Labrador,16–65 (all),Men,Adaptive problem solving,253.1,27.8,39.3,32.9
2022,Newfoundland and Labrador,16–65 (all),Total,Adaptive problem solving,253.7,25.5,42.9,31.6
2022,Newfoundland and Labrador,16–65 (all),Women,Adaptive problem solving,254.2,23.2,46.4,30.4
2022,Newfoundland and Labrador,25–34,Men,Adaptive problem solving,276.0,12.2,32.3,55.6
2022,Newfoundland and Labrador,25–34,Total,Adaptive problem solving,271.6,12.4,39.3,48.3
2022,Newfoundland and Labrador,25–34,Women,Adaptive problem solving,267.1,12.5,46.7,40.8
2022,Newfoundland and Labrador,35–44,Men,Adaptive problem solving,264.4,22.8,31.4,45.8
2022,Newfoundland and Labrador,35–44,Total,Adaptive problem solving,265.0,17.0,41.7,41.3
2022,Newfoundland and Labrador,35–44,Women,Adaptive problem solving,265.5,11.6,51.3,37.1
2022,Newfoundland and Labrador,45–54,Men,Adaptive problem solving,251.2,29.6,41.9,28.5
2022,Newfoundland and Labrador,45–54,Total,Adaptive problem solving,251.9,27.8,43.0,29.1
2022,Newfoundland and Labrador,45–54,Women,Adaptive problem solving,252.5,26.1,44.1,29.8
2022,Newfoundland and Labrador,55–65,Men,Adaptive problem solving,227.2,49.5,35.3,15.2
2022,Newfoundland and Labrador,55–65,Total,Adaptive problem solving,232.1,44.7,38.3,17.0
2022,Newfoundland and Labrador,55–65,Women,Adaptive problem solving,236.7,40.1,41.2,18.7
2022,Newfoundland and Labrador,16–24,Men,Literacy,273.3,10.3,41.9,47.8
2022,Newfoundland and Labrador,16–24,Total,Literacy,272.5,10.2,43.5,46.3
2022,Newfoundland and Labrador,16–24,Women,Literacy,271.6,10.1,45.3,44.6
2022,Newfoundland and Labrador,16–65 (all),Men,Literacy,259.7,27.3,30.0,42.7
2022,Newfoundland and Labrador,16–65 (all),Total,Literacy,263.1,22.9,33.3,43.9
2022,Newfoundland and Labrador,16–65 (all),Women,Literacy,266.4,18.6,36.5,45.0
2022,Newfoundland and Labrador,25–34,Men,Literacy,280.1,16.5,18.5,65.1
2022,Newfoundland and Labrador,25–34,Total,Literacy,277.7,14.1,27.1,58.9
2022,Newfoundland and Labrador,25–34,Women,Literacy,275.1,11.6,36.1,52.4
2022,Newfoundland and Labrador,35–44,Men,Literacy,273.5,21.7,23.5,54.7
2022,Newfoundland and Labrador,35–44,Total,Literacy,276.7,15.6,28.4,56.0
2022,Newfoundland and Labrador,35–44,Women,Literacy,279.6,9.9,33.0,57.1
2022,Newfoundland and Labrador,45–54,Men,Literacy,260.6,24.5,38.5,37.0
2022,Newfoundland and Labrador,45–54,Total,Literacy,266.3,20.9,36.2,42.8
2022,Newfoundland and Labrador,45–54,Women,Literacy,271.6,17.6,34.1,48.3
2022,Newfoundland and Labrador,55–65,Men,Literacy,229.2,49.7,28.0,22.3
2022,Newfoundland and Labrador,55–65,Total,Literacy,237.7,41.4,32.3,26.3
2022,Newfoundland and Labrador,55–65,Women,Literacy,245.8,33.5,36.4,30.1
2022,Newfoundland and Labrador,16–24,Men,Numeracy,269.4,12.6,48.9,38.5
2022,Newfoundland and Labrador,16–24,Total,Numeracy,262.7,18.0,45.7,36.4
2022,Newfoundland and Labrador,16–24,Women,Numeracy,255.5,23.8,42.1,34.0
2022,Newfoundland and Labrador,16–65 (all),Men,Numeracy,261.4,27.6,32.9,39.5
2022,Newfoundland and Labrador,16–65 (all),Total,Numeracy,257.4,27.5,35.4,37.1
2022,Newfoundland and Labrador,16–65 (all),Women,Numeracy,253.6,27.5,37.8,34.7
2022,Newfoundland and Labrador,25–34,Men,Numeracy,280.5,17.4,29.7,53.0
2022,Newfoundland and Labrador,25–34,Total,Numeracy,269.3,21.3,32.6,46.1
2022,Newfoundland and Labrador,25–34,Women,Numeracy,257.6,25.4,35.7,38.9
2022,Newfoundland and Labrador,35–44,Men,Numeracy,277.1,21.9,25.5,52.6
2022,Newfoundland and Labrador,35–44,Total,Numeracy,272.4,17.6,33.8,48.6
2022,Newfoundland and Labrador,35–44,Women,Numeracy,268.1,13.6,41.5,44.9
2022,Newfoundland and Labrador,45–54,Men,Numeracy,261.1,27.4,34.0,38.6
2022,Newfoundland and Labrador,45–54,Total,Numeracy,259.2,27.2,34.6,38.2
2022,Newfoundland and Labrador,45–54,Women,Numeracy,257.5,27.0,35.1,37.8
2022,Newfoundland and Labrador,55–65,Men,Numeracy,234.7,46.5,29.6,24.0
2022,Newfoundland and Labrador,55–65,Total,Numeracy,236.1,43.2,33.1,23.6
2022,Newfoundland and Labrador,55–65,Women,Numeracy,237.5,40.1,36.6,23.3
2022,Nova Scotia,16–24,Men,Adaptive problem solving,271.5,13.6,39.4,47.1
2022,Nova Scotia,16–24,Total,Adaptive problem solving,267.6,13.8,43.0,43.2
2022,Nova Scotia,16–24,Women,Adaptive problem solving,263.6,14.2,46.8,39.1
2022,Nova Scotia,16–65 (all),Men,Adaptive problem solving,259.9,21.2,39.7,39.1
2022,Nova Scotia,16–65 (all),Total,Adaptive problem solving,260.7,19.4,42.0,38.7
2022,Nova Scotia,16–65 (all),Women,Adaptive problem solving,261.5,17.6,44.1,38.3
2022,Nova Scotia,25–34,Men,Adaptive problem solving,280.5,8.9,32.5,58.6
2022,Nova Scotia,25–34,Total,Adaptive problem solving,275.1,10.6,37.9,51.4
2022,Nova Scotia,25–34,Women,Adaptive problem solving,269.9,12.3,43.3,44.4
2022,Nova Scotia,35–44,Men,Adaptive problem solving,266.8,13.5,44.3,42.2
2022,Nova Scotia,35–44,Total,Adaptive problem solving,266.1,16.2,40.4,43.4
2022,Nova Scotia,35–44,Women,Adaptive problem solving,265.6,18.7,36.9,44.4
2022,Nova Scotia,45–54,Men,Adaptive problem solving,255.5,23.7,39.7,36.6
2022,Nova Scotia,45–54,Total,Adaptive problem solving,261.1,18.7,41.7,39.6
2022,Nova Scotia,45–54,Women,Adaptive problem solving,266.3,14.0,43.6,42.4
2022,Nova Scotia,55–65,Men,Adaptive problem solving,234.2,39.6,42.6,17.8
2022,Nova Scotia,55–65,Total,Adaptive problem solving,241.0,32.5,45.8,21.7
2022,Nova Scotia,55–65,Women,Adaptive problem solving,247.4,25.7,48.9,25.4
2022,Nova Scotia,16–24,Men,Literacy,283.6,12.7,25.6,61.6
2022,Nova Scotia,16–24,Total,Literacy,275.9,12.2,34.6,53.2
2022,Nova Scotia,16–24,Women,Literacy,267.8,,,44.3
2022,Nova Scotia,16–65 (all),Men,Literacy,270.2,18.5,30.4,51.1
2022,Nova Scotia,16–65 (all),Total,Literacy,271.6,16.9,31.9,51.2
2022,Nova Scotia,16–65 (all),Women,Literacy,273.0,15.4,33.3,51.3
2022,Nova Scotia,25–34,Men,Literacy,290.8,7.2,26.7,66.1
2022,Nova Scotia,25–34,Total,Literacy,284.8,10.7,27.5,61.7
2022,Nova Scotia,25–34,Women,Literacy,279.0,14.2,28.3,57.5
2022,Nova Scotia,35–44,Men,Literacy,277.0,15.7,31.1,53.2
2022,Nova Scotia,35–44,Total,Literacy,278.6,16.5,28.9,54.6
2022,Nova Scotia,35–44,Women,Literacy,280.1,17.2,26.9,55.9
2022,Nova Scotia,45–54,Men,Literacy,266.8,21.5,23.6,55.0
2022,Nova Scotia,45–54,Total,Literacy,273.7,16.2,28.6,55.2
2022,Nova Scotia,45–54,Women,Literacy,280.0,11.3,33.2,55.5
2022,Nova Scotia,55–65,Men,Literacy,242.6,31.4,40.7,28.0
2022,Nova Scotia,55–65,Total,Literacy,252.0,25.6,38.1,36.3
2022,Nova Scotia,55–65,Women,Literacy,260.9,20.2,35.7,44.1
2022,Nova Scotia,16–24,Men,Numeracy,283.1,14.6,25.4,60.1
2022,Nova Scotia,16–24,Total,Numeracy,270.5,19.4,32.6,47.9
2022,Nova Scotia,16–24,Women,Numeracy,257.3,24.6,40.3,35.1
2022,Nova Scotia,16–65 (all),Men,Numeracy,275.0,18.1,26.7,55.2
2022,Nova Scotia,16–65 (all),Total,Numeracy,270.0,19.4,30.9,49.7
2022,Nova Scotia,16–65 (all),Women,Numeracy,265.3,20.6,34.8,44.5
2022,Nova Scotia,25–34,Men,Numeracy,295.0,7.5,21.2,71.3
2022,Nova Scotia,25–34,Total,Numeracy,281.9,11.2,29.5,59.3
2022,Nova Scotia,25–34,Women,Numeracy,269.0,14.9,37.6,47.5
2022,Nova Scotia,35–44,Men,Numeracy,286.3,10.8,29.8,59.4
2022,Nova Scotia,35–44,Total,Numeracy,279.0,16.1,28.9,55.0
2022,Nova Scotia,35–44,Women,Numeracy,272.2,20.9,28.1,51.0
2022,Nova Scotia,45–54,Men,Numeracy,272.3,20.5,19.9,59.7
2022,Nova Scotia,45–54,Total,Numeracy,272.9,18.2,27.7,54.1
2022,Nova Scotia,45–54,Women,Numeracy,273.5,16.1,34.9,49.0
2022,Nova Scotia,55–65,Men,Numeracy,247.6,32.4,34.7,32.8
2022,Nova Scotia,55–65,Total,Numeracy,251.9,29.1,34.6,36.3
2022,Nova Scotia,55–65,Women,Numeracy,255.9,26.0,34.4,39.6
2022,OECD average,16–24,Men,Adaptive problem solving,262.0,21.0,38.2,40.8
2022,OECD average,16–24,Total,Adaptive problem solving,261.6,20.5,39.6,39.9
2022,OECD average,16–24,Women,Adaptive problem solving,261.3,19.9,41.2,38.9
2022,OECD average,16–65 (all),Men,Adaptive problem solving,251.1,29.7,36.9,33.3
2022,OECD average,16–65 (all),Total,Adaptive problem solving,249.9,29.9,38.5,31.6
2022,OECD average,16–65 (all),Women,Adaptive problem solving,248.7,30.0,40.2,29.9
2022,OECD average,25–34,Men,Adaptive problem solving,263.0,22.7,34.1,43.2
2022,OECD average,25–34,Total,Adaptive problem solving,261.4,22.5,36.1,41.4
2022,OECD average,25–34,Women,Adaptive problem solving,259.8,22.4,38.2,39.5
2022,OECD average,35–44,Men,Adaptive problem solving,255.0,27.0,35.8,37.1
2022,OECD average,35–44,Total,Adaptive problem solving,254.1,27.1,37.3,35.6
2022,OECD average,35–44,Women,Adaptive problem solving,253.1,27.1,38.8,34.2
2022,OECD average,45–54,Men,Adaptive problem solving,246.5,32.6,37.8,29.7
2022,OECD average,45–54,Total,Adaptive problem solving,245.6,32.4,39.8,27.9
2022,OECD average,45–54,Women,Adaptive problem solving,244.7,32.1,41.8,26.1
2022,OECD average,55–65,Men,Adaptive problem solving,232.6,42.8,38.1,19.1
2022,OECD average,55–65,Total,Adaptive problem solving,231.8,43.1,39.5,17.5
2022,OECD average,55–65,Women,Adaptive problem solving,231.0,43.3,40.8,15.9
2022,OECD average,16–24,Men,Literacy,268.2,19.8,32.0,48.1
2022,OECD average,16–24,Total,Literacy,270.2,18.4,32.6,49.0
2022,OECD average,16–24,Women,Literacy,272.3,16.8,33.2,49.9
2022,OECD average,16–65 (all),Men,Literacy,257.6,28.1,30.6,41.3
2022,OECD average,16–65 (all),Total,Literacy,259.0,26.6,31.7,41.7
2022,OECD average,16–65 (all),Women,Literacy,260.4,25.1,32.7,42.2
2022,OECD average,25–34,Men,Literacy,269.3,21.6,28.3,50.1
2022,OECD average,25–34,Total,Literacy,270.5,20.3,29.1,50.7
2022,OECD average,25–34,Women,Literacy,271.8,18.9,29.8,51.3
2022,OECD average,35–44,Men,Literacy,261.8,25.8,29.4,44.8
2022,OECD average,35–44,Total,Literacy,263.7,24.2,30.0,45.7
2022,OECD average,35–44,Women,Literacy,265.7,22.6,30.7,46.6
2022,OECD average,45–54,Men,Literacy,254.2,30.5,30.7,38.8
2022,OECD average,45–54,Total,Literacy,255.7,28.5,32.3,39.2
2022,OECD average,45–54,Women,Literacy,257.3,26.4,33.9,39.7
2022,OECD average,55–65,Men,Literacy,238.1,40.3,32.2,27.4
2022,OECD average,55–65,Total,Literacy,239.9,38.5,33.7,27.8
2022,OECD average,55–65,Women,Literacy,241.5,36.8,35.1,28.1
2022,OECD average,16–24,Men,Numeracy,272.8,19.1,29.6,51.3
2022,OECD average,16–24,Total,Numeracy,269.3,20.0,32.0,48.0
2022,OECD average,16–24,Women,Numeracy,265.7,20.9,34.6,44.5
2022,OECD average,16–65 (all),Men,Numeracy,266.8,24.0,28.3,47.7
2022,OECD average,16–65 (all),Total,Numeracy,262.2,25.2,30.9,43.9
2022,OECD average,16–65 (all),Women,Numeracy,257.6,26.5,33.4,40.1
2022,OECD average,25–34,Men,Numeracy,276.6,19.6,26.1,54.3
2022,OECD average,25–34,Total,Numeracy,271.8,20.6,28.6,50.9
2022,OECD average,25–34,Women,Numeracy,266.7,21.6,31.1,47.3
2022,OECD average,35–44,Men,Numeracy,271.8,22.0,26.5,51.6
2022,OECD average,35–44,Total,Numeracy,267.3,23.0,29.1,47.9
2022,OECD average,35–44,Women,Numeracy,262.7,24.0,31.7,44.3
2022,OECD average,45–54,Men,Numeracy,264.9,25.3,28.3,46.4
2022,OECD average,45–54,Total,Numeracy,260.2,26.2,31.3,42.5
2022,OECD average,45–54,Women,Numeracy,255.6,27.1,34.2,38.8
2022,OECD average,55–65,Men,Numeracy,250.4,32.7,30.7,36.6
2022,OECD average,55–65,Total,Numeracy,246.1,34.3,32.9,32.8
2022,OECD average,55–65,Women,Numeracy,241.8,35.9,35.0,29.1
2022,Ontario,16–24,Men,Adaptive problem solving,266.4,17.0,37.4,45.6
2022,Ontario,16–24,Total,Adaptive problem solving,268.7,15.0,40.1,44.9
2022,Ontario,16–24,Women,Adaptive problem solving,271.1,,,44.2
2022,Ontario,16–65 (all),Men,Adaptive problem solving,259.1,22.0,40.1,37.9
2022,Ontario,16–65 (all),Total,Adaptive problem solving,258.3,23.0,39.1,37.9
2022,Ontario,16–65 (all),Women,Adaptive problem solving,257.5,24.0,38.0,38.0
2022,Ontario,25–34,Men,Adaptive problem solving,274.0,14.2,38.7,47.1
2022,Ontario,25–34,Total,Adaptive problem solving,274.7,14.8,33.7,51.5
2022,Ontario,25–34,Women,Adaptive problem solving,275.4,15.4,28.5,56.1
2022,Ontario,35–44,Men,Adaptive problem solving,264.4,17.8,38.2,44.0
2022,Ontario,35–44,Total,Adaptive problem solving,258.8,21.6,39.0,39.4
2022,Ontario,35–44,Women,Adaptive problem solving,253.4,25.3,39.7,35.0
2022,Ontario,45–54,Men,Adaptive problem solving,252.9,25.8,39.2,35.1
2022,Ontario,45–54,Total,Adaptive problem solving,249.7,29.2,37.6,33.2
2022,Ontario,45–54,Women,Adaptive problem solving,246.6,32.5,36.1,31.3
2022,Ontario,55–65,Men,Adaptive problem solving,237.9,35.0,46.5,18.5
2022,Ontario,55–65,Total,Adaptive problem solving,240.6,33.6,44.9,21.4
2022,Ontario,55–65,Women,Adaptive problem solving,243.1,32.3,43.5,24.2
2022,Ontario,16–24,Men,Literacy,276.3,12.0,32.4,55.6
2022,Ontario,16–24,Total,Literacy,276.8,11.3,35.2,53.5
2022,Ontario,16–24,Women,Literacy,277.3,,,51.4
2022,Ontario,16–65 (all),Men,Literacy,268.7,21.3,28.7,50.0
2022,Ontario,16–65 (all),Total,Literacy,269.0,20.8,28.9,50.3
2022,Ontario,16–65 (all),Women,Literacy,269.3,20.2,29.1,50.6
2022,Ontario,25–34,Men,Literacy,281.2,16.4,26.3,57.3
2022,Ontario,25–34,Total,Literacy,282.7,14.0,24.0,62.0
2022,Ontario,25–34,Women,Literacy,284.2,11.5,21.6,66.9
2022,Ontario,35–44,Men,Literacy,277.0,15.1,29.8,55.1
2022,Ontario,35–44,Total,Literacy,270.5,19.8,30.6,49.6
2022,Ontario,35–44,Women,Literacy,264.1,24.5,31.4,44.1
2022,Ontario,45–54,Men,Literacy,265.5,25.2,24.7,50.1
2022,Ontario,45–54,Total,Literacy,263.4,26.9,23.8,49.3
2022,Ontario,45–54,Women,Literacy,261.5,28.5,22.9,48.7
2022,Ontario,55–65,Men,Literacy,244.3,36.6,30.4,33.0
2022,Ontario,55–65,Total,Literacy,252.4,30.6,31.8,37.6
2022,Ontario,55–65,Women,Literacy,260.3,24.9,33.1,42.0
2022,Ontario,16–24,Men,Numeracy,281.3,11.6,27.0,61.4
2022,Ontario,16–24,Total,Numeracy,275.4,15.0,34.3,50.7
2022,Ontario,16–24,Women,Numeracy,269.1,18.7,42.1,39.2
2022,Ontario,16–65 (all),Men,Numeracy,277.5,17.5,26.4,56.1
2022,Ontario,16–65 (all),Total,Numeracy,270.3,20.8,30.0,49.2
2022,Ontario,16–65 (all),Women,Numeracy,263.2,24.1,33.5,42.3
2022,Ontario,25–34,Men,Numeracy,293.0,10.2,26.2,63.6
2022,Ontario,25–34,Total,Numeracy,287.1,11.4,27.9,60.6
2022,Ontario,25–34,Women,Numeracy,280.9,12.7,29.7,57.6
2022,Ontario,35–44,Men,Numeracy,283.1,15.8,25.6,58.6
2022,Ontario,35–44,Total,Numeracy,270.3,21.9,29.9,48.2
2022,Ontario,35–44,Women,Numeracy,257.6,27.9,34.1,38.0
2022,Ontario,45–54,Men,Numeracy,273.8,19.6,24.4,56.0
2022,Ontario,45–54,Total,Numeracy,264.6,25.3,24.9,49.9
2022,Ontario,45–54,Women,Numeracy,255.9,30.6,25.3,44.1
2022,Ontario,55–65,Men,Numeracy,256.0,29.6,28.6,41.8
2022,Ontario,55–65,Total,Numeracy,254.6,30.0,33.0,37.0
2022,Ontario,55–65,Women,Numeracy,253.2,30.3,37.3,32.4
2022,Prince Edward Island,16–24,Men,Adaptive problem solving,257.6,17.0,50.2,32.8
2022,Prince Edward Island,16–24,Total,Adaptive problem solving,256.9,15.5,55.2,29.4
2022,Prince Edward Island,16–24,Women,Adaptive problem solving,256.0,13.7,60.8,25.4
2022,Prince Edward Island,16–65 (all),Men,Adaptive problem solving,260.0,20.7,41.5,37.8
2022,Prince Edward Island,16–65 (all),Total,Adaptive problem solving,259.3,19.9,43.9,36.1
2022,Prince Edward Island,16–65 (all),Women,Adaptive problem solving,258.5,19.2,46.4,34.4
2022,Prince Edward Island,25–34,Men,Adaptive problem solving,273.4,15.2,30.1,54.7
2022,Prince Edward Island,25–34,Total,Adaptive problem solving,273.0,11.4,38.9,49.7
2022,Prince Edward Island,25–34,Women,Adaptive problem solving,272.5,7.3,48.5,44.3
2022,Prince Edward Island,35–44,Men,Adaptive problem solving,272.2,11.4,40.5,48.1
2022,Prince Edward Island,35–44,Total,Adaptive problem solving,268.3,15.1,37.5,47.4
2022,Prince Edward Island,35–44,Women,Adaptive problem solving,264.7,18.6,34.6,46.8
2022,Prince Edward Island,45–54,Men,Adaptive problem solving,254.5,26.1,41.8,32.1
2022,Prince Edward Island,45–54,Total,Adaptive problem solving,258.3,22.3,43.0,34.6
2022,Prince Edward Island,45–54,Women,Adaptive problem solving,261.9,18.8,44.2,37.0
2022,Prince Edward Island,55–65,Men,Adaptive problem solving,244.4,32.0,45.1,22.8
2022,Prince Edward Island,55–65,Total,Adaptive problem solving,242.6,33.0,45.0,21.9
2022,Prince Edward Island,55–65,Women,Adaptive problem solving,241.0,34.0,45.0,21.1
2022,Prince Edward Island,16–24,Men,Literacy,258.8,23.0,39.6,37.4
2022,Prince Edward Island,16–24,Total,Literacy,259.7,19.6,43.1,37.3
2022,Prince Edward Island,16–24,Women,Literacy,260.6,15.7,47.0,37.3
2022,Prince Edward Island,16–65 (all),Men,Literacy,264.9,23.0,32.3,44.7
2022,Prince Edward Island,16–65 (all),Total,Literacy,266.8,20.4,32.8,46.8
2022,Prince Edward Island,16–65 (all),Women,Literacy,268.7,17.8,33.4,48.8
2022,Prince Edward Island,25–34,Men,Literacy,273.1,17.8,31.1,51.2
2022,Prince Edward Island,25–34,Total,Literacy,276.9,13.8,30.5,55.7
2022,Prince Edward Island,25–34,Women,Literacy,281.0,9.5,29.8,60.6
2022,Prince Edward Island,35–44,Men,Literacy,278.8,12.6,35.3,52.1
2022,Prince Edward Island,35–44,Total,Literacy,277.2,14.6,30.1,55.2
2022,Prince Edward Island,35–44,Women,Literacy,275.6,16.6,25.3,58.1
2022,Prince Edward Island,45–54,Men,Literacy,263.7,23.0,32.7,44.3
2022,Prince Edward Island,45–54,Total,Literacy,271.3,19.6,31.6,48.8
2022,Prince Edward Island,45–54,Women,Literacy,278.4,16.4,30.5,53.1
2022,Prince Edward Island,55–65,Men,Literacy,252.6,36.2,24.1,39.8
2022,Prince Edward Island,55–65,Total,Literacy,251.9,32.1,29.7,38.2
2022,Prince Edward Island,55–65,Women,Literacy,251.2,28.3,35.0,36.7
2022,Prince Edward Island,16–24,Men,Numeracy,263.4,21.6,33.1,45.2
2022,Prince Edward Island,16–24,Total,Numeracy,258.6,21.9,39.0,39.1
2022,Prince Edward Island,16–24,Women,Numeracy,253.0,22.2,45.7,32.1
2022,Prince Edward Island,16–65 (all),Men,Numeracy,272.0,21.4,29.8,48.8
2022,Prince Edward Island,16–65 (all),Total,Numeracy,266.5,21.9,33.1,45.0
2022,Prince Edward Island,16–65 (all),Women,Numeracy,261.0,22.4,36.5,41.1
2022,Prince Edward Island,25–34,Men,Numeracy,282.6,16.2,30.8,53.0
2022,Prince Edward Island,25–34,Total,Numeracy,278.2,14.1,34.3,51.5
2022,Prince Edward Island,25–34,Women,Numeracy,273.4,11.9,38.2,49.9
2022,Prince Edward Island,35–44,Men,Numeracy,284.7,13.3,29.1,57.7
2022,Prince Edward Island,35–44,Total,Numeracy,274.4,18.6,29.3,52.1
2022,Prince Edward Island,35–44,Women,Numeracy,264.7,23.5,29.6,46.9
2022,Prince Edward Island,45–54,Men,Numeracy,272.5,24.8,26.2,49.0
2022,Prince Edward Island,45–54,Total,Numeracy,272.2,22.6,27.3,50.1
2022,Prince Edward Island,45–54,Women,Numeracy,271.9,20.6,28.3,51.2
2022,Prince Edward Island,55–65,Men,Numeracy,259.0,29.8,29.1,41.0
2022,Prince Edward Island,55–65,Total,Numeracy,251.6,30.9,35.0,34.1
2022,Prince Edward Island,55–65,Women,Numeracy,244.7,31.9,40.5,27.5
2022,Quebec,16–24,Men,Adaptive problem solving,261.7,20.7,39.0,40.3
2022,Quebec,16–24,Total,Adaptive problem solving,263.5,18.1,39.9,42.0
2022,Quebec,16–24,Women,Adaptive problem solving,265.5,15.3,40.9,43.8
2022,Quebec,16–65 (all),Men,Adaptive problem solving,255.8,25.3,37.3,37.4
2022,Quebec,16–65 (all),Total,Adaptive problem solving,254.1,25.9,38.2,35.8
2022,Quebec,16–65 (all),Women,Adaptive problem solving,252.3,26.6,39.1,34.2
2022,Quebec,25–34,Men,Adaptive problem solving,274.2,12.8,35.6,51.6
2022,Quebec,25–34,Total,Adaptive problem solving,270.6,14.5,35.0,50.5
2022,Quebec,25–34,Women,Adaptive problem solving,266.8,16.3,34.3,49.4
2022,Quebec,35–44,Men,Adaptive problem solving,266.3,18.9,32.7,48.4
2022,Quebec,35–44,Total,Adaptive problem solving,262.2,21.1,34.9,44.1
2022,Quebec,35–44,Women,Adaptive problem solving,258.1,23.2,37.0,39.7
2022,Quebec,45–54,Men,Adaptive problem solving,252.6,25.5,41.5,33.0
2022,Quebec,45–54,Total,Adaptive problem solving,248.9,28.1,41.2,30.7
2022,Quebec,45–54,Women,Adaptive problem solving,245.3,30.7,41.0,28.3
2022,Quebec,55–65,Men,Adaptive problem solving,229.5,44.2,38.4,17.4
2022,Quebec,55–65,Total,Adaptive problem solving,231.5,42.8,40.4,16.8
2022,Quebec,55–65,Women,Adaptive problem solving,233.4,41.4,42.3,16.3
2022,Quebec,16–24,Men,Literacy,271.5,18.1,31.7,50.2
2022,Quebec,16–24,Total,Literacy,274.6,16.6,30.6,52.8
2022,Quebec,16–24,Women,Literacy,277.9,15.0,29.5,55.5
2022,Quebec,16–65 (all),Men,Literacy,266.5,22.0,30.6,47.4
2022,Quebec,16–65 (all),Total,Literacy,266.7,21.8,30.0,48.2
2022,Quebec,16–65 (all),Women,Literacy,266.8,21.5,29.5,49.0
2022,Quebec,25–34,Men,Literacy,284.5,12.2,27.5,60.3
2022,Quebec,25–34,Total,Literacy,284.4,11.2,27.1,61.7
2022,Quebec,25–34,Women,Literacy,284.3,10.2,26.6,63.3
2022,Quebec,35–44,Men,Literacy,278.2,15.0,27.3,57.6
2022,Quebec,35–44,Total,Literacy,277.2,16.5,25.9,57.6
2022,Quebec,35–44,Women,Literacy,276.2,18.1,24.5,57.5
2022,Quebec,45–54,Men,Literacy,265.9,22.4,31.4,46.2
2022,Quebec,45–54,Total,Literacy,262.9,23.3,30.8,45.8
2022,Quebec,45–54,Women,Literacy,259.9,24.3,30.2,45.5
2022,Quebec,55–65,Men,Literacy,238.4,38.7,34.5,26.7
2022,Quebec,55–65,Total,Literacy,240.9,37.1,35.0,27.9
2022,Quebec,55–65,Women,Literacy,243.4,35.4,35.5,29.1
2022,Quebec,16–24,Men,Numeracy,277.4,16.7,26.5,56.8
2022,Quebec,16–24,Total,Numeracy,275.0,16.1,29.5,54.4
2022,Quebec,16–24,Women,Numeracy,272.5,15.6,32.6,51.8
2022,Quebec,16–65 (all),Men,Numeracy,275.4,19.5,25.8,54.7
2022,Quebec,16–65 (all),Total,Numeracy,267.9,22.3,28.7,49.0
2022,Quebec,16–65 (all),Women,Numeracy,260.2,25.2,31.7,43.1
2022,Quebec,25–34,Men,Numeracy,295.9,9.4,23.1,67.5
2022,Quebec,25–34,Total,Numeracy,286.9,12.1,25.8,62.1
2022,Quebec,25–34,Women,Numeracy,277.4,15.0,28.7,56.3
2022,Quebec,35–44,Men,Numeracy,287.9,13.1,23.3,63.6
2022,Quebec,35–44,Total,Numeracy,278.4,16.7,26.5,56.8
2022,Quebec,35–44,Women,Numeracy,268.7,20.5,29.7,49.8
2022,Quebec,45–54,Men,Numeracy,276.5,18.4,26.4,55.2
2022,Quebec,45–54,Total,Numeracy,264.7,23.6,29.5,46.9
2022,Quebec,45–54,Women,Numeracy,252.7,28.9,32.6,38.5
2022,Quebec,55–65,Men,Numeracy,244.7,36.5,29.3,34.2
2022,Quebec,55–65,Total,Numeracy,241.0,38.4,31.9,29.7
2022,Quebec,55–65,Women,Numeracy,237.4,40.3,34.5,25.2
2022,Saskatchewan,16–24,Men,Adaptive problem solving,260.3,12.4,52.8,34.9
2022,Saskatchewan,16–24,Total,Adaptive problem solving,259.4,14.5,52.6,32.9
2022,Saskatchewan,16–24,Women,Adaptive problem solving,258.4,16.8,52.5,30.7
2022,Saskatchewan,16–65 (all),Men,Adaptive problem solving,258.7,21.2,43.0,35.8
2022,Saskatchewan,16–65 (all),Total,Adaptive problem solving,258.8,20.3,43.8,35.9
2022,Saskatchewan,16–65 (all),Women,Adaptive problem solving,259.0,19.4,44.6,36.0
2022,Saskatchewan,25–34,Men,Adaptive problem solving,269.9,15.6,39.8,44.6
2022,Saskatchewan,25–34,Total,Adaptive problem solving,267.8,17.7,35.9,46.4
2022,Saskatchewan,25–34,Women,Adaptive problem solving,265.6,19.9,31.8,48.4
2022,Saskatchewan,35–44,Men,Adaptive problem solving,261.0,26.1,31.1,42.9
2022,Saskatchewan,35–44,Total,Adaptive problem solving,263.9,18.4,39.4,42.2
2022,Saskatchewan,35–44,Women,Adaptive problem solving,266.9,10.5,48.1,41.5
2022,Saskatchewan,45–54,Men,Adaptive problem solving,250.2,27.9,38.3,33.8
2022,Saskatchewan,45–54,Total,Adaptive problem solving,254.2,24.3,40.8,34.9
2022,Saskatchewan,45–54,Women,Adaptive problem solving,258.4,20.6,43.4,36.0
2022,Saskatchewan,55–65,Men,Adaptive problem solving,251.3,23.0,55.0,22.0
2022,Saskatchewan,55–65,Total,Adaptive problem solving,248.2,26.2,51.5,22.3
2022,Saskatchewan,55–65,Women,Adaptive problem solving,245.1,29.5,48.0,22.6
2022,Saskatchewan,16–24,Men,Literacy,267.3,11.9,44.3,43.8
2022,Saskatchewan,16–24,Total,Literacy,264.2,16.0,42.8,41.1
2022,Saskatchewan,16–24,Women,Literacy,260.9,20.5,41.2,38.2
2022,Saskatchewan,16–65 (all),Men,Literacy,266.1,19.5,34.3,46.2
2022,Saskatchewan,16–65 (all),Total,Literacy,268.1,18.6,33.4,48.0
2022,Saskatchewan,16–65 (all),Women,Literacy,270.3,17.8,32.4,49.8
2022,Saskatchewan,25–34,Men,Literacy,272.6,19.0,26.4,54.7
2022,Saskatchewan,25–34,Total,Literacy,275.4,18.3,24.3,57.5
2022,Saskatchewan,25–34,Women,Literacy,278.4,17.5,22.1,60.4
2022,Saskatchewan,35–44,Men,Literacy,268.3,20.6,29.7,49.6
2022,Saskatchewan,35–44,Total,Literacy,273.4,15.6,30.6,53.8
2022,Saskatchewan,35–44,Women,Literacy,278.7,10.5,31.5,58.1
2022,Saskatchewan,45–54,Men,Literacy,260.8,26.5,24.9,48.6
2022,Saskatchewan,45–54,Total,Literacy,266.8,22.0,28.2,49.8
2022,Saskatchewan,45–54,Women,Literacy,273.0,17.4,31.6,51.0
2022,Saskatchewan,55–65,Men,Literacy,261.0,19.0,46.5,34.4
2022,Saskatchewan,55–65,Total,Literacy,259.7,21.5,41.8,36.6
2022,Saskatchewan,55–65,Women,Literacy,258.4,24.1,37.0,38.9
2022,Saskatchewan,16–24,Men,Numeracy,262.9,20.3,36.9,42.8
2022,Saskatchewan,16–24,Total,Numeracy,256.4,26.7,35.5,37.8
2022,Saskatchewan,16–24,Women,Numeracy,249.4,33.7,34.1,32.3
2022,Saskatchewan,16–65 (all),Men,Numeracy,272.3,17.7,32.3,50.1
2022,Saskatchewan,16–65 (all),Total,Numeracy,267.2,20.5,33.4,46.1
2022,Saskatchewan,16–65 (all),Women,Numeracy,261.9,23.4,34.7,41.9
2022,Saskatchewan,25–34,Men,Numeracy,282.6,17.7,22.3,60.1
2022,Saskatchewan,25–34,Total,Numeracy,275.8,20.0,24.8,55.2
2022,Saskatchewan,25–34,Women,Numeracy,268.7,22.4,27.4,50.2
2022,Saskatchewan,35–44,Men,Numeracy,279.2,13.0,34.2,52.8
2022,Saskatchewan,35–44,Total,Numeracy,275.5,12.7,37.7,49.7
2022,Saskatchewan,35–44,Women,Numeracy,271.6,12.4,41.3,46.4
2022,Saskatchewan,45–54,Men,Numeracy,264.3,22.8,29.1,48.1
2022,Saskatchewan,45–54,Total,Numeracy,264.4,21.8,31.0,47.2
2022,Saskatchewan,45–54,Women,Numeracy,264.5,20.7,33.0,46.3
2022,Saskatchewan,55–65,Men,Numeracy,269.5,16.3,38.6,45.1
2022,Saskatchewan,55–65,Total,Numeracy,261.2,23.4,37.5,39.2
2022,Saskatchewan,55–65,Women,Numeracy,252.7,30.6,36.3,33.1
