period,sector,share
2026-07,Real estate,13.21
2026-07,Manufacturing,8.48
2026-07,Health & social assistance,8.15
2026-07,Finance & insurance,7.71
2026-07,Construction,7.24
2026-07,Public administration,7.23
2026-07,Professional & scientific,7.11
2026-07,Wholesale trade,5.49
2026-07,Retail trade,5.32
2026-07,Education,5.22
2026-07,"Mining, oil & gas",5.2
2026-07,Transportation & warehousing,4.53
2026-07,Information & culture,3.54
2026-07,Admin & support,2.6
2026-07,Accommodation & food,2.28
2026-07,Utilities,2.06
2026-07,Other services,1.91
2026-07,Agriculture & forestry,1.87
2026-07,Arts & recreation,0.83
2026-07,Management of companies,0.02
